<?xml version="1.0" encoding="utf-8"?>
<COLLADA xmlns="http://www.collada.org/2005/11/COLLADASchema" version="1.4.1" xmlns:xsi="http://www.w3.org/2001/XMLSchema-instance">
  <asset>
    <contributor>
      <author>Blender User</author>
      <authoring_tool>Blender 3.0.1</authoring_tool>
    </contributor>
    <created>2026-05-11T13:06:02</created>
    <modified>2026-05-11T13:06:02</modified>
    <unit name="meter" meter="1"/>
    <up_axis>Z_UP</up_axis>
  </asset>
  <library_effects>
    <effect id="Material_002-effect">
      <profile_COMMON>
        <technique sid="common">
          <lambert>
            <emission>
              <color sid="emission">0 0 0 1</color>
            </emission>
            <diffuse>
              <color sid="diffuse">0.8018734 0.4947914 0.03495886 1</color>
            </diffuse>
            <index_of_refraction>
              <float sid="ior">1.45</float>
            </index_of_refraction>
          </lambert>
        </technique>
      </profile_COMMON>
    </effect>
    <effect id="Material_003-effect">
      <profile_COMMON>
        <technique sid="common">
          <lambert>
            <emission>
              <color sid="emission">0 0 0 1</color>
            </emission>
            <diffuse>
              <color sid="diffuse">0.05496878 0.05496878 0.05496878 1</color>
            </diffuse>
            <index_of_refraction>
              <float sid="ior">1.45</float>
            </index_of_refraction>
          </lambert>
        </technique>
      </profile_COMMON>
    </effect>
    <effect id="Material_006-effect">
      <profile_COMMON>
        <technique sid="common">
          <lambert>
            <emission>
              <color sid="emission">0 0 0 1</color>
            </emission>
            <diffuse>
              <color sid="diffuse">0.09850398 0.09850398 0.09850398 1</color>
            </diffuse>
            <index_of_refraction>
              <float sid="ior">1.45</float>
            </index_of_refraction>
          </lambert>
        </technique>
      </profile_COMMON>
    </effect>
    <effect id="Material_005-effect">
      <profile_COMMON>
        <technique sid="common">
          <lambert>
            <emission>
              <color sid="emission">0 0 0 1</color>
            </emission>
            <diffuse>
              <color sid="diffuse">0.1024736 0.1024736 0.1024736 1</color>
            </diffuse>
            <index_of_refraction>
              <float sid="ior">1.45</float>
            </index_of_refraction>
          </lambert>
        </technique>
      </profile_COMMON>
    </effect>
    <effect id="Material_007-effect">
      <profile_COMMON>
        <technique sid="common">
          <lambert>
            <emission>
              <color sid="emission">0 0 0 1</color>
            </emission>
            <diffuse>
              <color sid="diffuse">0.8017882 0.1001707 0.00136776 1</color>
            </diffuse>
            <index_of_refraction>
              <float sid="ior">1.45</float>
            </index_of_refraction>
          </lambert>
        </technique>
      </profile_COMMON>
    </effect>
    <effect id="Material_008-effect">
      <profile_COMMON>
        <technique sid="common">
          <lambert>
            <emission>
              <color sid="emission">0 0 0 1</color>
            </emission>
            <diffuse>
              <color sid="diffuse">0.8021047 0.3166691 0.1389412 1</color>
            </diffuse>
            <index_of_refraction>
              <float sid="ior">1.45</float>
            </index_of_refraction>
          </lambert>
        </technique>
      </profile_COMMON>
    </effect>
    <effect id="Material-effect">
      <profile_COMMON>
        <technique sid="common">
          <lambert>
            <emission>
              <color sid="emission">0 0 0 1</color>
            </emission>
            <diffuse>
              <color sid="diffuse">0.8140402 0.8140402 0.8140402 1</color>
            </diffuse>
            <index_of_refraction>
              <float sid="ior">1.45</float>
            </index_of_refraction>
          </lambert>
        </technique>
      </profile_COMMON>
    </effect>
    <effect id="Material_010-effect">
      <profile_COMMON>
        <technique sid="common">
          <lambert>
            <emission>
              <color sid="emission">0 0 0 1</color>
            </emission>
            <diffuse>
              <color sid="diffuse">0 0 0 1</color>
            </diffuse>
            <index_of_refraction>
              <float sid="ior">1.45</float>
            </index_of_refraction>
          </lambert>
        </technique>
      </profile_COMMON>
    </effect>
    <effect id="Material_009-effect">
      <profile_COMMON>
        <technique sid="common">
          <lambert>
            <emission>
              <color sid="emission">0 0 0 1</color>
            </emission>
            <diffuse>
              <color sid="diffuse">0.008075775 0.008075775 0.008075775 1</color>
            </diffuse>
            <index_of_refraction>
              <float sid="ior">1.45</float>
            </index_of_refraction>
          </lambert>
        </technique>
      </profile_COMMON>
    </effect>
  </library_effects>
  <library_images/>
  <library_materials>
    <material id="Material_002-material" name="Material.002">
      <instance_effect url="#Material_002-effect"/>
    </material>
    <material id="Material_003-material" name="Material.003">
      <instance_effect url="#Material_003-effect"/>
    </material>
    <material id="Material_006-material" name="Material.006">
      <instance_effect url="#Material_006-effect"/>
    </material>
    <material id="Material_005-material" name="Material.005">
      <instance_effect url="#Material_005-effect"/>
    </material>
    <material id="Material_007-material" name="Material.007">
      <instance_effect url="#Material_007-effect"/>
    </material>
    <material id="Material_008-material" name="Material.008">
      <instance_effect url="#Material_008-effect"/>
    </material>
    <material id="Material-material" name="Material">
      <instance_effect url="#Material-effect"/>
    </material>
    <material id="Material_010-material" name="Material.010">
      <instance_effect url="#Material_010-effect"/>
    </material>
    <material id="Material_009-material" name="Material.009">
      <instance_effect url="#Material_009-effect"/>
    </material>
  </library_materials>
  <library_geometries>
    <geometry id="Cylinder_007-mesh" name="Cylinder.007">
      <mesh>
        <source id="Cylinder_007-mesh-positions">
          <float_array id="Cylinder_007-mesh-positions-array" count="2814">0 1 -1 0 1 1 0.1950903 0.9807853 -1 0.1950903 0.9807853 1 0.3826835 0.9238795 -1 0.3826835 0.9238795 1 0.5555703 0.8314696 -1 0.5555703 0.8314696 1 0.7071068 0.7071068 -1 0.7071068 0.7071068 1 0.8314696 0.5555703 -1 0.8314696 0.5555703 1 0.9238795 0.3826834 -1 0.9238795 0.3826834 1 0.9807853 0.1950903 -1 0.9807853 0.1950903 1 1 0 -1 0.9807853 -0.1950903 -1 0.9238796 -0.3826834 -1 0.9238796 -0.3826834 1 0.8314697 -0.5555702 -1 0.8314697 -0.5555702 1 0.7071068 -0.7071068 -1 0.7071068 -0.7071068 1 0.5555702 -0.8314697 -1 0.5555702 -0.8314697 1 0.3826835 -0.9238795 -1 0.3826835 -0.9238795 1 0.1950903 -0.9807853 -1 0.1950903 -0.9807853 1 0 -1 -1 0 -1 1 -0.1950902 -0.9807853 -1 -0.1950902 -0.9807853 1 -0.3826834 -0.9238795 -1 -0.3826834 -0.9238795 1 -0.5555703 -0.8314695 -1 -0.5555703 -0.8314695 1 -0.7071067 -0.7071068 -1 -0.7071067 -0.7071068 1 -0.8314695 -0.5555704 -1 -0.8314695 -0.5555704 1 -0.9238795 -0.3826836 -1 -0.9238795 -0.3826836 1 -0.9807853 -0.1950904 -1 -1 0 -1 -0.9807853 0.1950904 -1 -0.9807853 0.1950904 1 -0.9238795 0.3826836 -1 -0.9238795 0.3826836 1 -0.8314697 0.5555701 -1 -0.8314697 0.5555701 1 -0.7071069 0.7071067 -1 -0.7071069 0.7071067 1 -0.5555703 0.8314696 -1 -0.5555703 0.8314696 1 -0.3826834 0.9238796 -1 -0.3826834 0.9238796 1 -0.1950902 0.9807853 -1 -0.1950902 0.9807853 1 0.2264537 19.94749 -0.9600644 0.2264537 19.94749 0.9647323 0.4215441 19.92827 -0.9600644 0.4215441 19.92827 0.9647323 0.6091372 19.87137 -0.9600644 0.6091372 19.87137 0.9647323 0.782024 19.77896 -0.9600644 0.782024 19.77896 0.9647323 0.9335605 19.6546 -0.9600644 0.9335605 19.6546 0.9647323 1.057923 19.50306 -0.9600644 1.057923 19.50306 0.9647323 1.150333 19.33017 -0.9600644 1.150333 19.33017 0.9647323 1.207239 19.14258 -0.9600644 1.207239 19.14258 0.9647323 1.226454 18.94749 -0.9600644 1.207239 18.7524 -0.9600644 1.150333 18.5648 -0.9600644 1.150333 18.5648 0.9647323 1.057923 18.39192 -0.9600644 1.057923 18.39192 0.9647323 0.9335605 18.24038 -0.9600644 0.9335605 18.24038 0.9647323 0.7820239 18.11602 -0.9600644 0.7820239 18.11602 0.9647323 0.6091372 18.02361 -0.9600644 0.6091372 18.02361 0.9647323 0.4215441 17.9667 -0.9600644 0.4215441 17.9667 0.9647323 0.2264537 17.94749 -0.9600644 0.2264537 17.94749 0.9647323 0.03136354 17.9667 -0.9600644 0.03136354 17.9667 0.9647323 -0.1562296 18.02361 -0.9600644 -0.1562296 18.02361 0.9647323 -0.3291165 18.11602 -0.9600644 -0.3291165 18.11602 0.9647323 -0.4806529 18.24038 -0.9600644 -0.4806529 18.24038 0.9647323 -0.6050156 18.39192 -0.9600644 -0.6050156 18.39192 0.9647323 -0.6974257 18.5648 -0.9600644 -0.6974257 18.5648 0.9647323 -0.7543314 18.7524 -0.9600644 -0.7735462 18.94749 -0.9600644 -0.7543314 19.14258 -0.9600644 -0.7543314 19.14258 0.9647323 -0.6974256 19.33017 -0.9600644 -0.6974256 19.33017 0.9647323 -0.6050159 19.50306 -0.9600644 -0.6050159 19.50306 0.9647323 -0.4806531 19.6546 -0.9600644 -0.4806531 19.6546 0.9647323 -0.3291165 19.77896 -0.9600644 -0.3291165 19.77896 0.9647323 -0.1562296 19.87137 -0.9600644 -0.1562296 19.87137 0.9647323 0.03136354 19.92827 -0.9600644 0.03136354 19.92827 0.9647323 -18.34728 20.03495 -0.8672563 -18.34728 20.03495 1.05754 -18.15218 20.01574 -0.8672563 -18.15218 20.01574 1.05754 -17.96459 19.95883 -0.8672563 -17.96459 19.95883 1.05754 -17.7917 19.86642 -0.8672563 -17.7917 19.86642 1.05754 -17.64017 19.74206 -0.8672563 -17.64017 19.74206 1.05754 -17.51581 19.59052 -0.8672563 -17.51581 19.59052 1.05754 -17.4234 19.41763 -0.8672563 -17.4234 19.41763 1.05754 -17.36649 19.23004 -0.8672563 -17.34728 19.03495 -0.8672563 -17.36649 18.83986 -0.8672563 -17.36649 18.83986 1.05754 -17.4234 18.65227 -0.8672563 -17.4234 18.65227 1.05754 -17.51581 18.47938 -0.8672563 -17.51581 18.47938 1.05754 -17.64017 18.32784 -0.8672563 -17.64017 18.32784 1.05754 -17.7917 18.20348 -0.8672563 -17.7917 18.20348 1.05754 -17.96459 18.11107 -0.8672563 -17.96459 18.11107 1.05754 -18.15218 18.05417 -0.8672563 -18.15218 18.05417 1.05754 -18.34728 18.03495 -0.8672563 -18.34728 18.03495 1.05754 -18.54236 18.05417 -0.8672563 -18.54236 18.05417 1.05754 -18.72996 18.11107 -0.8672563 -18.72996 18.11107 1.05754 -18.90285 18.20348 -0.8672563 -18.90285 18.20348 1.05754 -19.05438 18.32784 -0.8672563 -19.05438 18.32784 1.05754 -19.17874 18.47938 -0.8672563 -19.17874 18.47938 1.05754 -19.27116 18.65227 -0.8672563 -19.27116 18.65227 1.05754 -19.32806 18.83986 -0.8672563 -19.32806 18.83986 1.05754 -19.34728 19.03495 -0.8672563 -19.32806 19.23004 -0.8672563 -19.27116 19.41763 -0.8672563 -19.27116 19.41763 1.05754 -19.17875 19.59052 -0.8672563 -19.17875 19.59052 1.05754 -19.05438 19.74206 -0.8672563 -19.05438 19.74206 1.05754 -18.90285 19.86642 -0.8672563 -18.90285 19.86642 1.05754 -18.72996 19.95883 -0.8672563 -18.72996 19.95883 1.05754 -18.54236 20.01574 -0.8672563 -18.54236 20.01574 1.05754 -18.45635 1.117168 -0.9550847 -18.45635 1.117168 0.969712 -18.26126 1.097954 -0.9550847 -18.26126 1.097954 0.969712 -18.07367 1.041048 -0.9550847 -18.07367 1.041048 0.969712 -17.90078 0.948638 -0.9550847 -17.90078 0.948638 0.969712 -17.74924 0.8242752 -0.9550847 -17.74924 0.8242752 0.969712 -17.62488 0.6727387 -0.9550847 -17.62488 0.6727387 0.969712 -17.53247 0.4998518 -0.9550847 -17.53247 0.4998518 0.969712 -17.47556 0.3122588 -0.9550847 -17.45635 0.1171684 -0.9550847 -17.47556 -0.07792186 -0.9550847 -17.47556 -0.07792186 0.969712 -17.53247 -0.265515 -0.9550847 -17.53247 -0.265515 0.969712 -17.62488 -0.4384018 -0.9550847 -17.62488 -0.4384018 0.969712 -17.74924 -0.5899384 -0.9550847 -17.74924 -0.5899384 0.969712 -17.90078 -0.7143012 -0.9550847 -17.90078 -0.7143012 0.969712 -18.07367 -0.8067111 -0.9550847 -18.07367 -0.8067111 0.969712 -18.26126 -0.8636169 -0.9550847 -18.26126 -0.8636169 0.969712 -18.45635 -0.8828316 -0.9550847 -18.45635 -0.8828316 0.969712 -18.65144 -0.8636169 -0.9550847 -18.65144 -0.8636169 0.969712 -18.83903 -0.8067111 -0.9550847 -18.83903 -0.8067111 0.969712 -19.01192 -0.7143011 -0.9550847 -19.01192 -0.7143011 0.969712 -19.16346 -0.5899384 -0.9550847 -19.16346 -0.5899384 0.969712 -19.28782 -0.438402 -0.9550847 -19.28782 -0.438402 0.969712 -19.38023 -0.2655152 -0.9550847 -19.38023 -0.2655152 0.969712 -19.43713 -0.07792192 -0.9550847 -19.43713 -0.07792192 0.969712 -19.45635 0.1171684 -0.9550847 -19.43713 0.3122588 -0.9550847 -19.38023 0.499852 -0.9550847 -19.38023 0.499852 0.969712 -19.28782 0.6727385 -0.9550847 -19.28782 0.6727385 0.969712 -19.16346 0.8242751 -0.9550847 -19.16346 0.8242751 0.969712 -19.01192 0.948638 -0.9550847 -19.01192 0.948638 0.969712 -18.83903 1.041048 -0.9550847 -18.83903 1.041048 0.969712 -18.65144 1.097954 -0.9550847 -18.65144 1.097954 0.969712 0.9616932 -0.2580287 1 0.961693 -0.2580287 0.848506 -0.9616931 -0.2580287 0.848506 0.986861 0.1334025 1 -0.986861 0.1334025 1 0.9868606 0.1334025 0.848506 -0.986861 0.1334025 0.848506 0.9807853 -0.1950903 0.8485059 1 0 0.8485059 -1 0 0.8485061 -0.9807853 -0.1950904 0.8485061 -0.9616932 -0.2580287 1 1.182384 18.67046 0.9647323 1.182384 18.67046 0.8455279 -0.7294762 18.67046 0.8455278 1.215186 19.06189 0.9647323 -0.7622785 19.06189 0.9647323 1.215186 19.06189 0.8455278 -0.7622785 19.06189 0.8455278 1.226454 18.94749 0.8455279 1.207239 18.7524 0.8455279 -0.7543314 18.7524 0.845528 -0.7735462 18.94749 0.845528 -0.7294762 18.67046 0.9647323 -17.36475 18.8575 1.05754 -17.36475 18.85751 0.8708904 -19.3298 18.8575 0.8708905 -17.37222 19.24893 1.05754 -17.37222 19.24893 0.8708904 -19.32233 19.24893 1.05754 -19.32233 19.24893 0.8708904 -17.34728 19.03495 0.8708906 -17.36649 19.23004 0.8708904 -19.34728 19.03495 0.8708904 -19.32806 19.23004 0.8708904 -19.3298 18.8575 1.05754 -17.46495 0.0298016 0.8362127 -17.46496 0.0298016 0.9697121 -19.44774 0.0298016 0.8362126 -17.50862 0.4212329 0.969712 -17.50862 0.4212329 0.8362127 -19.40408 0.4212329 0.8362126 -19.40408 0.4212329 0.969712 -17.45635 0.1171684 0.8362127 -17.47556 0.3122588 0.8362127 -19.45635 0.1171684 0.8362131 -19.43713 0.3122588 0.8362131 -19.44774 0.0298016 0.969712 5.324945 25.60207 0.4120373 6.65251 24.2508 0.4120373 5.555474 25.58154 0.4120373 5.778999 25.52058 0.4120373 5.988728 25.42104 0.4120373 6.178287 25.28594 0.4120373 6.341919 25.11938 0.4120373 6.47465 24.92644 0.4120373 6.572448 24.71296 0.4120373 6.63234 24.48545 0.4120373 6.65251 24.2508 0.7620004 5.324945 25.60207 0.7620004 6.63234 24.48545 0.7620004 6.572448 24.71296 0.7620004 6.47465 24.92644 0.7620004 6.341919 25.11938 0.7620004 6.178287 25.28594 0.7620004 5.988728 25.42104 0.7620004 5.778999 25.52058 0.7620004 5.555474 25.58154 0.7620004 -24.87906 24.01301 0.4120373 -23.31787 25.60207 0.4120373 -24.85534 24.28894 0.4120373 -24.78491 24.5565 0.4120373 -24.6699 24.80754 0.4120373 -24.51381 25.03444 0.4120373 -24.32139 25.2303 0.4120373 -24.09847 25.38918 0.4120373 -23.85183 25.50624 0.4120373 -23.58897 25.57793 0.4120373 -23.31787 25.60207 0.7620004 -24.87906 24.01301 0.7620004 -23.58897 25.57793 0.7620004 -23.85183 25.50624 0.7620004 -24.09847 25.38918 0.7620004 -24.32139 25.2303 0.7620004 -24.51381 25.03444 0.7620004 -24.6699 24.80754 0.7620004 -24.78491 24.5565 0.7620004 -24.85534 24.28894 0.7620004 -23.59208 -6.492639 0.4120373 -24.87906 -5.182678 0.4120373 -23.81556 -6.472737 0.4120373 -24.03225 -6.413639 0.4120373 -24.23557 -6.317137 0.4120373 -24.41933 -6.186166 0.4120373 -24.57796 -6.024704 0.4120373 -24.70664 -5.837658 0.4120373 -24.80144 -5.630711 0.4120373 -24.85951 -5.41015 0.4120373 -24.87906 -5.182678 0.7620004 -23.59208 -6.492639 0.7620004 -24.85951 -5.41015 0.7620004 -24.80144 -5.630711 0.7620004 -24.70664 -5.837658 0.7620004 -24.57796 -6.024704 0.7620004 -24.41933 -6.186166 0.7620004 -24.23557 -6.317137 0.7620004 -24.03225 -6.413639 0.7620004 -23.81556 -6.472737 0.7620004 6.65251 -5.217932 0.4120373 5.400169 -6.492639 0.4120373 6.633482 -5.439281 0.4120373 6.576983 -5.653906 0.4120373 6.484727 -5.855285 0.4120373 6.359516 -6.037296 0.4120373 6.205157 -6.194412 0.4120373 6.026339 -6.321859 0.4120373 5.828493 -6.415763 0.4120373 5.617635 -6.473271 0.4120373 5.400169 -6.492639 0.7620004 6.65251 -5.217932 0.7620004 5.617635 -6.473271 0.7620004 5.828493 -6.415763 0.7620004 6.026339 -6.321859 0.7620004 6.205157 -6.194412 0.7620004 6.359516 -6.037296 0.7620004 6.484727 -5.855285 0.7620004 6.576983 -5.653906 0.7620004 6.633482 -5.439281 0.7620004 -12.0909 2.187449 0.5260153 -12.0909 16.92199 0.5260153 -6.135643 2.187449 0.5260153 -6.135643 16.92199 0.5260153 -6.135643 6.140741 0.7141461 -6.135643 6.22797 0.5260153 -12.0909 6.140741 0.7121987 -12.0909 6.227066 0.5260153 -6.135643 12.88147 0.5260153 -6.135643 12.96869 0.7141461 -12.0909 12.96869 0.7121992 -12.0909 12.88237 0.5260153 -6.135643 6.073857 1.158432 -12.0909 6.073857 1.156484 -6.135643 13.03558 1.158432 -12.0909 13.03558 1.156485 -6.135643 6.14074 1.602717 -12.0909 6.140741 1.60077 -6.135643 6.338822 2.029929 -12.0909 6.338822 2.027982 -6.135643 12.96869 1.602717 -12.0909 12.96869 1.60077 -6.135643 6.660488 2.42365 -12.0909 6.660488 2.421703 -6.135643 12.77061 2.029929 -12.0909 12.77061 2.027982 -6.135643 12.44895 2.42365 -12.0909 12.44895 2.421703 -6.135643 7.093378 2.768749 -12.0909 7.093378 2.766802 -6.135643 7.620855 3.051965 -12.0909 7.620855 3.050018 -6.135643 12.01606 2.768749 -12.0909 12.01606 2.766802 -6.135643 11.48858 3.051965 -12.0909 11.48858 3.050017 -6.135643 8.22265 3.262413 -12.0909 8.22265 3.260466 -6.135643 10.88678 3.262413 -12.0909 10.88678 3.260466 -6.135643 8.875636 3.392006 -12.0909 8.875636 3.390059 -6.135643 10.2338 3.392006 -12.0909 10.2338 3.390059 -6.135643 9.554718 3.435765 -12.0909 9.554718 3.433817 -6.135643 13.73807 1.775154 -12.0909 13.73807 1.775154 -6.135645 5.358483 1.775038 -12.0909 5.358483 1.775038 -12.0909 11.91118 9.684072 -6.135643 11.91118 3.525743 -12.0909 11.91118 3.525743 -6.135643 11.91118 9.684072 -6.135643 7.064776 3.525707 -12.0909 7.064776 3.525707 -12.0909 7.064775 9.684072 -6.135643 7.064775 9.684072 -6.135643 16.92199 0.753974 -6.135643 15.27899 1.775154 -6.135643 16.89702 0.9313002 -6.135643 16.8229 1.103238 -6.135643 16.70187 1.264564 -6.135643 16.5376 1.410376 -6.135643 16.33509 1.536244 -6.135643 16.10049 1.638342 -6.135643 15.84093 1.71357 -6.135643 15.56429 1.75964 -12.0909 15.27899 1.775154 -12.0909 16.92199 0.753974 -12.0909 15.56429 1.75964 -12.0909 15.84093 1.71357 -12.0909 16.10049 1.638342 -12.0909 16.33509 1.536244 -12.0909 16.5376 1.410376 -12.0909 16.70187 1.264564 -12.0909 16.8229 1.103238 -12.0909 16.89702 0.9313002 -6.135644 4.297536 1.775038 -6.135643 2.187449 0.5260153 -6.135644 3.931124 1.756062 -6.135644 3.575845 1.699712 -6.135643 3.242493 1.6077 -6.135643 2.941199 1.482822 -6.135643 2.681116 1.328871 -6.135643 2.470148 1.150527 -6.135643 2.314703 0.9532061 -6.135643 2.219507 0.7429056 -12.0909 2.187449 0.5260153 -12.0909 4.297536 1.775038 -12.0909 2.219507 0.7429051 -12.0909 2.314703 0.9532056 -12.0909 2.470148 1.150526 -12.0909 2.681116 1.328871 -12.0909 2.941199 1.482822 -12.0909 3.242493 1.6077 -12.0909 3.575845 1.699712 -12.0909 3.931124 1.756062 -12.0909 5.358483 3.039077 -12.0909 6.14143 3.525707 -12.0909 5.370378 3.123579 -12.0909 5.405701 3.205514 -12.0909 5.463378 3.282392 -12.0909 5.541658 3.351877 -12.0909 5.638162 3.411857 -12.0909 5.749957 3.460511 -12.0909 5.873647 3.496359 -12.0909 6.005473 3.518314 -6.135643 6.141429 3.525706 -6.135644 5.358483 3.039076 -6.135644 6.005472 3.518313 -6.135644 5.873646 3.496359 -6.135644 5.749956 3.46051 -6.135644 5.638161 3.411857 -6.135644 5.541658 3.351876 -6.135644 5.463378 3.282391 -6.135644 5.405701 3.205513 -6.135644 5.370378 3.123579 -6.135643 13.73807 3.082773 -6.135643 13.02537 3.525743 -6.135643 13.72724 3.159694 -6.135643 13.69509 3.234278 -6.135643 13.64258 3.304258 -6.135643 13.57133 3.367509 -6.135643 13.48348 3.422108 -6.135643 13.38172 3.466396 -6.135643 13.26912 3.499029 -6.135643 13.14913 3.519013 -12.0909 13.02537 3.525743 -12.0909 13.73807 3.082772 -12.0909 13.14913 3.519013 -12.0909 13.26912 3.499028 -12.0909 13.38172 3.466396 -12.0909 13.48348 3.422107 -12.0909 13.57133 3.367508 -12.0909 13.64258 3.304258 -12.0909 13.69509 3.234277 -12.0909 13.72724 3.159693 11.17202 0.6751728 9.896454 11.17202 18.43426 9.896454 -12.08265 0.1937589 9.661974 -12.08265 0.1937589 10.85102 -12.08265 18.91568 9.661974 -12.08265 18.91568 10.85102 11.17202 18.43426 10.85102 11.17202 0.6751728 10.85102 -12.08265 0.6751728 9.896454 -12.08265 18.43426 9.896454 -12.08265 18.43426 10.85102 -12.08265 0.6751728 10.85102 11.56602 1.450946 9.661974 9.977998 0.1937589 9.661974 11.54189 1.232638 9.661974 11.47025 1.020963 9.661974 11.35326 0.8223524 9.661974 11.19449 0.6428423 9.661974 10.99876 0.4878855 9.661974 10.77201 0.3621903 9.661974 10.52113 0.269577 9.661974 10.25375 0.2128591 9.661974 9.977998 0.1937589 10.85102 11.56602 1.450946 10.85102 10.25375 0.2128591 10.85102 10.52113 0.269577 10.85102 10.77201 0.3621903 10.85102 10.99876 0.4878855 10.85102 11.19449 0.6428423 10.85102 11.35326 0.8223524 10.85102 11.47025 1.020963 10.85102 11.54189 1.232638 10.85102 10.13399 18.91568 9.661974 11.56602 17.78198 9.661974 10.38266 18.89845 9.661974 10.62377 18.84731 9.661974 10.85 18.76379 9.661974 11.05448 18.65044 9.661974 11.23099 18.51071 9.661974 11.37416 18.34883 9.661974 11.47966 18.16973 9.661974 11.54426 17.97885 9.661974 11.56602 17.78198 10.85102 10.13399 18.91568 10.85102 11.54426 17.97885 10.85102 11.47966 18.16973 10.85102 11.37416 18.34883 10.85102 11.23099 18.51071 10.85102 11.05448 18.65044 10.85102 10.85 18.76379 10.85102 10.62377 18.84731 10.85102 10.38266 18.89845 10.85102 2.576934 14.23753 9.896454 2.576934 14.23753 9.661974 11.56602 14.23753 10.85102 11.17202 14.23753 10.85102 11.56602 14.23753 9.661974 11.17202 14.23752 9.896454 2.576934 4.871909 9.896454 2.576934 4.871909 9.661974 11.56602 4.871909 10.85102 11.17202 4.871908 10.85102 11.56602 4.871909 9.661974 11.17202 4.871908 9.896454 -7.936738 0.1937589 9.942682 -7.936738 0.1937589 10.85102 -7.936739 0.6751728 10.85102 -7.936738 0.6751728 9.942682 -2.018712 0.1937589 10.85102 -2.018711 0.1937589 9.942682 -2.018713 0.6751728 10.85102 -2.018711 0.6751728 9.942682 -2.018739 18.43426 10.85102 -2.018739 18.43426 9.942607 -2.018738 18.91568 10.85102 -2.018739 18.91568 9.942607 -7.936768 18.43426 10.85102 -7.936767 18.43426 9.942607 -7.936767 18.91568 10.85102 -7.936767 18.91568 9.942607 11.05389 1.838106 10.12295 8.869668 0.6751795 10.12295 11.02071 1.636165 10.12295 10.92217 1.440361 10.12295 10.76126 1.256642 10.12295 10.54288 1.09059 10.12295 10.27366 0.9472513 10.12295 9.961781 0.8309813 10.12295 9.616719 0.7453117 10.12295 9.248955 0.6928463 10.12295 8.869668 0.6751795 10.85899 11.05389 1.838106 10.85899 9.248955 0.6928463 10.85899 9.616719 0.7453117 10.85899 9.961781 0.8309813 10.85899 10.27366 0.9472513 10.85899 10.54288 1.09059 10.85899 10.76126 1.256642 10.85899 10.92217 1.440361 10.85899 11.02071 1.636165 10.85899 8.195958 18.43425 10.12295 11.05389 16.91263 10.12295 8.692233 18.41114 10.12295 9.17343 18.34249 10.12295 9.624926 18.2304 10.12295 10.033 18.07826 10.12295 10.38526 17.89071 10.12295 10.671 17.67344 10.12295 10.88154 17.43306 10.12295 11.01047 17.17686 10.12295 11.05389 16.91263 10.85899 8.195958 18.43425 10.85899 11.01047 17.17686 10.85899 10.88154 17.43306 10.85899 10.671 17.67344 10.85899 10.38526 17.89071 10.85899 10.033 18.07826 10.85899 9.624926 18.2304 10.85899 9.17343 18.34249 10.85899 8.692233 18.41114 10.85899 -22.30146 17.0395 10.12295 -19.68181 18.43425 10.12295 -22.26167 17.2817 10.12295 -22.14348 17.51654 10.12295 -21.9505 17.73688 10.12295 -21.68858 17.93603 10.12295 -21.36569 18.10795 10.12295 -20.99164 18.2474 10.12295 -20.57779 18.35014 10.12295 -20.13671 18.41307 10.12295 -19.68181 18.43425 10.85899 -22.30146 17.0395 10.85899 -20.13671 18.41307 10.85899 -20.57779 18.35014 10.85899 -20.99164 18.2474 10.85899 -21.36569 18.10795 10.85899 -21.68858 17.93603 10.85899 -21.9505 17.73688 10.85899 -22.14348 17.51654 10.85899 -22.26167 17.2817 10.85899 -19.16096 0.6751795 10.12295 -22.30146 2.347249 10.12295 -19.7063 0.7005816 10.12295 -20.23507 0.7760172 10.12295 -20.73121 0.8991938 10.12295 -21.17964 1.066369 10.12295 -21.56673 1.272463 10.12295 -21.88072 1.511214 10.12295 -22.11207 1.775367 10.12295 -22.25375 2.056897 10.12295 -22.30146 2.347249 10.85899 -19.16096 0.6751795 10.85899 -22.25375 2.056897 10.85899 -22.11207 1.775367 10.85899 -21.88072 1.511214 10.85899 -21.56673 1.272463 10.85899 -21.17964 1.066369 10.85899 -20.73121 0.8991938 10.85899 -20.23507 0.7760172 10.85899 -19.7063 0.7005816 10.85899 -15.88509 17.36591 10.66379 -14.99597 16.23531 10.66379 -15.7307 17.34874 10.66379 -15.58099 17.29773 10.66379 -15.44053 17.21444 10.66379 -15.31357 17.1014 10.66379 -15.20398 16.96205 10.66379 -15.11509 16.80061 10.66379 -15.04959 16.622 10.66379 -15.00948 16.43164 10.66379 -14.99597 16.23531 11.22874 -15.88509 17.36591 11.22874 -15.00948 16.43164 11.22874 -15.04959 16.622 11.22874 -15.11509 16.80061 11.22874 -15.20398 16.96205 11.22874 -15.31357 17.1014 11.22874 -15.44053 17.21444 11.22874 -15.58099 17.29773 11.22874 -15.7307 17.34874 11.22874 -19.65383 6.971899 10.66379 -21.00633 8.691735 10.66379 -19.88869 6.998027 10.66379 -20.11641 7.075617 10.66379 -20.33008 7.202313 10.66379 -20.5232 7.374264 10.66379 -20.6899 7.586245 10.66379 -20.82513 7.831817 10.66379 -20.92476 8.103516 10.66379 -20.98578 8.393088 10.66379 -21.00633 8.691735 11.22874 -19.65383 6.971899 11.22874 -20.98578 8.393088 11.22874 -20.92476 8.103516 11.22874 -20.82513 7.831817 11.22874 -20.6899 7.586245 11.22874 -20.5232 7.374264 11.22874 -20.33008 7.202313 11.22874 -20.11641 7.075617 11.22874 -19.88869 6.998027 11.22874 -14.99597 8.796673 10.66379 -16.43099 6.971899 10.66379 -15.01777 8.479804 10.66379 -15.08251 8.172564 10.66379 -15.18823 7.884286 10.66379 -15.3317 7.623731 10.66379 -15.50858 7.398815 10.66379 -15.71348 7.216372 10.66379 -15.94019 7.081946 10.66379 -16.1818 6.999621 10.66379 -16.43099 6.971899 11.22874 -14.99597 8.796673 11.22874 -16.1818 6.999621 11.22874 -15.94019 7.081946 11.22874 -15.71348 7.216372 11.22874 -15.50858 7.398815 11.22874 -15.3317 7.623731 11.22874 -15.18823 7.884286 11.22874 -15.08251 8.172564 11.22874 -15.01777 8.479804 11.22874 -21.00633 16.01527 10.66379 -19.94417 17.36591 10.66379 -20.99019 16.24981 10.66379 -20.94227 16.47722 10.66379 -20.86403 16.69059 10.66379 -20.75783 16.88345 10.66379 -20.62691 17.04992 10.66379 -20.47525 17.18496 10.66379 -20.30745 17.28446 10.66379 -20.12861 17.34539 10.66379 -19.94417 17.36591 11.22874 -21.00633 16.01527 11.22874 -20.12861 17.34539 11.22874 -20.30745 17.28446 11.22874 -20.47525 17.18496 11.22874 -20.62691 17.04992 11.22874 -20.75783 16.88345 11.22874 -20.86403 16.69059 11.22874 -20.94227 16.47722 11.22874 -20.99019 16.24981 11.22874 -17.96236 14.90384 11.35562 -17.96236 14.90384 10.62642 -18.06488 14.91411 11.35562 -18.06488 14.91411 10.62642 -18.16347 14.94455 11.35562 -18.16347 14.94455 10.62642 -18.25432 14.99398 11.35562 -18.25432 14.99398 10.62642 -18.33396 15.06051 11.35562 -18.33396 15.06051 10.62642 -18.39932 15.14157 11.35562 -18.39932 15.14157 10.62642 -18.44788 15.23404 11.35562 -18.44788 15.23404 10.62642 -18.47779 15.33439 11.35562 -18.47779 15.33439 10.62642 -18.48788 15.43875 11.35562 -18.48788 15.43875 10.62642 -18.47779 15.5431 11.35562 -18.47779 15.5431 10.62642 -18.44788 15.64345 11.35562 -18.44788 15.64345 10.62642 -18.39932 15.73593 11.35562 -18.39932 15.73593 10.62642 -18.33396 15.81699 11.35562 -18.33396 15.81699 10.62642 -18.25432 15.88351 11.35562 -18.25432 15.88351 10.62642 -18.16347 15.93294 11.35562 -18.16347 15.93294 10.62642 -18.06488 15.96338 11.35562 -18.06488 15.96338 10.62642 -17.96236 15.97366 11.35562 -17.96236 15.97366 10.62642 -17.85983 15.96338 11.35562 -17.85983 15.96338 10.62642 -17.76125 15.93294 11.35562 -17.76125 15.93294 10.62642 -17.67039 15.88351 11.35562 -17.67039 15.88351 10.62642 -17.59075 15.81699 11.35562 -17.59075 15.81699 10.62642 -17.5254 15.73593 11.35562 -17.5254 15.73593 10.62642 -17.47683 15.64345 11.35562 -17.47683 15.64345 10.62642 -17.44693 15.5431 11.35562 -17.44693 15.5431 10.62642 -17.43683 15.43875 11.35562 -17.43683 15.43875 10.62642 -17.44693 15.33439 11.35562 -17.44693 15.33439 10.62642 -17.47683 15.23404 11.35562 -17.47683 15.23404 10.62642 -17.5254 15.14157 11.35562 -17.5254 15.14157 10.62642 -17.59075 15.06051 11.35562 -17.59075 15.06051 10.62642 -17.67039 14.99398 11.35562 -17.67039 14.99398 10.62642 -17.76125 14.94455 11.35562 -17.76125 14.94455 10.62642 -17.85983 14.91411 11.35562 -17.85983 14.91411 10.62642 -17.96236 7.669664 11.35562 -17.96236 7.669664 10.62642 -18.24225 7.697716 11.35562 -18.24225 7.697716 10.62642 -18.51139 7.780793 11.35562 -18.51139 7.780793 10.62642 -18.75943 7.915702 11.35562 -18.75943 7.915702 10.62642 -18.97683 8.097262 11.35562 -18.97683 8.097262 10.62642 -19.15526 8.31849 11.35562 -19.15526 8.31849 10.62642 -19.28783 8.570889 11.35562 -19.28783 8.570889 10.62642 -19.36948 8.844758 11.35562 -19.36948 8.844758 10.62642 -19.39704 9.12957 11.35562 -19.39704 9.12957 10.62642 -19.36948 9.414385 11.35562 -19.36948 9.414385 10.62642 -19.28783 9.688253 11.35562 -19.28783 9.688253 10.62642 -19.15526 9.940651 11.35562 -19.15526 9.940651 10.62642 -18.97683 10.16188 11.35562 -18.97683 10.16188 10.62642 -18.75943 10.34344 11.35562 -18.75943 10.34344 10.62642 -18.51139 10.47835 11.35562 -18.51139 10.47835 10.62642 -18.24225 10.56142 11.35562 -18.24225 10.56142 10.62642 -17.96236 10.58948 11.35562 -17.96236 10.58948 10.62642 -17.68246 10.56142 11.35562 -17.68246 10.56142 10.62642 -17.41333 10.47835 11.35562 -17.41333 10.47835 10.62642 -17.16529 10.34344 11.35562 -17.16529 10.34344 10.62642 -16.94788 10.16188 11.35562 -16.94788 10.16188 10.62642 -16.76946 9.940651 11.35562 -16.76946 9.940651 10.62642 -16.63688 9.688254 11.35562 -16.63688 9.688254 10.62642 -16.55524 9.414385 11.35562 -16.55524 9.414385 10.62642 -16.52767 9.12957 11.35562 -16.52767 9.12957 10.62642 -16.55524 8.844758 11.35562 -16.55524 8.844758 10.62642 -16.63688 8.570889 11.35562 -16.63688 8.570889 10.62642 -16.76946 8.31849 11.35562 -16.76946 8.31849 10.62642 -16.94788 8.097262 11.35562 -16.94788 8.097262 10.62642 -17.16529 7.915702 11.35562 -17.16529 7.915702 10.62642 -17.41333 7.780793 11.35562 -17.41333 7.780793 10.62642 -17.68246 7.697716 11.35562 -17.68246 7.697716 10.62642 -17.96236 11.69436 11.35562 -17.96236 11.69436 10.62642 -18.16741 11.71492 11.35562 -18.16741 11.71492 10.62642 -18.36458 11.7758 11.35562 -18.36458 11.7758 10.62642 -18.54629 11.87466 11.35562 -18.54629 11.87466 10.62642 -18.70556 12.00771 11.35562 -18.70556 12.00771 10.62642 -18.83628 12.16983 11.35562 -18.83628 12.16983 10.62642 -18.9334 12.35478 11.35562 -18.9334 12.35478 10.62642 -18.99321 12.55548 11.35562 -18.99321 12.55548 10.62642 -19.01341 12.76419 11.35562 -19.01341 12.76419 10.62642 -18.99321 12.9729 11.35562 -18.99321 12.9729 10.62642 -18.9334 13.17359 11.35562 -18.9334 13.17359 10.62642 -18.83628 13.35855 11.35562 -18.83628 13.35855 10.62642 -18.70556 13.52067 11.35562 -18.70556 13.52067 10.62642 -18.54629 13.65371 11.35562 -18.54629 13.65371 10.62642 -18.36458 13.75258 11.35562 -18.36458 13.75258 10.62642 -18.16741 13.81346 11.35562 -18.16741 13.81346 10.62642 -17.96236 13.83401 11.35562 -17.96236 13.83401 10.62642 -17.75731 13.81346 11.35562 -17.75731 13.81346 10.62642 -17.56014 13.75258 11.35562 -17.56014 13.75258 10.62642 -17.37842 13.65371 11.35562 -17.37842 13.65371 10.62642 -17.21915 13.52067 11.35562 -17.21915 13.52067 10.62642 -17.08844 13.35855 11.35562 -17.08844 13.35855 10.62642 -16.99131 13.17359 11.35562 -16.99131 13.17359 10.62642 -16.9315 12.9729 11.35562 -16.9315 12.9729 10.62642 -16.91131 12.76419 11.35562 -16.91131 12.76419 10.62642 -16.9315 12.55548 11.35562 -16.9315 12.55548 10.62642 -16.99131 12.35478 11.35562 -16.99131 12.35478 10.62642 -17.08844 12.16983 11.35562 -17.08844 12.16983 10.62642 -17.21915 12.00771 11.35562 -17.21915 12.00771 10.62642 -17.37842 11.87466 11.35562 -17.37842 11.87466 10.62642 -17.56014 11.7758 11.35562 -17.56014 11.7758 10.62642 -17.75731 11.71492 11.35562 -17.75731 11.71492 10.62642</float_array>
          <technique_common>
            <accessor source="#Cylinder_007-mesh-positions-array" count="938" stride="3">
              <param name="X" type="float"/>
              <param name="Y" type="float"/>
              <param name="Z" type="float"/>
            </accessor>
          </technique_common>
        </source>
        <source id="Cylinder_007-mesh-normals">
          <float_array id="Cylinder_007-mesh-normals-array" count="3165">0.09801727 0.9951847 0 0.2902846 0.9569405 0 0.4713967 0.8819213 0 0.6343935 0.7730103 0 0.7730105 0.6343934 0 0.8819212 0.4713969 0 0.9569404 0.2902848 0 0.9951846 0.09801971 0 0.9951847 -0.09801745 0 0.9569407 -0.2902836 0 0.8819212 -0.471397 0 0.7730103 -0.6343936 0 0.6343934 -0.7730104 0 0.4713966 -0.8819214 0 0.2902849 -0.9569404 0 0.09801691 -0.9951848 0 -0.09801703 -0.9951847 0 -0.2902848 -0.9569403 0 -0.4713968 -0.8819214 0 -0.6343934 -0.7730104 0 -0.7730105 -0.6343933 0 -0.8819212 -0.4713969 0 -0.9569399 -0.2902863 0 -0.9951848 -0.09801679 0 -0.9951849 0.09801548 0 -0.9569404 0.2902846 0 -0.8819214 0.4713968 0 -0.7730106 0.6343932 0 -0.6343936 0.7730103 0 -0.4713969 0.8819212 0 -1.4748e-6 0 1 -0.2902846 0.9569405 0 -0.09801703 0.9951848 0 0 0 -1 0.09801667 0.9951848 0 0.2902846 0.9569404 0 0.4713935 0.881923 0 0.6343934 0.7730104 0 0.7730112 0.6343924 0 0.8819225 0.4713945 0 0.9569398 0.2902866 0 0.9951848 0.09801656 0 0.9951848 -0.09801733 0 0.9569397 -0.2902868 0 0.8819225 -0.4713945 0 0.7730112 -0.6343924 0 0.6343937 -0.7730101 0 0.4713941 -0.8819228 0 0.2902848 -0.9569404 0 0.09801661 -0.9951848 0 -0.09801673 -0.9951848 0 -0.2902846 -0.9569404 0 -0.4713935 -0.881923 0 -0.6343941 -0.77301 0 -0.7730114 -0.6343922 0 -0.881922 -0.4713956 0 -0.9569394 -0.2902877 0 -0.9951848 -0.09801667 0 -0.9951847 0.09801781 0 -0.9569396 0.2902871 0 -0.881923 0.4713935 0 -0.7730112 0.6343924 0 -0.6343935 0.7730103 0 -0.4713935 0.881923 0 0 0 1 -0.2902846 0.9569404 0 -0.09801673 0.9951848 0 0 0 -1 0.0980162 0.9951849 0 0.2902863 0.9569398 0 0.4713943 0.8819226 0 0.6343807 0.7730208 0 0.7730125 0.6343909 0 0.8819293 0.4713818 0 0.9569485 0.2902582 0 0.9951849 0.09801572 0 0.9951954 -0.09790885 0 0.9569374 -0.2902947 0 0.8819209 -0.4713975 0 0.7730125 -0.6343909 0 0.6344006 -0.7730046 0 0.4713943 -0.8819226 0 0.2902863 -0.9569398 0 0.0980162 -0.9951849 0 -0.0980162 -0.9951849 0 -0.2902807 -0.9569416 0 -0.471386 -0.8819271 0 -0.6343906 -0.7730126 0 -0.7730224 -0.6343788 0 -0.8819125 -0.4714133 0 -0.9569429 -0.2902762 0 -0.9951838 -0.09802681 -8.7464e-7 -0.995186 0.09800463 0 -0.956938 0.2902925 0 -0.8819209 0.4713975 0 -0.7730125 0.6343909 0 -0.6344006 0.7730046 0 -0.4713943 0.8819226 0 -0.2902863 0.9569398 0 -0.09801816 0.9951847 0 0.09801679 0.9951848 0 0.471389 0.8819255 0 0.6343903 0.773013 0 0.7730116 0.6343919 0 0.8819198 0.4713996 0 0.9569393 0.2902879 0 0.9951846 0.09801918 0 0.9951838 -0.09802711 0 0.956938 -0.2902926 0 0.8819198 -0.4713996 0 0.7730118 -0.6343918 0 0.6344004 -0.7730047 0 0.4713972 -0.8819211 0 0.2902866 -0.9569398 0 0.09801644 -0.9951848 0 -0.09801644 -0.9951848 0 -0.2902809 -0.9569415 0 -0.4713977 -0.8819209 0 -0.6343799 -0.7730214 0 -0.7730213 -0.6343801 0 -0.8819198 -0.4713995 0 -0.9569437 -0.2902739 0 -0.9951863 -0.09800124 0 -0.9951857 0.09800839 0 -0.9569505 0.2902513 0 -0.8819195 0.4714004 0 -0.7730118 0.6343918 0 -0.4713979 0.8819208 0 -2.16971e-6 0 1 0 -1 0 0 1 0 -1.63791e-6 0 1 0 1.76476e-7 1 0 1 -5.58737e-6 1.09524e-5 7.18528e-7 1 0 -1 7.87138e-6 0 1 2.08013e-5 0 -1 7.16338e-7 0 1 0 2.1856e-5 -2.22687e-6 1 0 -2.18064e-7 1 0 0 1 0.9963265 0.08563613 0 0.9670539 0.254572 0 0.9091361 0.4164994 0 0.8238797 0.5667648 0 0.7133376 0.7008207 0 0.5803882 0.81434 0 0.4287883 0.903405 0 0.2631223 0.9647626 0 0.0887078 0.9960577 0 1 0 0 -0.08869117 0.9960592 0 -0.2631318 0.9647599 0 -0.4287873 0.9034054 0 -0.5803831 0.8143437 0 -0.7133352 0.7008231 0 -0.8238846 0.5667577 0 -0.9091346 0.4165024 0 -0.9670542 0.2545708 0 -0.9963261 0.08564138 0 -0.08869946 -0.9960585 0 -0.2631251 -0.9647617 0 -0.4287996 -0.9033997 0 -0.580393 -0.8143365 0 -0.7133426 -0.7008155 0 -0.823881 -0.5667629 0 -0.9091317 -0.4165087 0 -0.9670552 -0.2545671 0 -0.9963253 -0.08565139 0 -1 0 0 0.08870774 -0.9960578 0 0.2631242 -0.9647619 0 0.4287843 -0.903407 0 0.5803911 -0.8143379 0 0.7133378 -0.7008205 0 0.8238759 -0.5667703 0 0.9091355 -0.4165005 0 0.9670538 -0.2545725 0 0.9963256 -0.0856468 0 0 0 1 3.20655e-4 -0.194666 -0.9808695 3.26285e-4 -0.06430411 -0.9979303 3.08648e-4 -0.3301001 -0.9439459 2.06862e-4 -0.7744097 -0.6326845 2.55781e-4 -0.6233584 -0.7819362 3.26284e-4 0.06430399 -0.9979303 3.08647e-4 0.3300991 -0.9439463 -1.37729e-4 0.9072261 0.4206434 3.20655e-4 0.194666 -0.9808695 4.87554e-5 0.9888577 -0.1488639 2.88074e-4 0.4730497 -0.8810358 1.37538e-4 0.9072245 -0.4206468 4.86802e-5 -0.9888581 -0.1488611 -4.86635e-5 -0.9888573 0.1488668 -4.86802e-5 0.9888573 0.1488668 2.55854e-4 0.6233596 -0.7819353 2.06847e-4 0.7744085 -0.632686 1.37517e-4 -0.9072276 -0.4206401 -1.3752e-4 -0.9072256 0.4206445 2.88141e-4 -0.4730492 -0.8810359 0 -1 -2.08029e-7 0 -1 0 0 0.9902375 0.1393907 0 0.9183012 0.3958823 0 0.7998979 0.6001361 0 0.6638454 0.7478699 0 0.5278798 0.8493191 0 0.3990557 0.9169267 0 0.2783715 0.9604735 0 0.1642778 0.9864142 0 0.05429726 0.9985248 0 -0.9892524 0.146218 0 -0.9110085 0.4123876 0 -0.7855313 0.6188221 0 -0.6455907 0.7636837 0 -0.5093795 0.860542 0 -0.3828877 0.923795 0 -0.2660718 0.9639532 0 -0.1566486 0.9876545 0 -0.05171865 0.9986617 0 -0.05429661 0.9985249 0 -0.1642793 0.986414 0 -0.2783716 0.9604735 0 -0.3990492 0.9169296 0 -0.5278857 0.8493154 1.91242e-7 -0.6638419 0.747873 0 -0.7999114 0.6001183 0 -0.918304 0.395876 0 -0.9902362 0.1394004 0 -2.58211e-7 1 0 0.05429852 0.9985247 0 0.164277 0.9864143 0 0.2783716 0.9604735 0 0.3990474 0.9169303 -1.93534e-7 0.527876 0.8493216 0 0.6638361 0.7478782 0 0.7999039 0.6001281 0 0.9183003 0.3958848 0 0.9902371 0.1393936 1 0 -7.13611e-7 0 1 -1.77427e-6 -1 0 4.0672e-6 0 -1 0 0 0 1 0.06909918 -0.9976098 0 0.2075086 -0.9782333 0 0.3463143 -0.9381186 0 0.4848272 -0.87461 0 0.6207046 -0.7840445 0 0.7490515 -0.6625118 0 0.8616414 -0.5075176 0 0.9472183 -0.3205894 0 0.993949 -0.1098435 0 0.9939486 0.1098466 0 0.9472174 0.3205921 0 0.8616383 0.507523 0 0.749053 0.6625102 0 0.6206977 0.7840501 0 0.4848322 0.8746073 0 0.3463125 0.9381193 0 0.2075135 0.9782322 0 0.0690965 0.99761 0 0 0 -1 2.12187e-7 -1 -7.23934e-6 -1.21024e-6 1 0 1 0 1.57474e-6 -1 0 -1.57486e-6 -1 0 1.04983e-6 0.04652839 -0.9989171 0 0.1412311 -0.9899767 0 0.2409575 -0.9705357 0 0.3493187 -0.937004 0 0.4699602 -0.8826878 0 0.6052758 -0.7960159 0 0.7522687 -0.6588565 0 0.8932568 -0.4495469 0 0.9867673 -0.1621434 0 0.9867666 0.1621474 0 0.8932541 0.4495521 0 0.7522672 0.6588582 0 0.6052765 0.7960153 0 0.4699576 0.882689 0 0.3493205 0.9370033 0 0.2409592 0.9705352 0 0.1412293 0.989977 0 0.0465269 0.9989171 0 -0.04652494 0.9989172 0 -0.1412331 0.9899764 0 -0.2409538 0.9705367 0 -0.3493202 0.9370035 0 -0.4699584 0.8826887 0 -0.6052782 0.7960141 0 -0.7522733 0.6588513 0 -0.8932561 0.4495481 0 -0.98677 0.1621262 0 3.55788e-5 0 1 -0.04652959 -0.998917 0 -0.1412318 -0.9899765 0 -0.2409573 -0.9705358 0 -0.3493201 -0.9370036 0 -0.4699615 -0.882687 0 -0.6052741 -0.7960172 0 -0.7522687 -0.6588566 0 -0.8932558 -0.4495488 0 -0.9867661 -0.1621507 0 0.9976404 0.06865632 0 0.9785135 0.2061827 0 0.9388615 0.3442952 0 0.8759804 0.4823469 0 0.7860475 0.6181661 0 0.6649803 0.7468609 0 0.5100347 0.8601539 0 0.3225216 0.9465622 0 0.1105626 0.9938692 0 -0.110569 -0.9938685 0 -0.3225144 -0.9465646 0 -0.5100303 -0.8601565 -1.69887e-6 -0.6649883 -0.7468538 0 -0.7860581 -0.6181527 0 -0.875977 -0.4823529 -3.01072e-6 -0.9388663 -0.3442822 0 -0.9785131 -0.2061847 0 -0.9976418 -0.06863778 0 0.1105682 -0.9938685 0 0.3225133 -0.946565 0 0.5100326 -0.8601552 0 0.6649835 -0.7468581 0 0.7860574 -0.6181536 0 0.8759766 -0.4823538 0 0.9388651 -0.3442853 0 0.9785128 -0.2061866 0 0.997642 -0.06863409 0 -0.1105679 0.9938687 0 -0.3225136 0.9465649 0 -0.5100233 0.8601607 0 -0.6649925 0.7468501 0 -0.786044 0.6181707 0 -0.8759693 0.482367 0 -0.9388605 0.3442979 0 -0.9785114 0.2061927 0 -0.9976422 0.06863057 0 0.09975707 0.9950119 0 0.2950296 0.9554881 0 0.4778892 0.8784201 0 0.641106 0.7674524 0 0.7784712 0.6276804 0 0.8853448 0.4649354 0 0.9583483 0.2856019 0 0.9953523 0.09630036 0 0.99535 -0.09632509 0 0.9583474 -0.2856054 0 0.8853467 -0.4649314 0 0.7784835 -0.6276652 0 0.6410936 -0.7674628 0 0.4779105 -0.8784086 0 0.2950154 -0.9554926 0 0.099752 -0.9950124 0 -0.09975707 -0.9950119 0 -0.2950225 -0.9554904 0 -0.4778999 -0.8784143 0 -0.6410936 -0.7674628 0 -0.7784712 -0.6276804 0 -0.8853448 -0.4649354 0 -0.9583415 -0.2856249 0 -0.99535 -0.09632509 0 -0.9953523 0.09630036 0 -0.9583552 0.285579 0 -0.8853448 0.4649354 0 -0.7784835 0.6276652 0 -0.641106 0.7674524 0 -0.4779105 0.8784086 0 -0.2950154 0.9554926 0 -0.099752 0.9950124 0 0.09972429 0.9950152 0 0.2949494 0.9555129 0 0.4778032 0.8784669 0 0.6409859 0.7675527 0 0.7783918 0.6277788 0 0.8852955 0.465029 0 0.9583237 0.2856851 0 0.9953487 0.09633797 0 0.9953479 -0.09634613 0 0.9583257 -0.2856779 0 0.8852955 -0.465029 0 0.778398 -0.627771 0 0.6409891 -0.7675501 0 0.4778015 -0.8784679 0 0.2949494 -0.9555129 0 0.09972393 -0.9950152 0 -0.09972572 -0.995015 0 -0.2949494 -0.9555129 0 -0.4778041 -0.8784664 0 -0.6409877 -0.7675512 0 -0.7783936 -0.6277766 0 -0.8852946 -0.4650309 0 -0.9583237 -0.2856851 0 -0.9953497 -0.09632807 0 -0.9953478 0.09634703 0 -0.9583237 0.2856851 0 -0.8852955 0.465029 0 -0.7783963 0.6277733 0 -0.6409904 0.7675489 0 -0.4777993 0.878469 0 -0.2949494 0.9555129 0 -0.0997225 0.9950154 0 0.09974801 0.9950128 0 0.2950233 0.9554901 0 0.4779088 0.8784095 0 0.6410846 0.7674702 0 0.7784792 0.6276705 0 0.8853551 0.4649157 0 0.958344 0.2856168 0 0.9953513 0.0963121 0 0.9953513 -0.0963121 0 0.8853453 -0.464934 0 0.7784792 -0.6276705 0 0.6410909 -0.7674651 0 0.4779052 -0.8784115 0 0.2950233 -0.9554901 0 0.0997498 -0.9950127 0 -0.09975105 -0.9950125 0 -0.2950233 -0.9554901 0 -0.4779052 -0.8784115 0 -0.6410846 -0.7674702 0 -0.778473 -0.6276781 0 -0.8853505 -0.4649242 0 -0.9583474 -0.2856054 0 -0.9953513 -0.0963121 0 -0.9953513 0.0963121 0 -0.9583474 0.2856054 0 -0.7784854 0.6276629 0 -0.6410909 0.7674651 0 -0.4779088 0.8784095 0 -0.2950233 0.9554901 0 -0.09974676 0.9950129 0 0.2902847 0.9569404 0 0.6343932 0.7730106 0 0.8819215 0.4713965 0 0.9951848 0.09801745 1.84403e-7 0.9951854 0.09801059 0 0.995185 0.09801506 -2.36009e-6 0.9951848 -0.09801685 0 0.9569406 -0.2902839 0 0.9569392 -0.2902888 0 0.9569406 -0.2902839 -1.13264e-6 0.8819215 -0.4713965 0 0.7730106 -0.6343932 0 0.4713968 -0.8819214 0 0.2902848 -0.9569403 0 -0.2902849 -0.9569404 0 -0.4713969 -0.8819212 0 -0.6343931 -0.7730106 0 -0.7730103 -0.6343937 0 -0.8819211 -0.4713973 0 -0.9569403 -0.2902849 0 -0.9569405 -0.290284 0 -0.9569403 -0.2902848 -3.29047e-7 -0.9951848 -0.09801745 0 -0.9951848 0.09801739 0 -0.9951848 0.09801733 0 -0.9951847 0.09801805 0 -0.9569402 0.2902851 0 -0.4713968 0.8819214 0 7.94187e-7 0 1 -2.05856e-6 0 1 -0.2902845 0.9569405 0 -7.18515e-7 0 -1 1.02308e-6 0 -1 0 0 -1 0.09801667 0.9951848 0 0.2902848 0.9569404 0 0.4713938 0.8819229 0 0.6343941 0.7730098 0 0.9951848 0.09801602 -1.68394e-7 0.9951844 0.0980218 0 0.9951851 0.0980134 3.11365e-6 0.9569399 -0.2902864 -5.05188e-7 0.9569412 -0.2902821 0 0.9569403 -0.2902851 9.05754e-6 0.881922 -0.4713956 0 0.6343934 -0.7730104 0 0.4713938 -0.8819229 0 0.2902845 -0.9569405 0 0.09801667 -0.9951848 0 -0.09801673 -0.9951848 0 -0.2902846 -0.9569404 0 -0.6343941 -0.7730098 0 -0.7730116 -0.634392 0 -0.8819225 -0.4713945 0 -0.9569396 -0.290287 3.36792e-7 -0.9569397 -0.2902868 0 -0.9569394 -0.2902879 -6.0727e-6 -0.9951848 -0.09801667 0 -0.9951848 0.09801667 0 -0.9951849 0.09801638 0 -0.9951848 0.09801644 0 -0.8819227 0.4713941 0 -0.7730114 0.6343922 0 1.01572e-6 0 1 -7.75223e-7 0 1 7.75223e-7 0 1 -1.0157e-6 0 1 4.38935e-6 0 1 -4.80571e-6 0 1 9.61169e-6 0 1 -4.38943e-6 0 1 -0.09801673 0.9951848 0 -1.98779e-6 0 -1 -2.68448e-6 0 -1 1.98741e-6 0 -1 -1.98728e-6 0 -1 3.59253e-7 0 -1 -3.88865e-7 0 -1 1.43898e-7 0 -1 -1.43898e-7 0 -1 -1.19209e-7 0 -1 0.6344006 0.7730046 0 0.8819209 0.4713975 0 0.956936 0.2902991 6.99718e-7 0.9569399 0.290286 0 0.9569377 0.2902933 -1.09922e-5 0.9951838 0.09802681 0 0.9951871 -0.09799355 1.74928e-7 0.9951813 -0.09805238 0 0.9952024 -0.09783726 0 0.8819293 -0.4713818 0 0.6343807 -0.7730208 0 -0.09801816 -0.9951847 0 -0.2902863 -0.9569398 0 -0.4713943 -0.8819226 0 -0.6344006 -0.7730046 0 -0.7730125 -0.6343909 0 -0.8819209 -0.4713975 0 -0.9569374 -0.2902947 0 -0.995189 -0.09797471 0 -0.9951744 -0.09812271 1.13513e-5 -0.9951863 -0.09800153 0 -0.9951838 0.09802681 0 -0.956936 0.2902991 6.99718e-7 -0.9569792 0.2901564 0 -0.9569337 0.2903066 -1.08686e-5 -0.6343906 0.7730126 0 -0.471386 0.8819271 0 -0.2902807 0.9569416 0 -0.0980162 0.9951849 0 3.97482e-6 0 -1 -3.97431e-6 0 -1 3.97519e-6 0 -1 -3.97482e-6 0 -1 -2.87797e-7 0 -1 2.87796e-7 0 -1 0.09801673 0.9951848 0 0.4713974 0.8819209 0 0.6344002 0.7730049 0 0.9569393 0.2902879 6.52432e-7 0.9569553 0.2902355 0 0.9569273 0.2903277 -1.36395e-5 0.9951846 0.09801918 0 0.9951866 -0.09799772 -4.36282e-7 0.995184 -0.09802532 0 0.9951881 -0.0979827 1.4219e-5 0.9569436 -0.290274 0 0.6343904 -0.7730128 0 0.4713888 -0.8819255 0 0.09801644 -0.9951848 0 -0.09801846 -0.9951847 0 -0.2902866 -0.9569398 0 -0.4713976 -0.8819209 0 -0.6343998 -0.7730052 0 -0.7730114 -0.6343923 0 -0.9569324 -0.2903109 0 -0.9951835 -0.09802991 6.2276e-7 -0.9951883 -0.09798175 0 -0.9951829 -0.09803599 0 -0.9951835 0.09802991 0 -0.9569334 0.2903077 6.78949e-7 -0.9569458 0.2902668 0 -0.9569395 0.2902876 -1.39258e-5 -0.8819278 0.4713847 0 -0.6343807 0.7730208 0 1.41717e-6 0 1 -1.41715e-6 0 1 -4.74278e-6 0 1 -9.48564e-6 0 1 4.36326e-6 0 1 -0.2902807 0.9569416 0 3.97514e-6 0 -1 1.98755e-6 0 -1 3.97497e-6 0 -1 3.97519e-6 0 -1 -3.9751e-6 0 -1 -7.18514e-7 0 -1 -3.88857e-7 0 -1 3.59256e-7 0 -1 1.19209e-7 0 -1 0 1 0 -1.29632e-6 0 1 9.44063e-7 0 1 -9.44061e-7 0 1 1.29632e-6 0 1 1.18482e-5 4.55317e-7 1 3.55443e-5 -1.36596e-6 1 0 -5.2941e-7 1 0 -1 6.19382e-6 -7.05736e-6 0 1 9.10084e-6 1.04922e-6 1 0 0 1 0 3.21785e-7 1 0 1.52274e-7 1 0 -1 -2.09606e-5 -9.70634e-7 1 -8.91855e-6 -7.29919e-6 1.82073e-7 1 0 1.51697e-7 1 -1.09482e-5 0 1 9.86582e-6 9.0505e-7 1 0 -1 0 0 1 0 2.66278e-5 -2.388e-6 1 0 0 1 8.87691e-6 0 1 0 0 1 0 -8.19265e-7 1 0 0 1 0 -3.52687e-7 1 3.50701e-6 0 1 -2.03572e-6 0 1 0 0 1 0 0 1 0 0 1 2.03572e-6 -1.54241e-7 1 3.03251e-7 0 -1 0 0 -1 -1.94631e-7 0 -1 -3.93577e-7 0 -1 -2.23124e-7 0 -1 2.90491e-7 0 -1 -1.8524e-7 0 -1 2.97886e-7 0 -1 -2.21161e-7 0 -1 -4.188e-7 0 -1 5.641e-7 0 -1 0 0 1 2.651e-7 0 1 5.69134e-7 0 1 -7.66683e-7 0 1 7.78525e-7 0 1 -4.76793e-7 0 1 -4.80621e-7 0 1 0 0 1 4.46248e-7 0 1 -7.07238e-7 0 1 2.82055e-7 0 1 4.188e-7 0 1 -6.04928e-7 0 1 0.9963261 0.08564186 0 0.9670538 0.254572 0 0.9091361 0.4164994 0 0.5803881 0.81434 0 0.2631231 0.9647623 0 0.08870804 0.9960576 0 -0.08869296 0.996059 0 -0.2631319 0.9647599 0 -0.5803925 0.8143369 0 -0.7133452 0.7008129 0 -0.8238754 0.5667711 0 -0.9091346 0.4165025 0 -0.9963278 0.08562183 0 -0.2631189 -0.9647634 0 -0.4287902 -0.9034041 0 -0.5803929 -0.8143367 0 -0.7133306 -0.7008278 0 -0.8238698 -0.5667792 0 -0.9091407 -0.4164891 0 -0.9670552 -0.254567 0 -0.9963273 -0.08562773 0 0.263125 -0.9647618 0 0.4287844 -0.9034069 0 0.5803939 -0.814336 0 0.8238788 -0.5667663 0 0.9091379 -0.4164955 0 0.9670552 -0.2545667 0 0 0 1 0 0 -1 3.20774e-4 -0.1946656 -0.9808696 3.26285e-4 -0.06430429 -0.9979303 3.08647e-4 -0.3300989 -0.9439464 2.06902e-4 -0.7744095 -0.6326847 2.55709e-4 -0.623358 -0.7819366 3.26286e-4 0.06430441 -0.9979303 3.08647e-4 0.3300992 -0.9439462 -1.37622e-4 0.9072256 0.4206445 3.20774e-4 0.1946657 -0.9808696 4.86802e-5 0.9888577 -0.1488639 2.88207e-4 0.4730494 -0.8810359 1.37623e-4 0.9072257 -0.4206444 4.8669e-5 -0.9888573 -0.1488668 -4.86718e-5 -0.9888581 0.1488612 -4.87554e-5 0.9888578 0.148864 2.55636e-4 0.6233583 -0.7819365 2.06863e-4 0.7744106 -0.6326834 1.37559e-4 -0.9072236 -0.4206488 -1.37433e-4 -0.907229 0.4206374 2.88074e-4 -0.4730501 -0.8810356 -1 -3.42914e-5 0 -1 -1.53919e-6 0 -1 1.34091e-6 0 -1 -1.34177e-6 0 -1 -2.53886e-7 0 -1 1.00208e-6 0 -1 4.81989e-5 0 -1 -7.15634e-5 0 -1 7.53854e-7 0 -1 -1.84186e-5 0 -1 5.38666e-5 0 -1 -1.32418e-6 0 -1 2.69791e-6 0 -1 -2.65498e-6 0 -1 1.27081e-6 0 -1 -2.36472e-6 0 0 -2.13985e-7 1 0 -1 -2.32348e-7 0 -1 0 0 0.9183012 0.3958824 0 0.7999103 0.6001198 0 0.6638453 0.74787 0 0.52788 0.849319 0 0.3990483 0.9169299 0 0.2783715 0.9604735 0 0.1642779 0.9864142 0 0.05429679 0.9985249 0 -0.9892525 0.1462177 0 -0.911009 0.4123864 0 -0.7855319 0.6188213 0 -0.6455898 0.7636845 0 -0.5093797 0.8605419 0 -0.3828886 0.9237945 0 -0.2660712 0.9639534 0 -0.1566488 0.9876544 0 -0.05171799 0.9986618 0 -0.05429744 0.9985249 0 -0.1642776 0.9864142 0 -0.2783692 0.9604743 0 -0.3990532 0.9169278 1.76171e-7 -0.5278793 0.8493195 0 -0.6638497 0.7478661 0 -0.7998993 0.6001342 0 -0.9182983 0.3958892 0 -0.9902382 0.1393857 1.82351e-7 2.58212e-7 1 0 0.05429744 0.9985249 0 0.1642805 0.9864137 0 0.2783716 0.9604735 0 0.3990522 0.9169284 0 0.5278888 0.8493136 0 0.6638495 0.7478662 0 0.7999041 0.600128 0 0.9183003 0.3958847 0 0.9902371 0.1393936 1 0 -3.81733e-7 1 -9.20928e-6 0 1 2.69333e-5 0 1 0 1.72628e-6 1 -3.42171e-6 -4.73281e-7 1 0 -4.11143e-7 1 0 -4.49419e-7 1 0 -2.13157e-7 1 -1.51067e-5 0 1 -6.79869e-6 -4.20703e-7 1 -7.38577e-7 0 1 0 -2.95439e-7 1 0 0 1 1.41075e-6 -3.05347e-7 1 -1.39389e-6 1.21585e-7 1 0 0 1 2.5655e-7 0 1 0 0 1 0 -6.68964e-7 1 -6.206e-6 -1.18877e-6 1 1.45334e-6 3.14568e-7 1 0 7.92252e-7 1 1.25177e-5 -1.54831e-6 1 -1.0452e-6 1.27245e-7 1 -1.69887e-5 -1.89926e-6 1 0 -2.39675e-6 1 0 4.25392e-6 1 5.93014e-5 0 1 1.69459e-6 2.46068e-6 1 0 7.06955e-7 1 0 -3.27223e-7 1 -2.30879e-6 -3.77233e-7 1 -1.34945e-6 0 1 0 -2.60311e-7 1 -1.34209e-6 6.47554e-7 1 -2.81524e-6 1.0002e-6 1 7.23838e-6 -1.30597e-6 1 0 -1.8512e-6 1 0 7.75315e-7 1 -5.17197e-6 -4.61223e-7 1 -1.32797e-6 3.55276e-7 1 -1.29461e-6 1.02576e-6 1 0 -6.17414e-7 1 0 -9.67042e-7 0 1 1.20488e-7 0 1 0 0 1 1.74298e-6 -1 3.33206e-6 0 -1 0 -9.99068e-7 -1 0 -9.99066e-7 -1 -3.33206e-6 0 -1 0 4.06716e-6 0 -1 0 0 -1 0 1.14537e-5 0 1 -4.38404e-6 0 1 5.81747e-6 0 1 0 -1 2.84341e-5 0 0 1 0.2075077 -0.9782334 0 0.3463162 -0.9381179 0 0.6207051 -0.7840442 0 0.7490453 -0.6625189 0 0.8616387 -0.5075224 0 0.9472118 -0.3206087 0 0.9939489 -0.1098437 0 0 1 9.18765e-6 0.9939486 0.1098467 0 0.8616381 0.5075234 0 0.749057 0.6625056 0 0.6207012 0.7840473 0 0.4848315 0.8746076 0 0.3463143 0.9381186 0 0.2075122 0.9782325 0 -1.17507e-5 0 -1 1.59482e-5 0 -1 2.78342e-5 0 -1 1.5031e-6 0 -1 -3.51095e-7 0 -1 4.52678e-5 0 -1 -7.62202e-6 0 -1 -3.8697e-6 0 -1 2.3699e-6 0 -1 -1.62111e-6 0 -1 7.43289e-6 0 -1 0 -1 0 7.2614e-6 -1 0 4.84099e-6 -1 2.5357e-6 -3.64313e-6 0 1 4.61403e-6 0 1 -2.83421e-5 0 1 2.30474e-5 0 1 -3.03773e-5 0 1 1.33323e-5 0 1 0 1 3.61967e-6 0 1 0 -1.21025e-6 1 0 1 -4.36141e-6 0 -1 -2.1809e-6 -7.87435e-7 -1 2.18071e-6 0 1 2.1809e-6 5.24957e-7 1.48669e-7 0 -1 2.47335e-5 0 -1 -5.22111e-6 0 -1 -1.69159e-5 0 -1 7.08627e-6 0 -1 -2.76797e-6 0 -1 5.95387e-6 0 -1 -1.04271e-6 0 -1 -1.77894e-5 0 -1 -1.49012e-5 0 -1 7.51043e-6 0 -1 4.58455e-6 0 -1 0 0 -1 0.04652851 -0.9989169 0 0.1412307 -0.9899768 0 0.2409571 -0.9705358 0 0.4699583 -0.8826886 0 0.8932564 -0.4495475 0 0.9867681 0.1621383 0 0.8932573 0.4495458 0 0.7522664 0.6588592 0 0.6052753 0.7960162 0 0.4699596 0.882688 0 0.3493214 0.937003 0 0.2409586 0.9705355 0 0.1412296 0.9899769 0 -0.0465244 0.9989172 0 -0.1412335 0.9899764 0 -0.2409552 0.9705362 0 -0.3493223 0.9370027 0 -0.4699643 0.8826855 0 -0.6052655 0.7960237 0 -0.7522646 0.6588613 0 -0.9867666 0.1621471 0 9.26849e-7 0 1 -8.45788e-6 0 1 -1.15908e-5 0 1 1.177e-5 0 1 4.93059e-6 0 1 -5.65187e-6 0 1 -6.13676e-7 0 1 1.49011e-5 0 1 -1.2166e-5 0 1 -0.04652923 -0.9989169 0 -0.1412323 -0.9899765 0 -0.2409561 -0.9705361 0 -0.3493177 -0.9370043 0 -0.4699591 -0.8826883 0 -0.6052772 -0.7960147 0 -0.7522613 -0.6588649 0 -0.8932624 -0.4495357 0 -0.9867689 -0.1621335 0 -2.41923e-7 0 1 -7.68521e-6 0 1 8.39067e-6 0 1 -2.65409e-7 0 1 6.37959e-6 0 1 -8.20143e-6 0 1 -5.56545e-6 0 1 6.64266e-6 0 1 6.54168e-6 0 1 -4.85673e-6 0 1 1.0344e-5 0 -1 -6.64902e-6 0 -1 6.59613e-6 0 -1 5.38515e-6 0 -1 -1.19743e-5 0 -1 1.51368e-5 0 -1 -1.53704e-5 0 -1 -5.66694e-6 0 -1 7.22726e-6 0 -1 -5.90061e-6 0 -1 4.31414e-6 0 -1 9.71345e-6 0 -1 -1.30835e-5 0 -1 0.9976416 0.06863927 0 0.8759726 0.482361 0 0.7860577 0.6181532 0 0.6649888 0.7468534 0 0.5100338 0.8601545 0 0.110565 0.9938689 0 -0.110571 -0.9938683 0 -0.3225187 -0.9465631 -2.12233e-6 -0.5100362 -0.8601529 0 -0.6649875 -0.7468546 0 -0.7860386 -0.6181774 -2.15937e-6 -0.875977 -0.4823529 0 -0.9388622 -0.3442934 0 -0.9785109 -0.206195 0 -0.9976409 -0.06864899 0 0.1105716 -0.9938682 0 0.3225221 -0.9465619 0 0.6649904 -0.7468519 0 0.7860505 -0.6181623 0 0.8759718 -0.4823625 0 0.9388616 -0.344295 0 0.9785104 -0.2061974 0 0.9976412 -0.06864482 0 -0.1105696 0.9938685 0 -0.3225201 0.9465627 0 -0.5100401 0.8601508 0 -0.6649842 0.7468575 0 -0.7860595 0.618151 0 -0.8759813 0.4823451 0 -0.9388657 0.3442835 0 -0.9976412 0.06864511 0 0.099752 0.9950124 0 0.2950154 0.9554926 0 0.4779105 0.8784086 0 0.6410936 0.7674628 0 0.7784829 0.6276659 0 0.8853443 0.4649359 0 0.9583482 0.2856028 0 0.9953499 0.09632533 0 0.9953523 -0.09630066 0 0.9583477 -0.2856045 0 0.8853464 -0.4649321 0 0.7784706 -0.6276812 0 0.641106 -0.7674524 0 0.4778892 -0.8784201 0 0.2950296 -0.9554881 0 0.09975707 -0.9950119 0 -0.099752 -0.9950124 0 -0.2950154 -0.9554926 0 -0.4779105 -0.8784086 0 -0.641106 -0.7674524 0 -0.7784829 -0.6276659 0 -0.8853443 -0.4649359 0 -0.958355 -0.2855798 0 -0.9953523 -0.09630066 0 -0.9953499 0.09632533 0 -0.9583413 0.2856257 0 -0.8853443 0.4649359 0 -0.7784706 0.6276812 0 -0.6410936 0.7674628 0 -0.4778999 0.8784143 0 0 0 1 -0.2950225 0.9554904 0 -0.09975707 0.9950119 0 3.79338e-7 0 -1 0.0997225 0.9950154 0 0.4778023 0.8784674 0 0.6409911 0.7675483 0 0.7783972 0.6277722 0 0.9583261 0.2856767 0 0.9953478 0.09634679 0 0.9953488 -0.09633731 0 0.9583234 -0.2856857 0 0.7783936 -0.6277766 0 0.6409859 -0.7675527 0 0.4778006 -0.8784684 0 0.09972602 -0.995015 0 -0.09972417 -0.9950152 0 -0.4777993 -0.878469 0 -0.6409884 -0.7675506 0 -0.778398 -0.627771 0 -0.885295 -0.4650299 0 -0.9953479 -0.09634637 0 -0.9953496 0.09632867 0 -0.7783927 0.6277778 0 -0.6409911 0.7675483 0 -0.4778023 0.8784674 0 -3.24669e-7 0 1 0 0 1 -0.09972429 0.9950152 0 -7.12661e-7 0 -1 3.79308e-7 0 -1 6.96028e-7 0 -1 0.09974527 0.995013 0 0.2950226 0.9554904 0 0.6410909 0.7674651 0 0.7784786 0.6276713 0 0.9583477 0.2856045 0 0.9953511 0.0963124 0 0.9953511 -0.0963124 0 0.9583442 -0.285616 0 0.8853557 -0.4649145 0 0.7784786 -0.6276713 0 0.6410846 -0.7674702 0 0.2950226 -0.9554904 0 0.09975254 -0.9950124 0 -0.09975129 -0.9950124 0 -0.2950226 -0.9554904 0 -0.6410909 -0.7674651 0 -0.7784848 -0.6276637 0 -0.8853453 -0.464934 0 -0.9583477 -0.2856045 0 -0.9953511 -0.0963124 0 -0.9953511 0.0963124 0 -0.9583477 0.2856045 0 -0.8853495 0.4649261 0 -0.7784724 0.6276789 0 -0.6410846 0.7674702 0 -0.2950226 0.9554904 0 -0.09974658 0.9950129 0</float_array>
          <technique_common>
            <accessor source="#Cylinder_007-mesh-normals-array" count="1055" stride="3">
              <param name="X" type="float"/>
              <param name="Y" type="float"/>
              <param name="Z" type="float"/>
            </accessor>
          </technique_common>
        </source>
        <source id="Cylinder_007-mesh-map-0">
          <float_array id="Cylinder_007-mesh-map-0-array" count="10968">1 1 0.96875 0.5 1 0.5 0.96875 1 0.9375 0.5 0.96875 0.5 0.9375 1 0.90625 0.5 0.9375 0.5 0.90625 1 0.875 0.5 0.90625 0.5 0.875 1 0.84375 0.5 0.875 0.5 0.84375 1 0.8125 0.5 0.84375 0.5 0.8125 1 0.78125 0.5 0.8125 0.5 0.7713688 0.9621264 0.75 0.9621265 0.75 0.5 0.75 0.9621265 0.71875 0.5 0.75 0.5 0.7082655 0.9621265 0.6875 1 0.6875 0.5 0.6875 1 0.65625 0.5 0.6875 0.5 0.65625 1 0.625 0.5 0.65625 0.5 0.625 1 0.59375 0.5 0.625 0.5 0.59375 1 0.5625 0.5 0.59375 0.5 0.5625 1 0.53125 0.5 0.5625 0.5 0.53125 1 0.5 0.5 0.53125 0.5 0.5 1 0.46875 0.5 0.5 0.5 0.46875 1 0.4375 0.5 0.46875 0.5 0.4375 1 0.40625 0.5 0.4375 0.5 0.40625 1 0.375 0.5 0.40625 0.5 0.375 1 0.34375 0.5 0.375 0.5 0.34375 1 0.3125 0.5 0.34375 0.5 0.2917345 0.9621264 0.28125 0.9621265 0.28125 0.5 0.28125 0.9621265 0.25 0.5 0.28125 0.5 0.2286313 0.9621265 0.21875 1 0.21875 0.5 0.21875 1 0.1875 0.5 0.21875 0.5 0.1875 1 0.15625 0.5 0.1875 0.5 0.15625 1 0.125 0.5 0.15625 0.5 0.125 1 0.09375 0.5 0.125 0.5 0.09375 1 0.0625 0.5 0.09375 0.5 0.3833369 0.4495527 0.341844 0.4717311 0.4868466 0.2820166 0.0625 1 0.03125 0.5 0.0625 0.5 0.03125 1 0 0.5 0.03125 0.5 0.9853885 0.2968217 0.7968217 0.01461148 0.5146116 0.2031783 1 1 0.96875 0.5 1 0.5 0.96875 1 0.9375 0.5 0.96875 0.5 0.9375 1 0.90625 0.5 0.9375 0.5 0.90625 1 0.875 0.5 0.90625 0.5 0.875 1 0.84375 0.5 0.875 0.5 0.84375 1 0.8125 0.5 0.84375 0.5 0.8125 1 0.78125 0.5 0.8125 0.5 0.7683251 0.9690346 0.75 0.9690346 0.75 0.5 0.75 0.9690346 0.71875 0.5 0.75 0.5 0.7051007 0.9690346 0.6875 1 0.6875 0.5 0.6875 1 0.65625 0.5 0.6875 0.5 0.65625 1 0.625 0.5 0.65625 0.5 0.625 1 0.59375 0.5 0.625 0.5 0.59375 1 0.5625 0.5 0.59375 0.5 0.5625 1 0.53125 0.5 0.5625 0.5 0.53125 1 0.5 0.5 0.53125 0.5 0.5 1 0.46875 0.5 0.5 0.5 0.46875 1 0.4375 0.5 0.46875 0.5 0.4375 1 0.40625 0.5 0.4375 0.5 0.40625 1 0.375 0.5 0.40625 0.5 0.375 1 0.34375 0.5 0.375 0.5 0.34375 1 0.3125 0.5 0.34375 0.5 0.2948992 0.9690346 0.28125 0.9690346 0.28125 0.5 0.28125 0.9690346 0.25 0.5 0.28125 0.5 0.2316747 0.9690346 0.21875 1 0.21875 0.5 0.21875 1 0.1875 0.5 0.21875 0.5 0.1875 1 0.15625 0.5 0.1875 0.5 0.15625 1 0.125 0.5 0.15625 0.5 0.125 1 0.09375 0.5 0.125 0.5 0.09375 1 0.0625 0.5 0.09375 0.5 0.3833369 0.4495527 0.341844 0.4717311 0.4872958 0.2774565 0.0625 1 0.03125 0.5 0.0625 0.5 0.03125 1 0 0.5 0.03125 0.5 0.7968217 0.01461148 0.5146116 0.2031783 0.7031784 0.4853885 1 1 0.96875 0.5 1 0.5 0.96875 1 0.9375 0.5 0.96875 0.5 0.9375 1 0.90625 0.5 0.9375 0.5 0.90625 1 0.875 0.5 0.90625 0.5 0.875 1 0.84375 0.5 0.875 0.5 0.84375 1 0.8125 0.5 0.84375 0.5 0.7843973 0.9515144 0.78125 0.9515144 0.78125 0.5 0.78125 0.9515144 0.75 0.5 0.78125 0.5 0.7215768 0.9515144 0.71875 1 0.71875 0.5 0.71875 1 0.6875 0.5 0.71875 0.5 0.6875 1 0.65625 0.5 0.6875 0.5 0.65625 1 0.625 0.5 0.65625 0.5 0.625 1 0.59375 0.5 0.625 0.5 0.59375 1 0.5625 0.5 0.59375 0.5 0.5625 1 0.53125 0.5 0.5625 0.5 0.53125 1 0.5 0.5 0.53125 0.5 0.5 1 0.46875 0.5 0.5 0.5 0.46875 1 0.4375 0.5 0.46875 0.5 0.4375 1 0.40625 0.5 0.4375 0.5 0.40625 1 0.375 0.5 0.40625 0.5 0.375 1 0.34375 0.5 0.375 0.5 0.34375 1 0.3125 0.5 0.34375 0.5 0.3125 1 0.28125 0.5 0.3125 0.5 0.28125 0.5 0.2784236 0.9515144 0.25 0.5 0.25 0.9515144 0.21875 0.5 0.25 0.5 0.215603 0.9515144 0.1875 1 0.1875 0.5 0.1875 1 0.15625 0.5 0.1875 0.5 0.15625 1 0.125 0.5 0.15625 0.5 0.125 1 0.09375 0.5 0.125 0.5 0.09375 1 0.0625 0.5 0.09375 0.5 0.3833369 0.4495527 0.341844 0.4717311 0.484013 0.3013558 0.0625 1 0.03125 0.5 0.0625 0.5 0.03125 1 0 0.5 0.03125 0.5 0.7968217 0.01461148 0.5146116 0.2031783 0.7031784 0.4853885 1 1 0.96875 0.5 1 0.5 0.96875 1 0.9375 0.5 0.96875 0.5 0.9375 1 0.90625 0.5 0.9375 0.5 0.90625 1 0.875 0.5 0.90625 0.5 0.875 1 0.84375 0.5 0.875 0.5 0.84375 1 0.8125 0.5 0.84375 0.5 0.7994034 0.9653213 0.78125 0.9653212 0.78125 0.5 0.78125 0.9653212 0.75 0.5 0.78125 0.5 0.7360054 0.9653212 0.71875 1 0.71875 0.5 0.71875 1 0.6875 0.5 0.71875 0.5 0.6875 1 0.65625 0.5 0.6875 0.5 0.65625 1 0.625 0.5 0.65625 0.5 0.625 1 0.59375 0.5 0.625 0.5 0.59375 1 0.5625 0.5 0.59375 0.5 0.5625 1 0.53125 0.5 0.5625 0.5 0.53125 1 0.5 0.5 0.53125 0.5 0.5 1 0.46875 0.5 0.5 0.5 0.46875 1 0.4375 0.5 0.46875 0.5 0.4375 1 0.40625 0.5 0.4375 0.5 0.40625 1 0.375 0.5 0.40625 0.5 0.375 1 0.34375 0.5 0.375 0.5 0.34375 1 0.3125 0.5 0.34375 0.5 0.3125 1 0.28125 0.5 0.3125 0.5 0.2639946 0.9653213 0.25 0.9653213 0.25 0.5 0.25 0.9653213 0.21875 0.5 0.25 0.5 0.2005966 0.9653211 0.1875 1 0.1875 0.5 0.1875 1 0.15625 0.5 0.1875 0.5 0.15625 1 0.125 0.5 0.15625 0.5 0.125 1 0.09375 0.5 0.125 0.5 0.09375 1 0.0625 0.5 0.09375 0.5 0.3833369 0.4495527 0.341844 0.4717311 0.4774548 0.3229754 0.0625 1 0.03125 0.5 0.0625 0.5 0.03125 1 0 0.5 0.03125 0.5 0.7968217 0.01461148 0.5146116 0.2031783 0.7031784 0.4853885 0.375 0.4604039 0.4687586 0.2778204 0.375 0.2778204 0.375 0.7919243 0.4687587 0.9698514 0.4687587 0.7919244 0.3833369 0.05044728 0.4197056 0.08029437 0.4808064 0.188073 0.1528204 0.5 0.151605 0.5852017 0.1551486 0.75 0.375 0.2788571 0.4487749 0.4617868 0.4487749 0.2788571 0.3833369 0.05044728 0.4197056 0.08029437 0.4794232 0.1835135 0.375 0.9681085 0.4487748 0.7912479 0.375 0.7912477 0.153857 0.5 0.1528146 0.5730672 0.1568915 0.75 0.375 0.470292 0.4905164 0.2898928 0.375 0.289893 0.4197056 0.08029437 0.4495527 0.1166631 0.4858055 0.207413 0.375 0.779017 0.4905164 0.960798 0.4905164 0.779017 0.164893 0.5 0.1643628 0.5120662 0.1625853 0.6366679 0.375 0.4655638 0.4576219 0.2902204 0.375 0.2902206 0.375 0.9638189 0.4576219 0.7803966 0.375 0.7803965 0.1652206 0.5 0.1621625 0.5695997 0.1611811 0.75 0.4197056 0.08029437 0.4495527 0.1166631 0.4879348 0.2290319 0.625 0.2623779 0.375 0.4894743 0.375 0.2623779 0.125 0.512378 0.1373779 0.5 0.375 0.5105257 0.8647961 0.75 0.625 0.7400708 0.875 0.7397962 0.375 0.5105257 0.625 0.5086979 0.625 0.5105257 0.375 0.5086979 0.625 0.5069257 0.625 0.5086979 0.375 0.5069257 0.625 0.5052629 0.625 0.5069257 0.375 0.5052629 0.6250001 0.5037599 0.625 0.5052629 0.375 0.5037599 0.625 0.4962401 0.6250001 0.5037599 0.375 0.4962401 0.625 0.4947372 0.625 0.4962401 0.375 0.4947372 0.625 0.4930743 0.625 0.4947372 0.375 0.4930743 0.625 0.4913021 0.625 0.4930743 0.375 0.4913021 0.625 0.4894743 0.625 0.4913021 0.625 0.5105257 0.375 0.7400708 0.375 0.5105257 0.375 0.2623779 0.6250001 0.2602285 0.625 0.2623779 0.375 0.2602285 0.625 0.2581444 0.6250001 0.2602285 0.375 0.2581444 0.625 0.256189 0.625 0.2581444 0.375 0.2561889 0.625 0.2544215 0.625 0.256189 0.375 0.2544215 0.625 0.2455784 0.625 0.2544215 0.375 0.2455784 0.625 0.243811 0.625 0.2455784 0.375 0.243811 0.625 0.2418555 0.625 0.243811 0.375 0.2418555 0.625 0.2397714 0.625 0.2418555 0.375 0.2397714 0.625 0.237622 0.625 0.2397714 0.625 0.9897962 0.375 0.991568 0.375 0.9897962 0.625 0.991568 0.375 0.9932861 0.375 0.991568 0.625 0.9932861 0.375 0.9948981 0.375 0.9932861 0.625 0.9948981 0.375 0.9963551 0.375 0.9948981 0.625 0 0.375 0.003644943 0.375 0 0.625 0.003644943 0.375 0.005101919 0.375 0.003644943 0.625 0.005101919 0.375 0.006713926 0.375 0.005101919 0.625 0.006713926 0.375 0.008431971 0.375 0.006713926 0.625 0.008431971 0.375 0.01020383 0.375 0.008431971 0.625 0.01020383 0.375 0.237622 0.375 0.01020383 0.375 0.7599292 0.625 0.7582051 0.625 0.7599292 0.375 0.7582051 0.625 0.7565333 0.625 0.7582051 0.375 0.7565333 0.6250001 0.7549647 0.625 0.7565333 0.375 0.7549647 0.625 0.7535468 0.6250001 0.7549647 0.375 0.7535469 0.625 0.7464531 0.625 0.7535468 0.375 0.7464532 0.625 0.7450354 0.625 0.7464531 0.375 0.7450354 0.625 0.7434667 0.625 0.7450354 0.375 0.7434667 0.625 0.741795 0.625 0.7434667 0.375 0.741795 0.625 0.7400708 0.625 0.741795 0.625 0.7599292 0.375 0.9897962 0.375 0.7599292 0.3685082 0.75 0.1324248 0.6521245 0.1324248 0.75 0.3704623 0.5 0.134379 0.5673885 0.3704623 0.5673885 0.375 0.5 0.125 0.56854 0.125 0.5 0.78125 0.967556 0.8125 0.5322102 0.78125 0.5322033 0.75 0.9675536 0.78125 0.5322033 0.75 0.5322009 0.8125 0.9675629 0.84375 0.5322216 0.8125 0.5322102 0.90625 0.9676082 0.9375 0.5322766 0.90625 0.5322555 0.875 0.9675895 0.90625 0.5322555 0.875 0.5322369 0.71875 0.5322033 0.75 0.9675536 0.75 0.5322009 0.65625 0.5322216 0.6875001 0.9675629 0.6875 0.5322102 0.46875 0.9677003 0.4549885 0.5323578 0.4551309 0.9677103 0.6875 0.5322102 0.71875 0.967556 0.71875 0.5322033 0.5 0.5323237 0.53125 0.9676524 0.53125 0.5322997 0.625 0.5322369 0.6562501 0.9675742 0.65625 0.5322216 0.53125 0.5322997 0.5625 0.9676293 0.5625 0.5322766 0.125 0.68146 0.375 0.75 0.125 0.75 0.96875 0.9676524 1 0.5323237 0.96875 0.5322997 0 0.9676764 0.03125 0.5323477 0 0.5323237 0.46875 0.5323477 0.5 0.9676764 0.5 0.5323237 0.59375 0.5322555 0.625 0.9675895 0.625 0.5322369 0.5625 0.5322766 0.5937501 0.9676082 0.59375 0.5322555 0.9375 0.9676293 0.96875 0.5322997 0.9375 0.5322766 0.03125 0.9677003 0.04501146 0.5323578 0.03125 0.5323477 0.84375 0.9675742 0.875 0.5322369 0.84375 0.5322216 0.4496461 0.1476011 0.4531837 0.1365219 0.4568877 0.1649819 0.3812229 0.25 0.375 0.5 0.375 0.25 0.3483858 0.75 0.1422618 0.651222 0.1422618 0.75 0.875 0.5850181 0.625 0.6672467 0.625 0.5850181 0.375 0.2729384 0.538497 0.4790624 0.538497 0.2729384 0.375 0.9827382 0.538496 0.7766142 0.375 0.7766143 0.375 0.9925751 0.4060599 0.7564918 0.375 0.7564918 0.375 0.4954623 0.4050247 0.259379 0.375 0.259379 0.3812229 0.25 0.3860636 0.5 0.3812229 0.5 0.3860636 0.25 0.3907573 0.5 0.3860636 0.5 0.3907573 0.25 0.3951612 0.5 0.3907573 0.5 0.3951612 0.25 0.3991416 0.5 0.3951612 0.5 0.3991416 0.25 0.4090995 0.5 0.3991416 0.5 0.1324248 0.5850442 0.3685082 0.5999454 0.3685082 0.5850443 0.3685082 0.5999454 0.1324248 0.6164318 0.3685082 0.6164319 0.1324248 0.6164318 0.3685082 0.6340029 0.3685082 0.6164319 0.1324248 0.6340029 0.3685082 0.6521246 0.3685082 0.6340029 0.375 0.75 0.375 1 0.375 0.75 0.375 0.75 0.3809207 1 0.375 1 0.3809207 0.75 0.3866616 1 0.3809207 1 0.3866616 0.75 0.3920481 1 0.3866616 1 0.3920481 0.75 0.3969166 1 0.3920481 1 0.3969166 0.75 0.4090963 1 0.3969166 1 0.134379 0.6535395 0.3704624 0.634402 0.134379 0.6344021 0.134379 0.6344021 0.3704623 0.6132284 0.134379 0.6132284 0.3704623 0.6132284 0.134379 0.5906621 0.134379 0.6132284 0.3704623 0.590662 0.134379 0.5673885 0.134379 0.5906621 0.1479384 0.581859 0.3540624 0.5939123 0.3540624 0.581859 0.1479384 0.5939123 0.3540624 0.6055993 0.3540624 0.5939123 0.1479384 0.6055992 0.3540624 0.616565 0.3540624 0.6055993 0.1479384 0.6165649 0.3540624 0.6264761 0.3540624 0.616565 0.4165836 0.259379 0.4124546 0.4954623 0.4165835 0.4954623 0.4124546 0.259379 0.4108041 0.4954623 0.4124546 0.4954623 0.4108042 0.259379 0.4089781 0.4954623 0.4108041 0.4954623 0.4089781 0.259379 0.4070318 0.4954623 0.4089781 0.4954623 0.4070318 0.259379 0.4050247 0.4954623 0.4070318 0.4954623 0.1479384 0.5 0.3540624 0.581859 0.3540624 0.5 0.3483858 0.651222 0.1422618 0.6402502 0.1422618 0.651222 0.3483858 0.6402502 0.1422618 0.6296117 0.1422618 0.6402502 0.3483858 0.6296117 0.1422618 0.6196299 0.1422618 0.6296117 0.3483858 0.6196299 0.1422618 0.6106079 0.1422618 0.6196299 0.4165817 0.7564918 0.4128232 0.9925751 0.4165817 0.9925751 0.4128232 0.7564918 0.4113208 0.9925752 0.4128232 0.9925751 0.4113208 0.7564918 0.4096585 0.9925751 0.4113208 0.9925752 0.4096585 0.7564918 0.4078869 0.9925751 0.4096585 0.9925751 0.4078869 0.7564918 0.4060598 0.9925751 0.4078869 0.9925751 0.4439543 0.6578117 0.4496992 0.6476011 0.4568867 0.6672467 0.375 0.5 0.5757001 0.5590787 0.5757001 0.5 0.375 0.75 0.375 0.9748492 0.3847195 0.8775411 0.375 0 0.4243 0.2435715 0.375 0.25 0.625 0.5151386 0.375 0.5624689 0.375 0.5151386 0.4340195 0.8936099 0.4340195 0.9561718 0.375 1 0.6401386 0.5 0.7686101 0.5064285 0.6291652 0.5064285 0.3847038 0.3724587 0.3847038 0.3152373 0.375 0.2751508 0.1501507 0.75 0.2918942 0.5590787 0.1501508 0.5 0.375 0.7667877 0.625 0.7638725 0.625 0.7667877 0.375 0.7638725 0.625 0.7610459 0.625 0.7638725 0.375 0.7610459 0.625 0.7583938 0.625 0.7610459 0.375 0.7583938 0.625 0.7559968 0.625 0.7583938 0.375 0.7559968 0.625 0.7440032 0.625 0.7559968 0.375 0.7440032 0.625 0.7416062 0.625 0.7440032 0.375 0.7416062 0.625 0.7389541 0.625 0.7416062 0.375 0.7389541 0.625 0.7361275 0.625 0.7389541 0.375 0.7361275 0.625 0.7332124 0.625 0.7361275 0.375 0.25 0.4340037 0.3563898 0.375 0.4848614 0.375 0.5151386 0.625 0.5125098 0.625 0.5151386 0.375 0.5125098 0.625 0.5099609 0.625 0.5125098 0.375 0.5099609 0.6250001 0.5075693 0.625 0.5099609 0.375 0.5075693 0.625 0.5054077 0.6250001 0.5075693 0.375 0.5054077 0.625 0.4945923 0.625 0.5054077 0.375 0.4945923 0.625 0.4924307 0.625 0.4945923 0.375 0.4924307 0.625 0.4900391 0.625 0.4924307 0.375 0.4900391 0.625 0.4874902 0.625 0.4900391 0.375 0.4874902 0.625 0.4848614 0.625 0.4874902 0.125 0.75 0.125 0.5 0.2799726 0.6875311 0.5317319 0.4216221 0.5479242 0.25 0.5479242 0.4294893 0.6417877 0.75 0.6388725 0.7497449 0.6291652 0.7435715 0.5479242 0 0.5317318 0.25 0.5317318 0 0.625 0.6875311 0.375 0.7332124 0.375 0.6875311 0.375 0.6909213 0.5757001 0.75 0.5757001 0.6909213 0.5317318 0.8283779 0.4658124 0.8205107 0.5479242 0.8205107 0.8311721 0.5064285 0.875 0.5 0.875 0.5064285 0.8311718 0.7435715 0.875 0.75 0.8311718 0.75 0.375 0.1540828 0.4466748 0.1418117 0.375 0.1418117 0.375 0.6540859 0.4466689 0.6418149 0.375 0.6418148 0.375 0.6081882 0.4466748 0.5959172 0.375 0.5959172 0.125 0.6081883 0.375 0.5959172 0.125 0.5959172 0.375 0.1081851 0.4466689 0.09591412 0.375 0.09591412 0.125 0.6540859 0.375 0.6418148 0.125 0.6418148 0.625 0.2696344 0.375 0.4785796 0.375 0.2696344 0.625 0.5214204 0.375 0.7336292 0.375 0.5214204 0.1485382 0.75 0.125 0.7264618 0.1446344 0.5 0.375 0.7663709 0.625 0.7635281 0.625 0.7663709 0.375 0.7635281 0.625 0.7607717 0.625 0.7635281 0.375 0.7607717 0.625 0.7581855 0.625 0.7607717 0.375 0.7581855 0.625 0.7558479 0.625 0.7581855 0.375 0.7558479 0.625 0.7441521 0.625 0.7558479 0.375 0.7441521 0.625 0.7418146 0.625 0.7441521 0.375 0.7418146 0.625 0.7392283 0.625 0.7418146 0.375 0.7392283 0.625 0.7364719 0.625 0.7392283 0.375 0.7364719 0.625 0.7336292 0.625 0.7364719 0.375 0.5214204 0.625 0.5177008 0.625 0.5214204 0.375 0.5177008 0.625 0.5140942 0.625 0.5177008 0.375 0.5140942 0.625 0.5107102 0.625 0.5140942 0.375 0.5107102 0.625 0.5076516 0.625 0.5107102 0.375 0.5076516 0.625 0.4923484 0.625 0.5076516 0.375 0.4923484 0.625 0.4892898 0.625 0.4923484 0.375 0.4892898 0.625 0.4859058 0.625 0.4892898 0.375 0.4859058 0.625 0.4822992 0.625 0.4859058 0.375 0.4822992 0.625 0.4785796 0.625 0.4822992 0.625 0.7663709 0.375 0.9764618 0.375 0.7663709 0.375 0.2696344 0.625 0.2662249 0.625 0.2696344 0.375 0.2662249 0.625 0.262919 0.625 0.2662249 0.375 0.262919 0.625 0.2598172 0.625 0.262919 0.375 0.2598172 0.625 0.2570136 0.625 0.2598172 0.375 0.2570136 0.625 0.2429863 0.625 0.2570136 0.375 0.2429863 0.625 0.2401828 0.625 0.2429863 0.375 0.2401828 0.625 0.2370809 0.625 0.2401828 0.375 0.2370809 0.625 0.233775 0.625 0.2370809 0.375 0.233775 0.625 0.2303656 0.625 0.233775 0.6259874 0.7392284 0.6252487 0.7364719 0.625 0.7336292 0.625 0.9764618 0.375 0.9805492 0.375 0.9764618 0.625 0.9805491 0.375 0.9845123 0.375 0.9805492 0.625 0.9845123 0.375 0.9882309 0.375 0.9845123 0.625 0.9882309 0.375 0.9915919 0.375 0.9882309 0.625 0 0.375 0.008408129 0.375 0 0.625 0.008408129 0.375 0.01176911 0.375 0.008408129 0.625 0.01176911 0.375 0.01548767 0.375 0.01176911 0.625 0.01548767 0.375 0.01945084 0.375 0.01548767 0.625 0.01945084 0.375 0.02353823 0.375 0.01945084 0.625 0.02353823 0.375 0.2303656 0.375 0.02353823 0.6285997 0.7211212 0.6259068 0.7137314 0.6846896 0.75 0.1283927 0.722782 0.1258546 0.7158171 0.181257 0.75 0.375 0.5271937 0.625 0.5224716 0.625 0.5271937 0.375 0.5224716 0.625 0.5178929 0.625 0.5224716 0.375 0.5178928 0.625 0.5135968 0.625 0.5178929 0.375 0.5135968 0.625 0.509714 0.625 0.5135968 0.375 0.5097139 0.625 0.4867893 0.625 0.509714 0.375 0.4867892 0.625 0.4815086 0.625 0.4867893 0.375 0.4815086 0.625 0.4756661 0.625 0.4815086 0.375 0.4756661 0.625 0.4694392 0.625 0.4756661 0.375 0.4694392 0.625 0.4630172 0.625 0.4694392 0.625 0.2941802 0.375 0.4630172 0.375 0.2941802 0.625 0.9437431 0.375 0.953512 0.375 0.943743 0.625 0.953512 0.375 0.962984 0.375 0.953512 0.625 0.9629841 0.375 0.9718715 0.375 0.962984 0.625 0.9718716 0.375 0.9799043 0.375 0.9718715 0.625 0 0.375 0.0147764 0.375 0 0.625 0.0147764 0.375 0.02068299 0.375 0.0147764 0.625 0.02068299 0.375 0.02721798 0.375 0.02068299 0.625 0.02721798 0.375 0.03418284 0.375 0.02721798 0.625 0.03418284 0.375 0.04136598 0.375 0.03418284 0.625 0.8096897 0.375 0.943743 0.375 0.8096895 0.375 0.8096895 0.625 0.7993246 0.625 0.8096897 0.375 0.7993246 0.625 0.7892745 0.625 0.7993246 0.375 0.7892745 0.625 0.7798448 0.625 0.7892745 0.375 0.7798448 0.625 0.7713218 0.625 0.7798448 0.375 0.7713218 0.625 0.734322 0.625 0.7713218 0.375 0.734322 0.625 0.728055 0.625 0.734322 0.375 0.728055 0.625 0.7211213 0.625 0.728055 0.375 0.7211213 0.625 0.7137314 0.625 0.7211213 0.375 0.7137314 0.625 0.70611 0.625 0.7137314 0.625 0.5271937 0.375 0.70611 0.375 0.5271937 0.375 0.2941802 0.625 0.2865084 0.625 0.2941802 0.375 0.2865085 0.625 0.2790697 0.625 0.2865084 0.375 0.2790697 0.625 0.2720901 0.625 0.2790697 0.375 0.2720901 0.625 0.2657817 0.625 0.2720901 0.375 0.2657817 0.625 0.2383956 0.625 0.2657817 0.375 0.2383956 0.625 0.233757 0.625 0.2383956 0.375 0.233757 0.625 0.2286249 0.625 0.233757 0.375 0.2286249 0.625 0.2231552 0.625 0.2286249 0.375 0.2231552 0.625 0.217514 0.625 0.2231552 0.625 0.04136598 0.375 0.217514 0.375 0.04136598 1 1 0.96875 0.5 1 0.5 0.96875 1 0.9375 0.5 0.96875 0.5 0.9375 1 0.90625 0.5 0.9375 0.5 0.90625 1 0.875 0.5 0.90625 0.5 0.875 1 0.84375 0.5 0.875 0.5 0.84375 1 0.8125 0.5 0.84375 0.5 0.8125 1 0.78125 0.5 0.8125 0.5 0.78125 1 0.75 0.5 0.78125 0.5 0.75 1 0.71875 0.5 0.75 0.5 0.71875 1 0.6875 0.5 0.71875 0.5 0.6875 1 0.65625 0.5 0.6875 0.5 0.65625 1 0.625 0.5 0.65625 0.5 0.625 1 0.59375 0.5 0.625 0.5 0.59375 1 0.5625 0.5 0.59375 0.5 0.5625 1 0.53125 0.5 0.5625 0.5 0.53125 1 0.5 0.5 0.53125 0.5 0.5 1 0.46875 0.5 0.5 0.5 0.46875 1 0.4375 0.5 0.46875 0.5 0.4375 1 0.40625 0.5 0.4375 0.5 0.40625 1 0.375 0.5 0.40625 0.5 0.375 1 0.34375 0.5 0.375 0.5 0.34375 1 0.3125 0.5 0.34375 0.5 0.3125 1 0.28125 0.5 0.3125 0.5 0.28125 1 0.25 0.5 0.28125 0.5 0.25 1 0.21875 0.5 0.25 0.5 0.21875 1 0.1875 0.5 0.21875 0.5 0.1875 1 0.15625 0.5 0.1875 0.5 0.15625 1 0.125 0.5 0.15625 0.5 0.125 1 0.09375 0.5 0.125 0.5 0.09375 1 0.0625 0.5 0.09375 0.5 0.4197056 0.4197056 0.3833369 0.4495527 0.08029431 0.4197056 0.0625 1 0.03125 0.5 0.0625 0.5 0.03125 1 0 0.5 0.03125 0.5 0.6166631 0.4495527 0.658156 0.4717311 0.8833369 0.4495527 1 1 0.96875 0.5 1 0.5 0.96875 1 0.9375 0.5 0.96875 0.5 0.9375 1 0.90625 0.5 0.9375 0.5 0.90625 1 0.875 0.5 0.90625 0.5 0.875 1 0.84375 0.5 0.875 0.5 0.84375 1 0.8125 0.5 0.84375 0.5 0.8125 1 0.78125 0.5 0.8125 0.5 0.78125 1 0.75 0.5 0.78125 0.5 0.75 1 0.71875 0.5 0.75 0.5 0.71875 1 0.6875 0.5 0.71875 0.5 0.6875 1 0.65625 0.5 0.6875 0.5 0.65625 1 0.625 0.5 0.65625 0.5 0.625 1 0.59375 0.5 0.625 0.5 0.59375 1 0.5625 0.5 0.59375 0.5 0.5625 1 0.53125 0.5 0.5625 0.5 0.53125 1 0.5 0.5 0.53125 0.5 0.5 1 0.46875 0.5 0.5 0.5 0.46875 1 0.4375 0.5 0.46875 0.5 0.4375 1 0.40625 0.5 0.4375 0.5 0.40625 1 0.375 0.5 0.40625 0.5 0.375 1 0.34375 0.5 0.375 0.5 0.34375 1 0.3125 0.5 0.34375 0.5 0.3125 1 0.28125 0.5 0.3125 0.5 0.28125 1 0.25 0.5 0.28125 0.5 0.25 1 0.21875 0.5 0.25 0.5 0.21875 1 0.1875 0.5 0.21875 0.5 0.1875 1 0.15625 0.5 0.1875 0.5 0.15625 1 0.125 0.5 0.15625 0.5 0.125 1 0.09375 0.5 0.125 0.5 0.09375 1 0.0625 0.5 0.09375 0.5 0.4197056 0.4197056 0.3833369 0.4495527 0.08029431 0.4197056 0.0625 1 0.03125 0.5 0.0625 0.5 0.03125 1 0 0.5 0.03125 0.5 0.6166631 0.4495527 0.658156 0.4717311 0.8833369 0.4495527 1 1 0.96875 0.5 1 0.5 0.96875 1 0.9375 0.5 0.96875 0.5 0.9375 1 0.90625 0.5 0.9375 0.5 0.90625 1 0.875 0.5 0.90625 0.5 0.875 1 0.84375 0.5 0.875 0.5 0.84375 1 0.8125 0.5 0.84375 0.5 0.8125 1 0.78125 0.5 0.8125 0.5 0.78125 1 0.75 0.5 0.78125 0.5 0.75 1 0.71875 0.5 0.75 0.5 0.71875 1 0.6875 0.5 0.71875 0.5 0.6875 1 0.65625 0.5 0.6875 0.5 0.65625 1 0.625 0.5 0.65625 0.5 0.625 1 0.59375 0.5 0.625 0.5 0.59375 1 0.5625 0.5 0.59375 0.5 0.5625 1 0.53125 0.5 0.5625 0.5 0.53125 1 0.5 0.5 0.53125 0.5 0.5 1 0.46875 0.5 0.5 0.5 0.46875 1 0.4375 0.5 0.46875 0.5 0.4375 1 0.40625 0.5 0.4375 0.5 0.40625 1 0.375 0.5 0.40625 0.5 0.375 1 0.34375 0.5 0.375 0.5 0.34375 1 0.3125 0.5 0.34375 0.5 0.3125 1 0.28125 0.5 0.3125 0.5 0.28125 1 0.25 0.5 0.28125 0.5 0.25 1 0.21875 0.5 0.25 0.5 0.21875 1 0.1875 0.5 0.21875 0.5 0.1875 1 0.15625 0.5 0.1875 0.5 0.15625 1 0.125 0.5 0.15625 0.5 0.125 1 0.09375 0.5 0.125 0.5 0.09375 1 0.0625 0.5 0.09375 0.5 0.4197056 0.4197056 0.3833369 0.4495527 0.08029431 0.4197056 0.0625 1 0.03125 0.5 0.0625 0.5 0.03125 1 0 0.5 0.03125 0.5 0.6166631 0.4495527 0.658156 0.4717311 0.8833369 0.4495527 1 1 0.96875 1 0.96875 0.5 0.96875 1 0.9375 1 0.9375 0.5 0.9375 1 0.90625 1 0.90625 0.5 0.90625 1 0.875 1 0.875 0.5 0.875 1 0.84375 1 0.84375 0.5 0.84375 1 0.8125 1 0.8125 0.5 0.8125 1 0.78125 1 0.78125 0.5 0.75 0.5 0.78125 0.5 0.7713688 0.9621264 0.78125 0.5 0.78125 1 0.7713688 0.9621264 0.78125 1 0.7713688 1 0.7713688 0.9621264 0.75 0.9621265 0.71875 0.9621265 0.71875 0.5 0.6875 0.5 0.71875 0.5 0.7082655 0.9621265 0.71875 0.5 0.71875 0.9621265 0.7082655 0.9621265 0.7082655 0.9621265 0.7082655 1 0.6875 1 0.6875 1 0.65625 1 0.65625 0.5 0.65625 1 0.625 1 0.625 0.5 0.625 1 0.59375 1 0.59375 0.5 0.59375 1 0.5625 1 0.5625 0.5 0.5625 1 0.53125 1 0.53125 0.5 0.53125 1 0.5 1 0.5 0.5 0.5 1 0.46875 1 0.46875 0.5 0.46875 1 0.4375 1 0.4375 0.5 0.4375 1 0.40625 1 0.40625 0.5 0.40625 1 0.375 1 0.375 0.5 0.375 1 0.34375 1 0.34375 0.5 0.34375 1 0.3125 1 0.3125 0.5 0.28125 0.5 0.3125 0.5 0.2917345 0.9621264 0.3125 0.5 0.3125 1 0.2917345 0.9621264 0.3125 1 0.2917345 1 0.2917345 0.9621264 0.28125 0.9621265 0.25 0.9621265 0.25 0.5 0.21875 0.5 0.25 0.5 0.2286313 0.9621265 0.25 0.5 0.25 0.9621265 0.2286313 0.9621265 0.2286313 0.9621265 0.2286313 1 0.21875 1 0.21875 1 0.1875 1 0.1875 0.5 0.1875 1 0.15625 1 0.15625 0.5 0.15625 1 0.125 1 0.125 0.5 0.125 1 0.09375 1 0.09375 0.5 0.09375 1 0.0625 1 0.0625 0.5 0.341844 0.4717311 0.2968217 0.4853885 0.4868466 0.2820166 0.2968217 0.4853885 0.25 0.49 0.4868466 0.2820166 0.25 0.49 0.2031783 0.4853885 0.01315331 0.2820166 0.2031783 0.4853885 0.1581559 0.4717311 0.01315331 0.2820166 0.1581559 0.4717311 0.1166631 0.4495527 0.01315331 0.2820166 0.1166631 0.4495527 0.08029431 0.4197056 0.01315331 0.2820166 0.08029431 0.4197056 0.05044722 0.3833368 0.01315331 0.2820166 0.05044722 0.3833368 0.02826893 0.341844 0.01315331 0.2820166 0.02826893 0.341844 0.01461154 0.2968217 0.01315331 0.2820166 0.01315331 0.2820166 0.4868466 0.2820166 0.25 0.49 0.4868466 0.2820166 0.4853885 0.2968217 0.4717311 0.341844 0.4495527 0.3833369 0.4868466 0.2820166 0.4717311 0.341844 0.4495527 0.3833369 0.4197056 0.4197056 0.4868466 0.2820166 0.4197056 0.4197056 0.3833369 0.4495527 0.4868466 0.2820166 0.0625 1 0.03125 1 0.03125 0.5 0.03125 1 0 1 0 0.5 0.7031784 0.4853885 0.75 0.49 0.7968217 0.4853885 0.7968217 0.4853885 0.841844 0.4717311 0.8833369 0.4495527 0.8833369 0.4495527 0.9197056 0.4197056 0.9495527 0.3833369 0.9495527 0.3833369 0.9717311 0.341844 0.9853885 0.2968217 0.9853885 0.2968217 0.99 0.25 0.9853885 0.2031783 0.9853885 0.2031783 0.9717311 0.1581559 0.9495527 0.1166631 0.9495527 0.1166631 0.9197056 0.08029437 0.8833369 0.05044728 0.8833369 0.05044728 0.841844 0.02826887 0.7968217 0.01461148 0.7968217 0.01461148 0.75 0.00999999 0.7031784 0.01461148 0.7031784 0.01461148 0.658156 0.02826887 0.6166631 0.05044728 0.6166631 0.05044728 0.5802944 0.08029437 0.5504474 0.116663 0.5504474 0.116663 0.5282689 0.1581559 0.5146116 0.2031783 0.5146116 0.2031783 0.51 0.25 0.5146116 0.2968217 0.5146116 0.2968217 0.5282689 0.341844 0.5146116 0.2031783 0.5282689 0.341844 0.5504473 0.3833368 0.5146116 0.2031783 0.5504473 0.3833368 0.5802944 0.4197056 0.7031784 0.4853885 0.5802944 0.4197056 0.6166631 0.4495527 0.7031784 0.4853885 0.6166631 0.4495527 0.658156 0.4717311 0.7031784 0.4853885 0.7031784 0.4853885 0.7968217 0.4853885 0.9853885 0.2968217 0.7968217 0.4853885 0.8833369 0.4495527 0.9853885 0.2968217 0.8833369 0.4495527 0.9495527 0.3833369 0.9853885 0.2968217 0.9853885 0.2968217 0.9853885 0.2031783 0.9495527 0.1166631 0.9495527 0.1166631 0.8833369 0.05044728 0.9853885 0.2968217 0.8833369 0.05044728 0.7968217 0.01461148 0.9853885 0.2968217 0.7968217 0.01461148 0.7031784 0.01461148 0.5146116 0.2031783 0.7031784 0.01461148 0.6166631 0.05044728 0.5146116 0.2031783 0.6166631 0.05044728 0.5504474 0.116663 0.5146116 0.2031783 0.5146116 0.2031783 0.5504473 0.3833368 0.7031784 0.4853885 0.7031784 0.4853885 0.9853885 0.2968217 0.5146116 0.2031783 1 1 0.96875 1 0.96875 0.5 0.96875 1 0.9375 1 0.9375 0.5 0.9375 1 0.90625 1 0.90625 0.5 0.90625 1 0.875 1 0.875 0.5 0.875 1 0.84375 1 0.84375 0.5 0.84375 1 0.8125 1 0.8125 0.5 0.8125 1 0.78125 1 0.78125 0.5 0.75 0.5 0.78125 0.5 0.7683251 0.9690346 0.78125 0.5 0.78125 1 0.7683251 0.9690346 0.78125 1 0.7683252 1 0.7683251 0.9690346 0.75 0.9690346 0.71875 0.9690346 0.71875 0.5 0.6875 0.5 0.71875 0.5 0.7051007 0.9690346 0.71875 0.5 0.71875 0.9690346 0.7051007 0.9690346 0.7051007 0.9690346 0.7051007 1 0.6875 1 0.6875 1 0.65625 1 0.65625 0.5 0.65625 1 0.625 1 0.625 0.5 0.625 1 0.59375 1 0.59375 0.5 0.59375 1 0.5625 1 0.5625 0.5 0.5625 1 0.53125 1 0.53125 0.5 0.53125 1 0.5 1 0.5 0.5 0.5 1 0.46875 1 0.46875 0.5 0.46875 1 0.4375 1 0.4375 0.5 0.4375 1 0.40625 1 0.40625 0.5 0.40625 1 0.375 1 0.375 0.5 0.375 1 0.34375 1 0.34375 0.5 0.34375 1 0.3125 1 0.3125 0.5 0.28125 0.5 0.3125 0.5 0.2948992 0.9690346 0.3125 0.5 0.3125 1 0.2948992 0.9690346 0.3125 1 0.2948993 1 0.2948992 0.9690346 0.28125 0.9690346 0.25 0.9690346 0.25 0.5 0.21875 0.5 0.25 0.5 0.2316747 0.9690346 0.25 0.5 0.25 0.9690346 0.2316747 0.9690346 0.2316747 0.9690346 0.2316747 1 0.21875 1 0.21875 1 0.1875 1 0.1875 0.5 0.1875 1 0.15625 1 0.15625 0.5 0.15625 1 0.125 1 0.125 0.5 0.125 1 0.09375 1 0.09375 0.5 0.09375 1 0.0625 1 0.0625 0.5 0.341844 0.4717311 0.2968217 0.4853885 0.4872958 0.2774565 0.2968217 0.4853885 0.25 0.49 0.4872958 0.2774565 0.25 0.49 0.2031783 0.4853885 0.01270419 0.2774565 0.2031783 0.4853885 0.1581559 0.4717311 0.01270419 0.2774565 0.1581559 0.4717311 0.1166631 0.4495527 0.01270419 0.2774565 0.1166631 0.4495527 0.08029431 0.4197056 0.01270419 0.2774565 0.08029431 0.4197056 0.05044722 0.3833368 0.01270419 0.2774565 0.05044722 0.3833368 0.02826893 0.341844 0.01270419 0.2774565 0.02826893 0.341844 0.01461154 0.2968217 0.01270419 0.2774565 0.01270419 0.2774565 0.4872958 0.2774565 0.25 0.49 0.4872958 0.2774565 0.4853885 0.2968217 0.4717311 0.341844 0.4495527 0.3833369 0.4872958 0.2774565 0.4717311 0.341844 0.4495527 0.3833369 0.4197056 0.4197056 0.4872958 0.2774565 0.4197056 0.4197056 0.3833369 0.4495527 0.4872958 0.2774565 0.0625 1 0.03125 1 0.03125 0.5 0.03125 1 0 1 0 0.5 0.7031784 0.4853885 0.75 0.49 0.7968217 0.4853885 0.7968217 0.4853885 0.841844 0.4717311 0.8833369 0.4495527 0.8833369 0.4495527 0.9197056 0.4197056 0.9495527 0.3833369 0.9495527 0.3833369 0.9717311 0.341844 0.8833369 0.4495527 0.9717311 0.341844 0.9853885 0.2968217 0.8833369 0.4495527 0.9853885 0.2968217 0.99 0.25 0.9853885 0.2031783 0.9853885 0.2031783 0.9717311 0.1581559 0.9853885 0.2968217 0.9717311 0.1581559 0.9495527 0.1166631 0.9853885 0.2968217 0.9495527 0.1166631 0.9197056 0.08029437 0.8833369 0.05044728 0.8833369 0.05044728 0.841844 0.02826887 0.9495527 0.1166631 0.841844 0.02826887 0.7968217 0.01461148 0.9495527 0.1166631 0.7968217 0.01461148 0.75 0.00999999 0.7031784 0.01461148 0.7031784 0.01461148 0.658156 0.02826887 0.7968217 0.01461148 0.658156 0.02826887 0.6166631 0.05044728 0.7968217 0.01461148 0.6166631 0.05044728 0.5802944 0.08029437 0.5504474 0.116663 0.5504474 0.116663 0.5282689 0.1581559 0.5146116 0.2031783 0.5146116 0.2031783 0.51 0.25 0.5146116 0.2968217 0.5146116 0.2968217 0.5282689 0.341844 0.5146116 0.2031783 0.5282689 0.341844 0.5504473 0.3833368 0.5146116 0.2031783 0.5504473 0.3833368 0.5802944 0.4197056 0.6166631 0.4495527 0.6166631 0.4495527 0.658156 0.4717311 0.5504473 0.3833368 0.658156 0.4717311 0.7031784 0.4853885 0.5504473 0.3833368 0.7031784 0.4853885 0.7968217 0.4853885 0.9853885 0.2968217 0.7968217 0.4853885 0.8833369 0.4495527 0.9853885 0.2968217 0.6166631 0.05044728 0.5504474 0.116663 0.7968217 0.01461148 0.5504474 0.116663 0.5146116 0.2031783 0.7968217 0.01461148 0.9853885 0.2968217 0.9495527 0.1166631 0.7968217 0.01461148 0.5146116 0.2031783 0.5504473 0.3833368 0.7031784 0.4853885 0.7031784 0.4853885 0.9853885 0.2968217 0.7968217 0.01461148 1 1 0.96875 1 0.96875 0.5 0.96875 1 0.9375 1 0.9375 0.5 0.9375 1 0.90625 1 0.90625 0.5 0.90625 1 0.875 1 0.875 0.5 0.875 1 0.84375 1 0.84375 0.5 0.84375 1 0.8125 1 0.8125 0.5 0.78125 0.5 0.8125 0.5 0.7843973 0.9515144 0.8125 0.5 0.8125 1 0.7843973 0.9515144 0.8125 1 0.7843971 1 0.7843973 0.9515144 0.78125 0.9515144 0.75 0.9515144 0.75 0.5 0.71875 0.5 0.75 0.5 0.7215768 0.9515144 0.75 0.5 0.75 0.9515144 0.7215768 0.9515144 0.7215768 0.9515144 0.7215763 1 0.71875 1 0.71875 1 0.6875 1 0.6875 0.5 0.6875 1 0.65625 1 0.65625 0.5 0.65625 1 0.625 1 0.625 0.5 0.625 1 0.59375 1 0.59375 0.5 0.59375 1 0.5625 1 0.5625 0.5 0.5625 1 0.53125 1 0.53125 0.5 0.53125 1 0.5 1 0.5 0.5 0.5 1 0.46875 1 0.46875 0.5 0.46875 1 0.4375 1 0.4375 0.5 0.4375 1 0.40625 1 0.40625 0.5 0.40625 1 0.375 1 0.375 0.5 0.375 1 0.34375 1 0.34375 0.5 0.34375 1 0.3125 1 0.3125 0.5 0.3125 1 0.28125 1 0.28125 0.5 0.28125 0.5 0.28125 1 0.2784236 0.9515144 0.28125 1 0.2784236 1 0.2784236 0.9515144 0.2784236 0.9515144 0.25 0.9515144 0.25 0.5 0.25 0.9515144 0.21875 0.9515144 0.21875 0.5 0.1875 0.5 0.21875 0.5 0.215603 0.9515144 0.21875 0.5 0.21875 0.9515144 0.215603 0.9515144 0.215603 0.9515144 0.2156029 1 0.1875 1 0.1875 1 0.15625 1 0.15625 0.5 0.15625 1 0.125 1 0.125 0.5 0.125 1 0.09375 1 0.09375 0.5 0.09375 1 0.0625 1 0.0625 0.5 0.341844 0.4717311 0.2968217 0.4853885 0.484013 0.3013558 0.2968217 0.4853885 0.25 0.49 0.484013 0.3013558 0.25 0.49 0.2031783 0.4853885 0.01598691 0.3013558 0.2031783 0.4853885 0.1581559 0.4717311 0.01598691 0.3013558 0.1581559 0.4717311 0.1166631 0.4495527 0.01598691 0.3013558 0.1166631 0.4495527 0.08029431 0.4197056 0.01598691 0.3013558 0.08029431 0.4197056 0.05044722 0.3833368 0.01598691 0.3013558 0.05044722 0.3833368 0.02826893 0.341844 0.01598691 0.3013558 0.01598691 0.3013558 0.484013 0.3013558 0.25 0.49 0.484013 0.3013558 0.4717311 0.341844 0.4495527 0.3833369 0.4495527 0.3833369 0.4197056 0.4197056 0.484013 0.3013558 0.4197056 0.4197056 0.3833369 0.4495527 0.484013 0.3013558 0.0625 1 0.03125 1 0.03125 0.5 0.03125 1 0 1 0 0.5 0.7031784 0.4853885 0.75 0.49 0.7968217 0.4853885 0.7968217 0.4853885 0.841844 0.4717311 0.7031784 0.4853885 0.841844 0.4717311 0.8833369 0.4495527 0.7031784 0.4853885 0.8833369 0.4495527 0.9197056 0.4197056 0.9495527 0.3833369 0.9495527 0.3833369 0.9717311 0.341844 0.8833369 0.4495527 0.9717311 0.341844 0.9853885 0.2968217 0.8833369 0.4495527 0.9853885 0.2968217 0.99 0.25 0.9853885 0.2031783 0.9853885 0.2031783 0.9717311 0.1581559 0.9853885 0.2968217 0.9717311 0.1581559 0.9495527 0.1166631 0.9853885 0.2968217 0.9495527 0.1166631 0.9197056 0.08029437 0.8833369 0.05044728 0.8833369 0.05044728 0.841844 0.02826887 0.9495527 0.1166631 0.841844 0.02826887 0.7968217 0.01461148 0.9495527 0.1166631 0.7968217 0.01461148 0.75 0.00999999 0.7031784 0.01461148 0.7031784 0.01461148 0.658156 0.02826887 0.7968217 0.01461148 0.658156 0.02826887 0.6166631 0.05044728 0.7968217 0.01461148 0.6166631 0.05044728 0.5802944 0.08029437 0.5504474 0.116663 0.5504474 0.116663 0.5282689 0.1581559 0.5146116 0.2031783 0.5146116 0.2031783 0.51 0.25 0.5146116 0.2968217 0.5146116 0.2968217 0.5282689 0.341844 0.5146116 0.2031783 0.5282689 0.341844 0.5504473 0.3833368 0.5146116 0.2031783 0.5504473 0.3833368 0.5802944 0.4197056 0.6166631 0.4495527 0.6166631 0.4495527 0.658156 0.4717311 0.5504473 0.3833368 0.658156 0.4717311 0.7031784 0.4853885 0.5504473 0.3833368 0.6166631 0.05044728 0.5504474 0.116663 0.7968217 0.01461148 0.5504474 0.116663 0.5146116 0.2031783 0.7968217 0.01461148 0.7031784 0.4853885 0.8833369 0.4495527 0.9853885 0.2968217 0.9853885 0.2968217 0.9495527 0.1166631 0.7968217 0.01461148 0.5146116 0.2031783 0.5504473 0.3833368 0.7031784 0.4853885 0.7031784 0.4853885 0.9853885 0.2968217 0.7968217 0.01461148 1 1 0.96875 1 0.96875 0.5 0.96875 1 0.9375 1 0.9375 0.5 0.9375 1 0.90625 1 0.90625 0.5 0.90625 1 0.875 1 0.875 0.5 0.875 1 0.84375 1 0.84375 0.5 0.84375 1 0.8125 1 0.8125 0.5 0.78125 0.5 0.8125 0.5 0.7994034 0.9653213 0.8125 0.5 0.8125 1 0.7994034 0.9653213 0.8125 1 0.7994033 1 0.7994034 0.9653213 0.78125 0.9653212 0.75 0.9653212 0.75 0.5 0.71875 0.5 0.75 0.5 0.7360054 0.9653212 0.75 0.5 0.75 0.9653212 0.7360054 0.9653212 0.7360054 0.9653212 0.7360054 1 0.71875 1 0.71875 1 0.6875 1 0.6875 0.5 0.6875 1 0.65625 1 0.65625 0.5 0.65625 1 0.625 1 0.625 0.5 0.625 1 0.59375 1 0.59375 0.5 0.59375 1 0.5625 1 0.5625 0.5 0.5625 1 0.53125 1 0.53125 0.5 0.53125 1 0.5 1 0.5 0.5 0.5 1 0.46875 1 0.46875 0.5 0.46875 1 0.4375 1 0.4375 0.5 0.4375 1 0.40625 1 0.40625 0.5 0.40625 1 0.375 1 0.375 0.5 0.375 1 0.34375 1 0.34375 0.5 0.34375 1 0.3125 1 0.3125 0.5 0.3125 1 0.28125 1 0.28125 0.5 0.25 0.5 0.28125 0.5 0.2639946 0.9653213 0.28125 0.5 0.28125 1 0.2639946 0.9653213 0.28125 1 0.2639946 1 0.2639946 0.9653213 0.25 0.9653213 0.21875 0.9653213 0.21875 0.5 0.1875 0.5 0.21875 0.5 0.2005966 0.9653211 0.21875 0.5 0.21875 0.9653213 0.2005966 0.9653211 0.2005966 0.9653211 0.2005967 1 0.1875 1 0.1875 1 0.15625 1 0.15625 0.5 0.15625 1 0.125 1 0.125 0.5 0.125 1 0.09375 1 0.09375 0.5 0.09375 1 0.0625 1 0.0625 0.5 0.341844 0.4717311 0.2968217 0.4853885 0.4774548 0.3229754 0.2968217 0.4853885 0.25 0.49 0.4774548 0.3229754 0.25 0.49 0.2031783 0.4853885 0.02254515 0.3229754 0.2031783 0.4853885 0.1581559 0.4717311 0.02254515 0.3229754 0.1581559 0.4717311 0.1166631 0.4495527 0.02254515 0.3229754 0.1166631 0.4495527 0.08029431 0.4197056 0.02254515 0.3229754 0.08029431 0.4197056 0.05044722 0.3833368 0.02254515 0.3229754 0.05044722 0.3833368 0.02826893 0.341844 0.02254515 0.3229754 0.02254515 0.3229754 0.4774548 0.3229754 0.25 0.49 0.4774548 0.3229754 0.4717311 0.341844 0.4495527 0.3833369 0.4495527 0.3833369 0.4197056 0.4197056 0.4774548 0.3229754 0.4197056 0.4197056 0.3833369 0.4495527 0.4774548 0.3229754 0.0625 1 0.03125 1 0.03125 0.5 0.03125 1 0 1 0 0.5 0.7031784 0.4853885 0.75 0.49 0.7968217 0.4853885 0.7968217 0.4853885 0.841844 0.4717311 0.7031784 0.4853885 0.841844 0.4717311 0.8833369 0.4495527 0.7031784 0.4853885 0.8833369 0.4495527 0.9197056 0.4197056 0.9495527 0.3833369 0.9495527 0.3833369 0.9717311 0.341844 0.8833369 0.4495527 0.9717311 0.341844 0.9853885 0.2968217 0.8833369 0.4495527 0.9853885 0.2968217 0.99 0.25 0.9853885 0.2031783 0.9853885 0.2031783 0.9717311 0.1581559 0.9495527 0.1166631 0.9495527 0.1166631 0.9197056 0.08029437 0.8833369 0.05044728 0.8833369 0.05044728 0.841844 0.02826887 0.9495527 0.1166631 0.841844 0.02826887 0.7968217 0.01461148 0.9495527 0.1166631 0.7968217 0.01461148 0.75 0.00999999 0.7031784 0.01461148 0.7031784 0.01461148 0.658156 0.02826887 0.7968217 0.01461148 0.658156 0.02826887 0.6166631 0.05044728 0.7968217 0.01461148 0.6166631 0.05044728 0.5802944 0.08029437 0.5504474 0.116663 0.5504474 0.116663 0.5282689 0.1581559 0.5146116 0.2031783 0.5146116 0.2031783 0.51 0.25 0.5146116 0.2968217 0.5146116 0.2968217 0.5282689 0.341844 0.5504473 0.3833368 0.5504473 0.3833368 0.5802944 0.4197056 0.6166631 0.4495527 0.6166631 0.4495527 0.658156 0.4717311 0.5504473 0.3833368 0.658156 0.4717311 0.7031784 0.4853885 0.5504473 0.3833368 0.9853885 0.2968217 0.9853885 0.2031783 0.7968217 0.01461148 0.9853885 0.2031783 0.9495527 0.1166631 0.7968217 0.01461148 0.6166631 0.05044728 0.5504474 0.116663 0.7968217 0.01461148 0.5504474 0.116663 0.5146116 0.2031783 0.7968217 0.01461148 0.5146116 0.2031783 0.5146116 0.2968217 0.7031784 0.4853885 0.5146116 0.2968217 0.5504473 0.3833368 0.7031784 0.4853885 0.7031784 0.4853885 0.8833369 0.4495527 0.9853885 0.2968217 0.7031784 0.4853885 0.9853885 0.2968217 0.7968217 0.01461148 0.375 0.4604039 0.4687587 0.4604039 0.4687586 0.2778204 0.375 0.7919243 0.375 0.9698514 0.4687587 0.9698514 0.4717311 0.1581559 0.4808064 0.188073 0.4495527 0.1166631 0.4808064 0.188073 0.01919364 0.1880731 0.25 0.00999999 0.4495527 0.1166631 0.4808064 0.188073 0.4197056 0.08029437 0.01919364 0.1880731 0.02826887 0.1581559 0.05044728 0.116663 0.05044728 0.116663 0.08029437 0.08029437 0.01919364 0.1880731 0.08029437 0.08029437 0.1166631 0.05044728 0.01919364 0.1880731 0.1166631 0.05044728 0.1581559 0.02826887 0.01919364 0.1880731 0.1581559 0.02826887 0.2031783 0.01461148 0.01919364 0.1880731 0.2031783 0.01461148 0.25 0.00999999 0.01919364 0.1880731 0.25 0.00999999 0.2968217 0.01461148 0.4808064 0.188073 0.2968217 0.01461148 0.341844 0.02826887 0.4808064 0.188073 0.341844 0.02826887 0.3833369 0.05044728 0.4808064 0.188073 0.1533825 0.7098025 0.1551486 0.75 0.151605 0.5852017 0.1551486 0.75 0.3330757 0.75 0.1528204 0.5 0.3330757 0.75 0.3348418 0.7098025 0.3366194 0.5852018 0.3366194 0.5852018 0.3354039 0.5 0.3330757 0.75 0.3354039 0.5 0.1528204 0.5 0.3330757 0.75 0.375 0.2788571 0.375 0.4617867 0.4487749 0.4617868 0.4717311 0.1581559 0.4794232 0.1835135 0.4495527 0.1166631 0.4794232 0.1835135 0.02057677 0.1835135 0.25 0.00999999 0.4495527 0.1166631 0.4794232 0.1835135 0.4197056 0.08029437 0.02057677 0.1835135 0.02826887 0.1581559 0.05044728 0.116663 0.05044728 0.116663 0.08029437 0.08029437 0.02057677 0.1835135 0.08029437 0.08029437 0.1166631 0.05044728 0.02057677 0.1835135 0.1166631 0.05044728 0.1581559 0.02826887 0.02057677 0.1835135 0.1581559 0.02826887 0.2031783 0.01461148 0.02057677 0.1835135 0.2031783 0.01461148 0.25 0.00999999 0.02057677 0.1835135 0.25 0.00999999 0.2968217 0.01461148 0.4794232 0.1835135 0.2968217 0.01461148 0.341844 0.02826887 0.4794232 0.1835135 0.341844 0.02826887 0.3833369 0.05044728 0.4794232 0.1835135 0.375 0.9681085 0.4487748 0.9681085 0.4487748 0.7912479 0.1545922 0.6976689 0.1568915 0.75 0.1528146 0.5730672 0.1568915 0.75 0.3337522 0.75 0.153857 0.5 0.3337522 0.75 0.3360515 0.6976689 0.337829 0.5730671 0.337829 0.5730671 0.3367867 0.5 0.3337522 0.75 0.3367867 0.5 0.153857 0.5 0.3337522 0.75 0.375 0.470292 0.4905164 0.4702922 0.4905164 0.2898928 0.4853885 0.2031783 0.4858055 0.207413 0.4717311 0.1581559 0.4858055 0.207413 0.01419442 0.207413 0.25 0.00999999 0.4717311 0.1581559 0.4858055 0.207413 0.4495527 0.1166631 0.01419442 0.207413 0.01461154 0.2031783 0.02826887 0.1581559 0.02826887 0.1581559 0.05044728 0.116663 0.01419442 0.207413 0.05044728 0.116663 0.08029437 0.08029437 0.01419442 0.207413 0.08029437 0.08029437 0.1166631 0.05044728 0.01419442 0.207413 0.1166631 0.05044728 0.1581559 0.02826887 0.01419442 0.207413 0.1581559 0.02826887 0.2031783 0.01461148 0.01419442 0.207413 0.2031783 0.01461148 0.25 0.00999999 0.01419442 0.207413 0.25 0.00999999 0.2968217 0.01461148 0.4858055 0.207413 0.2968217 0.01461148 0.341844 0.02826887 0.4858055 0.207413 0.341844 0.02826887 0.3833369 0.05044728 0.4858055 0.207413 0.3833369 0.05044728 0.4197056 0.08029437 0.4858055 0.207413 0.375 0.779017 0.375 0.9607982 0.4905164 0.960798 0.1625853 0.6366679 0.1642018 0.75 0.164893 0.5 0.1642018 0.75 0.345983 0.75 0.164893 0.5 0.345983 0.75 0.3475997 0.6366683 0.345292 0.5 0.3475997 0.6366683 0.3458222 0.5120662 0.345292 0.5 0.345292 0.5 0.164893 0.5 0.345983 0.75 0.375 0.4655638 0.4576218 0.465564 0.4576219 0.2902204 0.375 0.9638189 0.4576219 0.9638189 0.4576219 0.7803966 0.160385 0.6942004 0.1611811 0.75 0.1621625 0.5695997 0.1611811 0.75 0.3446035 0.75 0.1652206 0.5 0.3446035 0.75 0.3453994 0.6942005 0.3436219 0.5695999 0.3436219 0.5695999 0.3405638 0.5 0.3446035 0.75 0.3405638 0.5 0.1652206 0.5 0.3446035 0.75 0.4853885 0.2031783 0.4879348 0.2290319 0.4717311 0.1581559 0.4879348 0.2290319 0.01206517 0.2290319 0.25 0.00999999 0.4717311 0.1581559 0.4879348 0.2290319 0.4495527 0.1166631 0.01206517 0.2290319 0.01461154 0.2031783 0.02826887 0.1581559 0.02826887 0.1581559 0.05044728 0.116663 0.01206517 0.2290319 0.05044728 0.116663 0.08029437 0.08029437 0.01206517 0.2290319 0.08029437 0.08029437 0.1166631 0.05044728 0.01206517 0.2290319 0.1166631 0.05044728 0.1581559 0.02826887 0.01206517 0.2290319 0.1581559 0.02826887 0.2031783 0.01461148 0.01206517 0.2290319 0.2031783 0.01461148 0.25 0.00999999 0.01206517 0.2290319 0.25 0.00999999 0.2968217 0.01461148 0.4879348 0.2290319 0.2968217 0.01461148 0.341844 0.02826887 0.4879348 0.2290319 0.341844 0.02826887 0.3833369 0.05044728 0.4879348 0.2290319 0.3833369 0.05044728 0.4197056 0.08029437 0.4879348 0.2290319 0.625 0.2623779 0.625 0.4894743 0.375 0.4894743 0.125 0.7397962 0.125 0.512378 0.375 0.7400708 0.125 0.512378 0.125188 0.5102285 0.1373779 0.5 0.1373779 0.5 0.125188 0.5102285 0.1257464 0.5081444 0.1257464 0.5081444 0.1266583 0.506189 0.1373779 0.5 0.1266583 0.506189 0.1278958 0.5044215 0.1373779 0.5 0.1278958 0.5044215 0.1294215 0.502896 0.1373779 0.5 0.1294215 0.502896 0.1311889 0.5016583 0.1373779 0.5 0.1311889 0.5016583 0.1331444 0.5007465 0.1373779 0.5 0.1331444 0.5007465 0.1352285 0.5001881 0.1373779 0.5 0.1373779 0.5 0.3644744 0.5 0.375 0.5105257 0.3644744 0.5 0.3663021 0.5001599 0.3680743 0.5006347 0.375 0.5105257 0.3644744 0.5 0.3748401 0.5086979 0.3680743 0.5006347 0.3697372 0.5014102 0.3644744 0.5 0.3697372 0.5014102 0.3712401 0.5024625 0.3644744 0.5 0.3712401 0.5024625 0.3725375 0.5037599 0.3644744 0.5 0.3725375 0.5037599 0.3735898 0.5052628 0.3644744 0.5 0.3735898 0.5052628 0.3743652 0.5069257 0.3644744 0.5 0.3743652 0.5069257 0.3748401 0.5086979 0.3644744 0.5 0.375 0.5105257 0.375 0.7400708 0.125 0.512378 0.375 0.7400708 0.3748492 0.7417949 0.3650707 0.75 0.125 0.7397962 0.1352038 0.75 0.125155 0.741568 0.3748492 0.7417949 0.3744012 0.7434666 0.3650707 0.75 0.3744012 0.7434666 0.3736698 0.7450355 0.3650707 0.75 0.3736698 0.7450355 0.372677 0.7464532 0.3650707 0.75 0.372677 0.7464532 0.3714531 0.7476769 0.3650707 0.75 0.3714531 0.7476769 0.3700354 0.7486698 0.3650707 0.75 0.3700354 0.7486698 0.3684667 0.7494012 0.3650707 0.75 0.3684667 0.7494012 0.3667949 0.7498492 0.3650707 0.75 0.3650707 0.75 0.1352038 0.75 0.375 0.7400708 0.1352038 0.75 0.133432 0.749845 0.1317139 0.7493848 0.375 0.7400708 0.1352038 0.75 0.125 0.7397962 0.1317139 0.7493848 0.1301019 0.748633 0.1352038 0.75 0.1301019 0.748633 0.1286449 0.7476127 0.1352038 0.75 0.1286449 0.7476127 0.1273872 0.7463552 0.1352038 0.75 0.1273872 0.7463552 0.126367 0.744898 0.1352038 0.75 0.126367 0.744898 0.1256154 0.7432861 0.1352038 0.75 0.1256154 0.7432861 0.125155 0.741568 0.1352038 0.75 0.625 0.7400708 0.625 0.5105257 0.8750001 0.512378 0.625 0.5105257 0.6251599 0.5086979 0.6355257 0.5 0.6251599 0.5086979 0.6256348 0.5069257 0.6355257 0.5 0.6256348 0.5069257 0.6264101 0.5052628 0.6355257 0.5 0.6264101 0.5052628 0.6274625 0.5037599 0.6355257 0.5 0.6274625 0.5037599 0.6287599 0.5024625 0.6355257 0.5 0.6287599 0.5024625 0.6302629 0.5014101 0.6355257 0.5 0.6302629 0.5014101 0.6319257 0.5006347 0.6355257 0.5 0.6319257 0.5006347 0.6336979 0.5001599 0.6355257 0.5 0.6355257 0.5 0.8626221 0.5 0.625 0.5105257 0.8626221 0.5 0.8647715 0.5001881 0.8668555 0.5007465 0.8668555 0.5007465 0.868811 0.5016583 0.8626221 0.5 0.868811 0.5016583 0.8705785 0.5028959 0.8626221 0.5 0.8705785 0.5028959 0.8721041 0.5044215 0.8626221 0.5 0.8721041 0.5044215 0.8733417 0.506189 0.8626221 0.5 0.8733417 0.506189 0.8742536 0.5081445 0.8626221 0.5 0.8742536 0.5081445 0.8748119 0.5102285 0.8626221 0.5 0.8748119 0.5102285 0.8750001 0.512378 0.8626221 0.5 0.8750001 0.512378 0.875 0.7397962 0.625 0.7400708 0.875 0.7397962 0.874845 0.741568 0.8647961 0.75 0.625 0.7400708 0.8647961 0.75 0.6349292 0.75 0.874845 0.741568 0.8743847 0.7432861 0.8647961 0.75 0.8743847 0.7432861 0.8736329 0.744898 0.8647961 0.75 0.8736329 0.744898 0.8726127 0.746355 0.8647961 0.75 0.8726127 0.746355 0.8713551 0.7476128 0.8647961 0.75 0.8713551 0.7476128 0.8698981 0.748633 0.8647961 0.75 0.8698981 0.748633 0.8682861 0.7493847 0.8647961 0.75 0.8682861 0.7493847 0.866568 0.749845 0.8647961 0.75 0.6349292 0.75 0.6332052 0.7498493 0.6315333 0.7494012 0.625 0.7400708 0.6349292 0.75 0.6251509 0.7417949 0.6315333 0.7494012 0.6299647 0.7486699 0.6349292 0.75 0.6299647 0.7486699 0.6285469 0.747677 0.6349292 0.75 0.6285469 0.747677 0.6273232 0.7464532 0.6349292 0.75 0.6273232 0.7464532 0.6263304 0.7450355 0.6349292 0.75 0.6263304 0.7450355 0.6255988 0.7434667 0.6349292 0.75 0.6255988 0.7434667 0.6251509 0.7417949 0.6349292 0.75 0.8750001 0.512378 0.625 0.5105257 0.8626221 0.5 0.375 0.5105257 0.375 0.5086979 0.625 0.5086979 0.375 0.5086979 0.375 0.5069257 0.625 0.5069257 0.375 0.5069257 0.375 0.5052629 0.625 0.5052629 0.375 0.5052629 0.375 0.5037599 0.6250001 0.5037599 0.375 0.5037599 0.375 0.4962401 0.625 0.4962401 0.375 0.4962401 0.375 0.4947372 0.625 0.4947372 0.375 0.4947372 0.375 0.4930743 0.625 0.4930743 0.375 0.4930743 0.375 0.4913021 0.625 0.4913021 0.375 0.4913021 0.375 0.4894743 0.625 0.4894743 0.625 0.5105257 0.625 0.7400708 0.375 0.7400708 0.375 0.2623779 0.375 0.2602285 0.6250001 0.2602285 0.375 0.2602285 0.375 0.2581444 0.625 0.2581444 0.375 0.2581444 0.375 0.2561889 0.625 0.256189 0.375 0.2561889 0.375 0.2544215 0.625 0.2544215 0.375 0.2544215 0.375 0.2455784 0.625 0.2455784 0.375 0.2455784 0.375 0.243811 0.625 0.243811 0.375 0.243811 0.375 0.2418555 0.625 0.2418555 0.375 0.2418555 0.375 0.2397714 0.625 0.2397714 0.375 0.2397714 0.375 0.237622 0.625 0.237622 0.625 0.9897962 0.625 0.991568 0.375 0.991568 0.625 0.991568 0.625 0.9932861 0.375 0.9932861 0.625 0.9932861 0.625 0.9948981 0.375 0.9948981 0.625 0.9948981 0.625 0.9963551 0.375 0.9963551 0.625 0 0.625 0.003644943 0.375 0.003644943 0.625 0.003644943 0.625 0.005101919 0.375 0.005101919 0.625 0.005101919 0.625 0.006713926 0.375 0.006713926 0.625 0.006713926 0.625 0.008431971 0.375 0.008431971 0.625 0.008431971 0.625 0.01020383 0.375 0.01020383 0.625 0.01020383 0.625 0.237622 0.375 0.237622 0.375 0.7599292 0.375 0.7582051 0.625 0.7582051 0.375 0.7582051 0.375 0.7565333 0.625 0.7565333 0.375 0.7565333 0.375 0.7549647 0.6250001 0.7549647 0.375 0.7549647 0.375 0.7535469 0.625 0.7535468 0.375 0.7535469 0.375 0.7464532 0.625 0.7464531 0.375 0.7464532 0.375 0.7450354 0.625 0.7450354 0.375 0.7450354 0.375 0.7434667 0.625 0.7434667 0.375 0.7434667 0.375 0.741795 0.625 0.741795 0.375 0.741795 0.375 0.7400708 0.625 0.7400708 0.625 0.7599292 0.625 0.9897962 0.375 0.9897962 0.3685082 0.75 0.3685082 0.6521246 0.1324248 0.6521245 0.3704623 0.5 0.134379 0.5 0.134379 0.5673885 0.375 0.5 0.375 0.5685552 0.125 0.56854 0.78125 0.967556 0.8125 0.9675629 0.8125 0.5322102 0.75 0.9675536 0.78125 0.967556 0.78125 0.5322033 0.8125 0.9675629 0.84375 0.9675742 0.84375 0.5322216 0.90625 0.9676082 0.9375 0.9676293 0.9375 0.5322766 0.875 0.9675895 0.90625 0.9676082 0.90625 0.5322555 0.71875 0.5322033 0.71875 0.967556 0.75 0.9675536 0.65625 0.5322216 0.6562501 0.9675742 0.6875001 0.9675629 0.46875 0.9677003 0.46875 0.5323477 0.4549885 0.5323578 0.6875 0.5322102 0.6875001 0.9675629 0.71875 0.967556 0.5 0.5323237 0.5 0.9676764 0.53125 0.9676524 0.625 0.5322369 0.625 0.9675895 0.6562501 0.9675742 0.53125 0.5322997 0.53125 0.9676524 0.5625 0.9676293 0.125 0.68146 0.375 0.6814448 0.375 0.75 0.96875 0.9676524 1 0.9676764 1 0.5323237 0 0.9676764 0.03125 0.9677003 0.03125 0.5323477 0.46875 0.5323477 0.46875 0.9677003 0.5 0.9676764 0.59375 0.5322555 0.5937501 0.9676082 0.625 0.9675895 0.5625 0.5322766 0.5625 0.9676293 0.5937501 0.9676082 0.9375 0.9676293 0.96875 0.9676524 0.96875 0.5322997 0.03125 0.9677003 0.04486906 0.9677104 0.04501146 0.5323578 0.84375 0.9675742 0.875 0.9675895 0.875 0.5322369 0.375 0.06853991 0.375 0 0.375 0 0.375 0 0.3809208 5.43915e-4 0.3866615 0.002159059 0.3866615 0.002159059 0.3920482 0.004796504 0.375 0 0.3920482 0.004796504 0.3969166 0.008376002 0.375 0 0.3969166 0.008376002 0.4011192 0.01278877 0.375 0 0.4011192 0.01278877 0.4045283 0.01790082 0.375 0 0.4045283 0.01790082 0.4070399 0.02355682 0.375 0 0.4070399 0.02355682 0.4085783 0.02958482 0.375 0 0.4085783 0.02958482 0.4090963 0.0358017 0.375 0.06853991 0.4090963 0.0358017 0.4090963 0.05380272 0.3800825 0.06707525 0.4090963 0.05380272 0.4436025 0.05380272 0.4160013 0.07043612 0.4436025 0.05380272 0.4459092 0.05400454 0.448146 0.05460387 0.4160013 0.07043612 0.4436025 0.05380272 0.4267491 0.07589375 0.448146 0.05460387 0.4502446 0.05558246 0.4436025 0.05380272 0.4502446 0.05558246 0.4521414 0.05691063 0.4436025 0.05380272 0.4521414 0.05691063 0.4537787 0.05854797 0.4436025 0.05380272 0.4537787 0.05854797 0.4551069 0.06044483 0.4436025 0.05380272 0.4551069 0.06044483 0.4560855 0.06254345 0.4436025 0.05380272 0.4560855 0.06254345 0.4566848 0.06478017 0.4267491 0.07589375 0.4566848 0.06478017 0.4568867 0.06708693 0.4267491 0.07589375 0.4568867 0.0827533 0.625 0.0827533 0.4531837 0.113478 0.625 0.0827533 0.625 0.1649819 0.4543783 0.125 0.4568867 0.06708693 0.4568867 0.0827533 0.4361698 0.0832386 0.4267491 0.07589375 0.4568867 0.06708693 0.4361698 0.0832386 0.4090963 0.0358017 0.3800825 0.06707525 0.375 0.06853991 0.375 0.06853991 0.375 0 0.4085783 0.02958482 0.4267491 0.07589375 0.4436025 0.05380272 0.4560855 0.06254345 0.625 0.0827533 0.4543783 0.125 0.4531837 0.113478 0.625 0.1649819 0.4568877 0.1649819 0.4531837 0.1365219 0.4543783 0.125 0.625 0.1649819 0.4531837 0.1365219 0.3922108 0.06594043 0.3800825 0.06707525 0.4090963 0.05380272 0.4568877 0.1649819 0.4568877 0.1838862 0.4361698 0.1667613 0.4361698 0.1667613 0.4568877 0.1838862 0.4267492 0.1741062 0.4568877 0.1838862 0.4567038 0.1859861 0.4267492 0.1741062 0.4567038 0.1859861 0.4561584 0.1880221 0.4447952 0.1959787 0.4267492 0.1741062 0.4567038 0.1859861 0.4447952 0.1959787 0.4561584 0.1880221 0.4552674 0.1899324 0.4447952 0.1959787 0.4552674 0.1899324 0.4540585 0.191659 0.4447952 0.1959787 0.4540585 0.191659 0.4525681 0.1931496 0.4447952 0.1959787 0.4525681 0.1931496 0.4508414 0.1943586 0.4447952 0.1959787 0.4508414 0.1943586 0.4489311 0.1952494 0.4447952 0.1959787 0.4489311 0.1952494 0.446895 0.1957949 0.4447952 0.1959787 0.4447952 0.1959787 0.4090994 0.1959787 0.4160013 0.1795639 0.4090994 0.1959787 0.4090994 0.2221234 0.3800825 0.1829247 0.4090994 0.2221234 0.4086759 0.2269641 0.375 0.25 0.3800825 0.1829247 0.4090994 0.2221234 0.375 0.18146 0.4086759 0.2269641 0.4074183 0.2316578 0.375 0.25 0.4074183 0.2316578 0.4053647 0.2360618 0.375 0.25 0.4053647 0.2360618 0.4025776 0.2400421 0.375 0.25 0.4025776 0.2400421 0.3991416 0.2434781 0.375 0.25 0.375 0.25 0.3991416 0.2434781 0.3812229 0.25 0.3991416 0.2434781 0.3951612 0.2462652 0.3812229 0.25 0.3951612 0.2462652 0.3907572 0.2483188 0.3812229 0.25 0.3907572 0.2483188 0.3860635 0.2495765 0.3812229 0.25 0.375 0.25 0.375 0.18146 0.4090994 0.2221234 0.4447952 0.1959787 0.4160013 0.1795639 0.4267492 0.1741062 0.3800825 0.1829247 0.3922108 0.1840595 0.4090994 0.1959787 0.4090994 0.1959787 0.3922108 0.1840595 0.404339 0.1829247 0.404339 0.06707525 0.3922108 0.06594043 0.4090963 0.05380272 0.4160013 0.07043612 0.404339 0.06707525 0.4090963 0.05380272 0.4090994 0.1959787 0.404339 0.1829247 0.4160013 0.1795639 0.4439011 0.09218823 0.4361698 0.0832386 0.4568867 0.0827533 0.4361698 0.1667613 0.4439011 0.1578117 0.4568877 0.1649819 0.4439011 0.1578117 0.4496461 0.1476011 0.4568877 0.1649819 0.4496461 0.1023989 0.4439011 0.09218823 0.4568867 0.0827533 0.4531837 0.113478 0.4496461 0.1023989 0.4568867 0.0827533 0.3812229 0.25 0.3812229 0.5 0.375 0.5 0.3483858 0.75 0.3483858 0.651222 0.1422618 0.651222 0.875 0.5850181 0.875 0.6672468 0.625 0.6672467 0.375 0.2729384 0.375 0.4790624 0.538497 0.4790624 0.375 0.9827382 0.538496 0.9827383 0.538496 0.7766142 0.375 0.9925751 0.4060598 0.9925751 0.4060599 0.7564918 0.375 0.4954623 0.4050247 0.4954623 0.4050247 0.259379 0.3812229 0.25 0.3860636 0.25 0.3860636 0.5 0.3860636 0.25 0.3907573 0.25 0.3907573 0.5 0.3907573 0.25 0.3951612 0.25 0.3951612 0.5 0.3951612 0.25 0.3991416 0.25 0.3991416 0.5 0.3991416 0.25 0.4090995 0.25 0.4090995 0.5 0.1324248 0.5850442 0.1324248 0.5999453 0.3685082 0.5999454 0.3685082 0.5999454 0.1324248 0.5999453 0.1324248 0.6164318 0.1324248 0.6164318 0.1324248 0.6340029 0.3685082 0.6340029 0.1324248 0.6340029 0.1324248 0.6521245 0.3685082 0.6521246 0.375 0.75 0.375 1 0.375 1 0.375 0.75 0.3809207 0.75 0.3809207 1 0.3809207 0.75 0.3866616 0.75 0.3866616 1 0.3866616 0.75 0.3920481 0.75 0.3920481 1 0.3920481 0.75 0.3969166 0.75 0.3969166 1 0.3969166 0.75 0.4090963 0.75 0.4090963 1 0.134379 0.6535395 0.3704624 0.6535394 0.3704624 0.634402 0.134379 0.6344021 0.3704624 0.634402 0.3704623 0.6132284 0.3704623 0.6132284 0.3704623 0.590662 0.134379 0.5906621 0.3704623 0.590662 0.3704623 0.5673885 0.134379 0.5673885 0.1479384 0.581859 0.1479384 0.5939123 0.3540624 0.5939123 0.1479384 0.5939123 0.1479384 0.6055992 0.3540624 0.6055993 0.1479384 0.6055992 0.1479384 0.6165649 0.3540624 0.616565 0.1479384 0.6165649 0.1479384 0.6264761 0.3540624 0.6264761 0.4165836 0.259379 0.4124546 0.259379 0.4124546 0.4954623 0.4124546 0.259379 0.4108042 0.259379 0.4108041 0.4954623 0.4108042 0.259379 0.4089781 0.259379 0.4089781 0.4954623 0.4089781 0.259379 0.4070318 0.259379 0.4070318 0.4954623 0.4070318 0.259379 0.4050247 0.259379 0.4050247 0.4954623 0.1479384 0.5 0.1479384 0.581859 0.3540624 0.581859 0.3483858 0.651222 0.3483858 0.6402502 0.1422618 0.6402502 0.3483858 0.6402502 0.3483858 0.6296117 0.1422618 0.6296117 0.3483858 0.6296117 0.3483858 0.6196299 0.1422618 0.6196299 0.3483858 0.6196299 0.3483858 0.6106079 0.1422618 0.6106079 0.4165817 0.7564918 0.4128232 0.7564918 0.4128232 0.9925751 0.4128232 0.7564918 0.4113208 0.7564918 0.4113208 0.9925752 0.4113208 0.7564918 0.4096585 0.7564918 0.4096585 0.9925751 0.4096585 0.7564918 0.4078869 0.7564918 0.4078869 0.9925751 0.4078869 0.7564918 0.4060599 0.7564918 0.4060598 0.9925751 0.375 0.5685552 0.375 0.5 0.4090995 0.5278765 0.375 0.5 0.3812229 0.5 0.3991417 0.5065219 0.3991417 0.5065219 0.3812229 0.5 0.395161 0.5037345 0.3812229 0.5 0.3860636 0.5004235 0.3907573 0.5016813 0.3907573 0.5016813 0.395161 0.5037345 0.3812229 0.5 0.3991417 0.5065219 0.4025776 0.5099579 0.375 0.5 0.4025776 0.5099579 0.4053647 0.5139383 0.375 0.5 0.4053647 0.5139383 0.4074183 0.5183421 0.375 0.5 0.4074183 0.5183421 0.408676 0.5230357 0.375 0.5 0.408676 0.5230357 0.4090995 0.5278765 0.375 0.5 0.4090995 0.5278765 0.4090995 0.5540212 0.3801357 0.5670753 0.4090995 0.5540212 0.4447953 0.5540213 0.4160544 0.5704361 0.4447953 0.5540213 0.4468951 0.5542049 0.4489312 0.5547506 0.4160544 0.5704361 0.4447953 0.5540213 0.4268023 0.5758938 0.4489312 0.5547506 0.4508415 0.5556414 0.4447953 0.5540213 0.4508415 0.5556414 0.4525681 0.5568503 0.4447953 0.5540213 0.4525681 0.5568503 0.4540586 0.5583409 0.4447953 0.5540213 0.4540586 0.5583409 0.4552676 0.5600676 0.4447953 0.5540213 0.4552676 0.5600676 0.4561585 0.5619781 0.4447953 0.5540213 0.4561585 0.5619781 0.456704 0.5640139 0.4447953 0.5540213 0.456704 0.5640139 0.4568877 0.5661137 0.4268023 0.5758938 0.4568877 0.5850181 0.625 0.5850181 0.4532369 0.6134781 0.625 0.5850181 0.625 0.6672467 0.4544314 0.625 0.456704 0.5640139 0.4268023 0.5758938 0.4447953 0.5540213 0.4568877 0.5661137 0.4568877 0.5850181 0.436223 0.5832386 0.4268023 0.5758938 0.4568877 0.5661137 0.436223 0.5832386 0.4090995 0.5278765 0.3801357 0.5670753 0.375 0.5685552 0.625 0.5850181 0.4544314 0.625 0.4532369 0.6134781 0.625 0.6672467 0.4568867 0.6672467 0.4532369 0.636522 0.4544314 0.625 0.625 0.6672467 0.4532369 0.636522 0.392264 0.5659405 0.3801357 0.5670753 0.4090995 0.5540212 0.4568867 0.6672467 0.4568867 0.6829132 0.436223 0.6667614 0.4568867 0.6829132 0.4566851 0.68522 0.4268023 0.6741062 0.436223 0.6667614 0.4568867 0.6829132 0.4268023 0.6741062 0.4566851 0.68522 0.4560856 0.6874567 0.4268023 0.6741062 0.4560856 0.6874567 0.455107 0.6895552 0.4436025 0.6961975 0.4268023 0.6741062 0.4560856 0.6874567 0.4436025 0.6961975 0.455107 0.6895552 0.4537788 0.6914522 0.4436025 0.6961975 0.4537788 0.6914522 0.4521415 0.6930896 0.4436025 0.6961975 0.4521415 0.6930896 0.4502447 0.6944179 0.4436025 0.6961975 0.4502447 0.6944179 0.4481459 0.6953963 0.4436025 0.6961975 0.4481459 0.6953963 0.4459093 0.6959957 0.4436025 0.6961975 0.4090964 0.6961975 0.4090963 0.7141985 0.3801357 0.6829247 0.4090963 0.7141985 0.4085783 0.7204152 0.375 0.6814448 0.3801357 0.6829247 0.4090963 0.7141985 0.375 0.6814448 0.4436025 0.6961975 0.4090964 0.6961975 0.4160544 0.6795639 0.4043922 0.5670753 0.392264 0.5659405 0.4090995 0.5540212 0.4160544 0.5704361 0.4043922 0.5670753 0.4090995 0.5540212 0.4436025 0.6961975 0.4160544 0.6795639 0.4268023 0.6741062 0.4085783 0.7204152 0.40704 0.7264432 0.375 0.75 0.40704 0.7264432 0.4045283 0.7320995 0.375 0.75 0.4045283 0.7320995 0.4011194 0.7372112 0.375 0.75 0.4011194 0.7372112 0.3969165 0.7416239 0.375 0.75 0.3969165 0.7416239 0.3920481 0.7452034 0.375 0.75 0.3920481 0.7452034 0.3866617 0.7478412 0.375 0.75 0.3866617 0.7478412 0.3809207 0.7494559 0.375 0.75 0.375 0.75 0.375 0.75 0.375 0.6814448 0.375 0.75 0.375 0.6814448 0.4085783 0.7204152 0.4090964 0.6961975 0.3801357 0.6829247 0.392264 0.6840596 0.4090964 0.6961975 0.392264 0.6840596 0.4043922 0.6829248 0.4090964 0.6961975 0.4043922 0.6829248 0.4160544 0.6795639 0.4439542 0.5921882 0.436223 0.5832386 0.4568877 0.5850181 0.4496992 0.6023989 0.4439542 0.5921882 0.4568877 0.5850181 0.4532369 0.6134781 0.4496992 0.6023989 0.4568877 0.5850181 0.436223 0.6667614 0.4439543 0.6578117 0.4568867 0.6672467 0.4532369 0.636522 0.4568867 0.6672467 0.4496992 0.6476011 0.375 0.5 0.375 0.5590787 0.5757001 0.5590787 0.375 0.9748492 0.5757 0.9748492 0.3847195 0.9347624 0.5757 0.9748492 0.5757 0.9347624 0.3847195 0.9347624 0.5757001 0.877541 0.5757001 0.75 0.3847195 0.8775411 0.5757001 0.75 0.375 0.75 0.3847195 0.8775411 0.375 0.9748492 0.3847195 0.9347624 0.3847195 0.8775411 0.375 0 0.625 0 0.4243 0.00642848 0.625 0 0.625 0.00642848 0.4243 0.00642848 0.625 0.2435715 0.625 0.25 0.4243 0.2435715 0.625 0.25 0.375 0.25 0.4243 0.2435715 0.375 0 0.4243 0.00642848 0.4243 0.2435715 0.625 0.5151386 0.625 0.5624689 0.375 0.5624689 0.375 0.7667877 0.625 0.7667877 0.4340195 0.8936099 0.625 0.7667877 0.625 0.8936099 0.4340195 0.8936099 0.625 0.9561718 0.625 1 0.4340195 0.9561718 0.625 1 0.375 1 0.4340195 0.9561718 0.375 0.7667877 0.4340195 0.8936099 0.375 1 0.625 0.5624689 0.625 0.5151386 0.6291652 0.562469 0.625 0.5151386 0.6252301 0.5125098 0.6291652 0.5064285 0.6252301 0.5125098 0.6259131 0.5099608 0.6291652 0.5064285 0.6259131 0.5099608 0.6270282 0.5075693 0.6291652 0.5064285 0.6270282 0.5075693 0.6285417 0.5054077 0.6291652 0.5064285 0.6285417 0.5054077 0.6304079 0.503542 0.6291652 0.5064285 0.6304079 0.503542 0.6325692 0.5020281 0.6291652 0.5064285 0.6325692 0.5020281 0.6349609 0.500913 0.6291652 0.5064285 0.6349609 0.500913 0.6375099 0.50023 0.6291652 0.5064285 0.6375099 0.50023 0.6401386 0.5 0.6291652 0.5064285 0.6401386 0.5 0.7686102 0.5 0.7686101 0.5064285 0.6291652 0.5064285 0.6291652 0.562469 0.625 0.5151386 0.375 0.5 0.5757001 0.5 0.3847038 0.3724587 0.5757001 0.5 0.5757001 0.3724587 0.3847038 0.3724587 0.5757001 0.3152373 0.5757001 0.2751508 0.3847038 0.3152373 0.5757001 0.2751508 0.375 0.2751508 0.3847038 0.3152373 0.375 0.5 0.3847038 0.3724587 0.375 0.2751508 0.1501507 0.75 0.375 0.75 0.2918942 0.6909213 0.375 0.75 0.375 0.6909213 0.2918942 0.6909213 0.375 0.5590787 0.375 0.5 0.2918942 0.5590787 0.375 0.5 0.1501508 0.5 0.2918942 0.5590787 0.1501507 0.75 0.2918942 0.6909213 0.2918942 0.5590787 0.375 0.7667877 0.375 0.7638725 0.625 0.7638725 0.375 0.7638725 0.375 0.7610459 0.625 0.7610459 0.375 0.7610459 0.375 0.7583938 0.625 0.7583938 0.375 0.7583938 0.375 0.7559968 0.625 0.7559968 0.375 0.7559968 0.375 0.7440032 0.625 0.7440032 0.375 0.7440032 0.375 0.7416062 0.625 0.7416062 0.375 0.7416062 0.375 0.7389541 0.625 0.7389541 0.375 0.7389541 0.375 0.7361275 0.625 0.7361275 0.375 0.7361275 0.375 0.7332124 0.625 0.7332124 0.375 0.25 0.625 0.25 0.4340038 0.2938279 0.625 0.25 0.625 0.2938279 0.4340038 0.2938279 0.625 0.3563899 0.625 0.4848614 0.4340037 0.3563898 0.625 0.4848614 0.375 0.4848614 0.4340037 0.3563898 0.375 0.25 0.4340038 0.2938279 0.4340037 0.3563898 0.375 0.5151386 0.375 0.5125098 0.625 0.5125098 0.375 0.5125098 0.375 0.5099609 0.625 0.5099609 0.375 0.5099609 0.375 0.5075693 0.6250001 0.5075693 0.375 0.5075693 0.375 0.5054077 0.625 0.5054077 0.375 0.5054077 0.375 0.4945923 0.625 0.4945923 0.375 0.4945923 0.375 0.4924307 0.625 0.4924307 0.375 0.4924307 0.375 0.4900391 0.625 0.4900391 0.375 0.4900391 0.375 0.4874902 0.625 0.4874902 0.375 0.4874902 0.375 0.4848614 0.625 0.4848614 0.125 0.5 0.3598614 0.5 0.2799726 0.562469 0.3598614 0.5 0.3624902 0.50023 0.375 0.5151386 0.2799726 0.562469 0.3598614 0.5 0.375 0.5624689 0.3624902 0.50023 0.3650391 0.500913 0.375 0.5151386 0.3650391 0.500913 0.3674306 0.5020282 0.375 0.5151386 0.3674306 0.5020282 0.3695922 0.5035417 0.375 0.5151386 0.3695922 0.5035417 0.3714583 0.5054077 0.375 0.5151386 0.3714583 0.5054077 0.3729718 0.5075693 0.375 0.5151386 0.3729718 0.5075693 0.374087 0.5099609 0.375 0.5151386 0.374087 0.5099609 0.37477 0.5125098 0.375 0.5151386 0.375 0.5151386 0.375 0.5624689 0.3598614 0.5 0.2799726 0.6875311 0.375 0.6875311 0.3582124 0.75 0.375 0.6875311 0.375 0.7332124 0.3582124 0.75 0.375 0.7332124 0.3747449 0.7361275 0.3739876 0.7389541 0.3582124 0.75 0.375 0.7332124 0.3611274 0.749745 0.375 0.7332124 0.3739876 0.7389541 0.3727509 0.7416062 0.375 0.7332124 0.3727509 0.7416062 0.3710724 0.7440032 0.375 0.7332124 0.3710724 0.7440032 0.3690032 0.7460724 0.375 0.7332124 0.3690032 0.7460724 0.3666062 0.7477509 0.125 0.5 0.2799726 0.562469 0.2799726 0.6875311 0.3582124 0.75 0.125 0.75 0.2799726 0.6875311 0.3666062 0.7477509 0.3639541 0.7489876 0.375 0.7332124 0.3639541 0.7489876 0.3611274 0.749745 0.375 0.7332124 0.5317319 0.4216221 0.5317318 0.25 0.5479242 0.25 0.5479242 0.4294893 0.4658123 0.4294893 0.5317319 0.4216221 0.4658123 0.4294893 0.4658123 0.4216221 0.5317319 0.4216221 0.625 0.7332124 0.625 0.6875311 0.6291652 0.6875311 0.6291652 0.7435715 0.7686099 0.7435715 0.6417877 0.75 0.7686099 0.7435715 0.7686099 0.75 0.6417877 0.75 0.625 0.7332124 0.6291652 0.6875311 0.6291652 0.7435715 0.6260125 0.7389541 0.6252551 0.7361276 0.6291652 0.7435715 0.6252551 0.7361276 0.625 0.7332124 0.6291652 0.7435715 0.6289277 0.7440033 0.6272491 0.7416061 0.6291652 0.7435715 0.6272491 0.7416061 0.6260125 0.7389541 0.6291652 0.7435715 0.6333938 0.7477509 0.6309968 0.7460724 0.6291652 0.7435715 0.6309968 0.7460724 0.6289277 0.7440033 0.6291652 0.7435715 0.6388725 0.7497449 0.636046 0.7489876 0.6291652 0.7435715 0.636046 0.7489876 0.6333938 0.7477509 0.6291652 0.7435715 0.5479242 0 0.5479242 0.25 0.5317318 0.25 0.625 0.6875311 0.625 0.7332124 0.375 0.7332124 0.375 0.6909213 0.375 0.75 0.5757001 0.75 0.5479242 0.8205107 0.5479242 1 0.5317318 0.8283779 0.5479242 1 0.5317318 1 0.5317318 0.8283779 0.5317318 0.8283779 0.4658124 0.8283779 0.4658124 0.8205107 0.8311721 0.5064285 0.8311721 0.5 0.875 0.5 0.8311718 0.7435715 0.875 0.7435715 0.875 0.75 0.375 0.1540828 0.4466748 0.1540827 0.4466748 0.1418117 0.375 0.6540859 0.4466689 0.6540859 0.4466689 0.6418149 0.375 0.6081882 0.4466748 0.6081882 0.4466748 0.5959172 0.125 0.6081883 0.375 0.6081882 0.375 0.5959172 0.375 0.1081851 0.4466689 0.1081851 0.4466689 0.09591412 0.125 0.6540859 0.375 0.6540859 0.375 0.6418148 0.625 0.2696344 0.625 0.4785796 0.375 0.4785796 0.625 0.5214204 0.625 0.7336292 0.375 0.7336292 0.125 0.7264618 0.125 0.5196344 0.1446344 0.5 0.125 0.5196344 0.1252982 0.5162248 0.1261841 0.512919 0.137919 0.5011839 0.125 0.5196344 0.1348172 0.5026305 0.1261841 0.512919 0.1276305 0.5098172 0.125 0.5196344 0.1276305 0.5098172 0.1295936 0.5070137 0.125 0.5196344 0.1295936 0.5070137 0.1320136 0.5045937 0.125 0.5196344 0.1320136 0.5045937 0.1348172 0.5026305 0.125 0.5196344 0.137919 0.5011839 0.1412249 0.5002983 0.125 0.5196344 0.1412249 0.5002983 0.1446344 0.5 0.125 0.5196344 0.1446344 0.5 0.3535796 0.5 0.1485382 0.75 0.3535796 0.5 0.3572993 0.5003255 0.375 0.5214204 0.1485382 0.75 0.3535796 0.5 0.3586292 0.7500001 0.3572993 0.5003255 0.3609058 0.5012919 0.375 0.5214204 0.3609058 0.5012919 0.3642898 0.5028698 0.375 0.5214204 0.3642898 0.5028698 0.3673484 0.5050114 0.375 0.5214204 0.3673484 0.5050114 0.3699886 0.5076517 0.375 0.5214204 0.3699886 0.5076517 0.3721302 0.5107102 0.375 0.5214204 0.3721302 0.5107102 0.3737082 0.5140941 0.375 0.5214204 0.3737082 0.5140941 0.3746746 0.5177007 0.375 0.5214204 0.375 0.5214204 0.375 0.7336292 0.3586292 0.7500001 0.375 0.7336292 0.3747513 0.7364719 0.3740127 0.7392283 0.3728067 0.7418146 0.375 0.7336292 0.3740127 0.7392283 0.3728067 0.7418146 0.3711699 0.7441521 0.375 0.7336292 0.3711699 0.7441521 0.3691521 0.7461699 0.375 0.7336292 0.3691521 0.7461699 0.3668145 0.7478067 0.375 0.7336292 0.3668145 0.7478067 0.3642283 0.7490128 0.375 0.7336292 0.3642283 0.7490128 0.3614719 0.7497513 0.375 0.7336292 0.3614719 0.7497513 0.3586292 0.7500001 0.375 0.7336292 0.1485382 0.75 0.1444508 0.7496423 0.125 0.7264618 0.3586292 0.7500001 0.3535796 0.5 0.375 0.5214204 0.1444508 0.7496423 0.1404877 0.7485805 0.125 0.7264618 0.1404877 0.7485805 0.1367691 0.7468465 0.125 0.7264618 0.1367691 0.7468465 0.1334081 0.7444932 0.125 0.7264618 0.1334081 0.7444932 0.1305069 0.7415918 0.125 0.7264618 0.1305069 0.7415918 0.1281535 0.7382308 0.125 0.7264618 0.1281535 0.7382308 0.1264195 0.7345123 0.125 0.7264618 0.1264195 0.7345123 0.1253576 0.7305491 0.125 0.7264618 0.375 0.7663709 0.375 0.7635281 0.625 0.7635281 0.375 0.7635281 0.375 0.7607717 0.625 0.7607717 0.375 0.7607717 0.375 0.7581855 0.625 0.7581855 0.375 0.7581855 0.375 0.7558479 0.625 0.7558479 0.375 0.7558479 0.375 0.7441521 0.625 0.7441521 0.375 0.7441521 0.375 0.7418146 0.625 0.7418146 0.375 0.7418146 0.375 0.7392283 0.625 0.7392283 0.375 0.7392283 0.375 0.7364719 0.625 0.7364719 0.375 0.7364719 0.375 0.7336292 0.625 0.7336292 0.375 0.5214204 0.375 0.5177008 0.625 0.5177008 0.375 0.5177008 0.375 0.5140942 0.625 0.5140942 0.375 0.5140942 0.375 0.5107102 0.625 0.5107102 0.375 0.5107102 0.375 0.5076516 0.625 0.5076516 0.375 0.5076516 0.375 0.4923484 0.625 0.4923484 0.375 0.4923484 0.375 0.4892898 0.625 0.4892898 0.375 0.4892898 0.375 0.4859058 0.625 0.4859058 0.375 0.4859058 0.375 0.4822992 0.625 0.4822992 0.375 0.4822992 0.375 0.4785796 0.625 0.4785796 0.625 0.7663709 0.625 0.9764618 0.375 0.9764618 0.375 0.2696344 0.375 0.2662249 0.625 0.2662249 0.375 0.2662249 0.375 0.262919 0.625 0.262919 0.375 0.262919 0.375 0.2598172 0.625 0.2598172 0.375 0.2598172 0.375 0.2570136 0.625 0.2570136 0.375 0.2570136 0.375 0.2429863 0.625 0.2429863 0.375 0.2429863 0.375 0.2401828 0.625 0.2401828 0.375 0.2401828 0.375 0.2370809 0.625 0.2370809 0.375 0.2370809 0.375 0.233775 0.625 0.233775 0.375 0.233775 0.375 0.2303656 0.625 0.2303656 0.625 0.7336292 0.625 0.5214204 0.6413708 0.75 0.625 0.5214204 0.6253254 0.5177008 0.6262919 0.5140942 0.6390941 0.5012918 0.625 0.5214204 0.6357101 0.5028697 0.6262919 0.5140942 0.6278699 0.5107101 0.625 0.5214204 0.6278699 0.5107101 0.6300114 0.5076516 0.625 0.5214204 0.6300114 0.5076516 0.6326515 0.5050113 0.625 0.5214204 0.6326515 0.5050113 0.6357101 0.5028697 0.625 0.5214204 0.6390941 0.5012918 0.6427009 0.5003255 0.625 0.5214204 0.6427009 0.5003255 0.6464204 0.5 0.625 0.5214204 0.6464204 0.5 0.8553656 0.5 0.8514618 0.75 0.8553656 0.5 0.8587751 0.5002983 0.875 0.5196344 0.8514618 0.75 0.8553656 0.5 0.875 0.7264618 0.8587751 0.5002983 0.8620808 0.5011841 0.875 0.5196344 0.8620808 0.5011841 0.8651829 0.5026305 0.875 0.5196344 0.8651829 0.5026305 0.8679865 0.5045936 0.875 0.5196344 0.8679865 0.5045936 0.8704066 0.5070137 0.875 0.5196344 0.8704066 0.5070137 0.8723695 0.5098171 0.875 0.5196344 0.8723695 0.5098171 0.8738158 0.512919 0.875 0.5196344 0.8738158 0.512919 0.8747015 0.5162249 0.875 0.5196344 0.875 0.5196344 0.875 0.7264618 0.8553656 0.5 0.875 0.7264618 0.8746423 0.730549 0.8735803 0.7345123 0.8718465 0.7382308 0.875 0.7264618 0.8735803 0.7345123 0.8718465 0.7382308 0.8694931 0.7415918 0.875 0.7264618 0.8694931 0.7415918 0.866592 0.7444933 0.875 0.7264618 0.866592 0.7444933 0.863231 0.7468464 0.875 0.7264618 0.863231 0.7468464 0.8595121 0.7485803 0.875 0.7264618 0.8595121 0.7485803 0.8555491 0.7496424 0.875 0.7264618 0.8555491 0.7496424 0.8514618 0.75 0.875 0.7264618 0.8514618 0.75 0.6413708 0.75 0.6464204 0.5 0.6413708 0.75 0.6385281 0.7497513 0.625 0.7336292 0.6464204 0.5 0.6413708 0.75 0.625 0.5214204 0.6385281 0.7497513 0.6357717 0.7490127 0.625 0.7336292 0.6357717 0.7490127 0.6331855 0.7478067 0.625 0.7336292 0.6331855 0.7478067 0.6308479 0.7461699 0.625 0.7336292 0.6308479 0.7461699 0.6288301 0.7441521 0.625 0.7336292 0.6288301 0.7441521 0.6271933 0.7418146 0.625 0.7336292 0.6271933 0.7418146 0.6259874 0.7392284 0.625 0.7336292 0.625 0.9764618 0.625 0.9805491 0.375 0.9805492 0.625 0.9805491 0.625 0.9845123 0.375 0.9845123 0.625 0.9845123 0.625 0.9882309 0.375 0.9882309 0.625 0.9882309 0.625 0.9915918 0.375 0.9915919 0.625 0 0.625 0.008408129 0.375 0.008408129 0.625 0.008408129 0.625 0.01176911 0.375 0.01176911 0.625 0.01176911 0.625 0.01548767 0.375 0.01548767 0.625 0.01548767 0.625 0.01945084 0.375 0.01945084 0.625 0.01945084 0.625 0.02353823 0.375 0.02353823 0.625 0.02353823 0.625 0.2303656 0.375 0.2303656 0.625 0.70611 0.625 0.5271937 0.875 0.532486 0.625 0.5271937 0.6255619 0.5224716 0.6619829 0.5 0.875 0.532486 0.625 0.5271937 0.8308198 0.5 0.6255619 0.5224716 0.6272304 0.5178929 0.6619829 0.5 0.6272304 0.5178929 0.6299547 0.5135968 0.6619829 0.5 0.6299547 0.5135968 0.6336523 0.5097139 0.6619829 0.5 0.6336523 0.5097139 0.6382107 0.5063621 0.6619829 0.5 0.6382107 0.5063621 0.6434914 0.5036433 0.6619829 0.5 0.6434914 0.5036433 0.6493339 0.50164 0.6619829 0.5 0.6493339 0.50164 0.6555609 0.5004132 0.6619829 0.5 0.6619829 0.5 0.8308198 0.5 0.625 0.5271937 0.8308198 0.5 0.8384915 0.5004936 0.8459305 0.5019593 0.875 0.532486 0.8308198 0.5 0.8743289 0.5268448 0.8459305 0.5019593 0.8529101 0.5043523 0.8308198 0.5 0.8529101 0.5043523 0.8592181 0.5076001 0.8308198 0.5 0.8592181 0.5076001 0.8646638 0.5116045 0.8308198 0.5 0.8646638 0.5116045 0.8690809 0.5162429 0.8308198 0.5 0.8690809 0.5162429 0.8723357 0.5213753 0.8308198 0.5 0.8723357 0.5213753 0.8743289 0.5268448 0.8308198 0.5 0.875 0.532486 0.875 0.708634 0.625 0.70611 0.875 0.708634 0.8741453 0.7158171 0.8187431 0.75 0.625 0.70611 0.875 0.708634 0.6846896 0.75 0.8741453 0.7158171 0.8716073 0.7227819 0.8187431 0.75 0.8716073 0.7227819 0.8674629 0.729317 0.8187431 0.75 0.8674629 0.729317 0.8618384 0.7352236 0.8187431 0.75 0.8618384 0.7352236 0.8549044 0.7403222 0.8187431 0.75 0.8549044 0.7403222 0.8468715 0.744458 0.8187431 0.75 0.8468715 0.744458 0.8379841 0.7475053 0.8187431 0.75 0.8379841 0.7475053 0.828512 0.7493716 0.8187431 0.75 0.8187431 0.75 0.6846896 0.75 0.875 0.708634 0.6846896 0.75 0.6743246 0.7493332 0.6642745 0.747353 0.625 0.70611 0.6846896 0.75 0.6259068 0.7137314 0.6642745 0.747353 0.6548449 0.74412 0.6846896 0.75 0.6548449 0.74412 0.6463218 0.7397316 0.6846896 0.75 0.6463218 0.7397316 0.6389646 0.7343218 0.6846896 0.75 0.6389646 0.7343218 0.6329969 0.7280549 0.6846896 0.75 0.6329969 0.7280549 0.6285997 0.7211212 0.6846896 0.75 0.125 0.708634 0.125 0.532486 0.375 0.70611 0.125 0.532486 0.1256712 0.5268449 0.1691802 0.5 0.375 0.5271937 0.125 0.532486 0.1691802 0.5 0.1256712 0.5268449 0.1276643 0.5213751 0.1691802 0.5 0.1276643 0.5213751 0.130919 0.5162432 0.1691802 0.5 0.130919 0.5162432 0.1353362 0.5116045 0.1691802 0.5 0.1353362 0.5116045 0.1407817 0.5076003 0.1691802 0.5 0.1407817 0.5076003 0.1470901 0.5043524 0.1691802 0.5 0.1470901 0.5043524 0.1540697 0.5019592 0.1691802 0.5 0.1540697 0.5019592 0.1615084 0.5004935 0.1691802 0.5 0.1691802 0.5 0.3380172 0.5 0.375 0.5271937 0.3380172 0.5 0.3444392 0.5004132 0.3506661 0.50164 0.375 0.5271937 0.3380172 0.5 0.3744382 0.5224716 0.3506661 0.50164 0.3565086 0.5036433 0.3380172 0.5 0.3565086 0.5036433 0.3617892 0.506362 0.3380172 0.5 0.3617892 0.506362 0.3663477 0.5097139 0.3380172 0.5 0.3663477 0.5097139 0.3700452 0.5135968 0.3380172 0.5 0.3700452 0.5135968 0.3727697 0.5178929 0.3380172 0.5 0.3727697 0.5178929 0.3744382 0.5224716 0.3380172 0.5 0.375 0.5271937 0.375 0.70611 0.125 0.532486 0.375 0.70611 0.3740932 0.7137314 0.3153104 0.7500001 0.125 0.708634 0.375 0.70611 0.3153104 0.7500001 0.3740932 0.7137314 0.3714003 0.7211212 0.3153104 0.7500001 0.3714003 0.7211212 0.367003 0.728055 0.3153104 0.7500001 0.367003 0.728055 0.3610353 0.7343218 0.3153104 0.7500001 0.3610353 0.7343218 0.3536782 0.7397316 0.3153104 0.7500001 0.3536782 0.7397316 0.3451552 0.7441198 0.3153104 0.7500001 0.3451552 0.7441198 0.3357254 0.747353 0.3153104 0.7500001 0.3357254 0.747353 0.3256754 0.7493332 0.3153104 0.7500001 0.3153104 0.7500001 0.181257 0.75 0.125 0.708634 0.181257 0.75 0.1714881 0.7493717 0.1620159 0.7475053 0.125 0.708634 0.181257 0.75 0.1258546 0.7158171 0.1620159 0.7475053 0.1531285 0.7444581 0.181257 0.75 0.1531285 0.7444581 0.1450957 0.7403222 0.181257 0.75 0.1450957 0.7403222 0.1381616 0.7352234 0.181257 0.75 0.1381616 0.7352234 0.132537 0.7293169 0.181257 0.75 0.132537 0.7293169 0.1283927 0.722782 0.181257 0.75 0.375 0.5271937 0.375 0.5224716 0.625 0.5224716 0.375 0.5224716 0.375 0.5178928 0.625 0.5178929 0.375 0.5178928 0.375 0.5135968 0.625 0.5135968 0.375 0.5135968 0.375 0.5097139 0.625 0.509714 0.375 0.5097139 0.375 0.4867892 0.625 0.4867893 0.375 0.4867892 0.375 0.4815086 0.625 0.4815086 0.375 0.4815086 0.375 0.4756661 0.625 0.4756661 0.375 0.4756661 0.375 0.4694392 0.625 0.4694392 0.375 0.4694392 0.375 0.4630172 0.625 0.4630172 0.625 0.2941802 0.625 0.4630172 0.375 0.4630172 0.625 0.9437431 0.625 0.953512 0.375 0.953512 0.625 0.953512 0.625 0.9629841 0.375 0.962984 0.625 0.9629841 0.625 0.9718716 0.375 0.9718715 0.625 0.9718716 0.625 0.9799043 0.375 0.9799043 0.625 0 0.625 0.0147764 0.375 0.0147764 0.625 0.0147764 0.625 0.02068299 0.375 0.02068299 0.625 0.02068299 0.625 0.02721798 0.375 0.02721798 0.625 0.02721798 0.625 0.03418284 0.375 0.03418284 0.625 0.03418284 0.625 0.04136598 0.375 0.04136598 0.625 0.8096897 0.625 0.9437431 0.375 0.943743 0.375 0.8096895 0.375 0.7993246 0.625 0.7993246 0.375 0.7993246 0.375 0.7892745 0.625 0.7892745 0.375 0.7892745 0.375 0.7798448 0.625 0.7798448 0.375 0.7798448 0.375 0.7713218 0.625 0.7713218 0.375 0.7713218 0.375 0.734322 0.625 0.734322 0.375 0.734322 0.375 0.728055 0.625 0.728055 0.375 0.728055 0.375 0.7211213 0.625 0.7211213 0.375 0.7211213 0.375 0.7137314 0.625 0.7137314 0.375 0.7137314 0.375 0.70611 0.625 0.70611 0.625 0.5271937 0.625 0.70611 0.375 0.70611 0.375 0.2941802 0.375 0.2865085 0.625 0.2865084 0.375 0.2865085 0.375 0.2790697 0.625 0.2790697 0.375 0.2790697 0.375 0.2720901 0.625 0.2720901 0.375 0.2720901 0.375 0.2657817 0.625 0.2657817 0.375 0.2657817 0.375 0.2383956 0.625 0.2383956 0.375 0.2383956 0.375 0.233757 0.625 0.233757 0.375 0.233757 0.375 0.2286249 0.625 0.2286249 0.375 0.2286249 0.375 0.2231552 0.625 0.2231552 0.375 0.2231552 0.375 0.217514 0.625 0.217514 0.625 0.04136598 0.625 0.217514 0.375 0.217514 1 1 0.96875 1 0.96875 0.5 0.96875 1 0.9375 1 0.9375 0.5 0.9375 1 0.90625 1 0.90625 0.5 0.90625 1 0.875 1 0.875 0.5 0.875 1 0.84375 1 0.84375 0.5 0.84375 1 0.8125 1 0.8125 0.5 0.8125 1 0.78125 1 0.78125 0.5 0.78125 1 0.75 1 0.75 0.5 0.75 1 0.71875 1 0.71875 0.5 0.71875 1 0.6875 1 0.6875 0.5 0.6875 1 0.65625 1 0.65625 0.5 0.65625 1 0.625 1 0.625 0.5 0.625 1 0.59375 1 0.59375 0.5 0.59375 1 0.5625 1 0.5625 0.5 0.5625 1 0.53125 1 0.53125 0.5 0.53125 1 0.5 1 0.5 0.5 0.5 1 0.46875 1 0.46875 0.5 0.46875 1 0.4375 1 0.4375 0.5 0.4375 1 0.40625 1 0.40625 0.5 0.40625 1 0.375 1 0.375 0.5 0.375 1 0.34375 1 0.34375 0.5 0.34375 1 0.3125 1 0.3125 0.5 0.3125 1 0.28125 1 0.28125 0.5 0.28125 1 0.25 1 0.25 0.5 0.25 1 0.21875 1 0.21875 0.5 0.21875 1 0.1875 1 0.1875 0.5 0.1875 1 0.15625 1 0.15625 0.5 0.15625 1 0.125 1 0.125 0.5 0.125 1 0.09375 1 0.09375 0.5 0.09375 1 0.0625 1 0.0625 0.5 0.341844 0.4717311 0.2968217 0.4853885 0.1581559 0.4717311 0.2968217 0.4853885 0.25 0.49 0.2031783 0.4853885 0.1581559 0.4717311 0.2968217 0.4853885 0.2031783 0.4853885 0.1581559 0.4717311 0.1166631 0.4495527 0.341844 0.4717311 0.1166631 0.4495527 0.08029431 0.4197056 0.3833369 0.4495527 0.341844 0.4717311 0.1166631 0.4495527 0.3833369 0.4495527 0.08029431 0.4197056 0.05044722 0.3833368 0.4197056 0.4197056 0.05044722 0.3833368 0.02826893 0.341844 0.4495527 0.3833369 0.4197056 0.4197056 0.05044722 0.3833368 0.4495527 0.3833369 0.02826893 0.341844 0.01461154 0.2968217 0.4853885 0.2968217 0.01461154 0.2968217 0.00999999 0.25 0.49 0.25 0.00999999 0.25 0.01461154 0.2031783 0.4853885 0.2031783 0.01461154 0.2031783 0.02826887 0.1581559 0.4717311 0.1581559 0.02826887 0.1581559 0.05044728 0.116663 0.4717311 0.1581559 0.05044728 0.116663 0.08029437 0.08029437 0.4495527 0.1166631 0.4717311 0.1581559 0.05044728 0.116663 0.4495527 0.1166631 0.08029437 0.08029437 0.1166631 0.05044728 0.4197056 0.08029437 0.1166631 0.05044728 0.1581559 0.02826887 0.3833369 0.05044728 0.4197056 0.08029437 0.1166631 0.05044728 0.3833369 0.05044728 0.1581559 0.02826887 0.2031783 0.01461148 0.2968217 0.01461148 0.2031783 0.01461148 0.25 0.00999999 0.2968217 0.01461148 0.2968217 0.01461148 0.341844 0.02826887 0.1581559 0.02826887 0.341844 0.02826887 0.3833369 0.05044728 0.1581559 0.02826887 0.4197056 0.08029437 0.4495527 0.1166631 0.08029437 0.08029437 0.4717311 0.1581559 0.4853885 0.2031783 0.01461154 0.2031783 0.4853885 0.2031783 0.49 0.25 0.00999999 0.25 0.49 0.25 0.4853885 0.2968217 0.01461154 0.2968217 0.4853885 0.2968217 0.4717311 0.341844 0.02826893 0.341844 0.4717311 0.341844 0.4495527 0.3833369 0.02826893 0.341844 0.0625 1 0.03125 1 0.03125 0.5 0.03125 1 0 1 0 0.5 0.7031784 0.4853885 0.75 0.49 0.7968217 0.4853885 0.7968217 0.4853885 0.841844 0.4717311 0.7031784 0.4853885 0.841844 0.4717311 0.8833369 0.4495527 0.658156 0.4717311 0.7031784 0.4853885 0.841844 0.4717311 0.658156 0.4717311 0.8833369 0.4495527 0.9197056 0.4197056 0.5802944 0.4197056 0.9197056 0.4197056 0.9495527 0.3833369 0.5504473 0.3833368 0.9495527 0.3833369 0.9717311 0.341844 0.5504473 0.3833368 0.9717311 0.341844 0.9853885 0.2968217 0.5282689 0.341844 0.5504473 0.3833368 0.9717311 0.341844 0.5282689 0.341844 0.9853885 0.2968217 0.99 0.25 0.51 0.25 0.99 0.25 0.9853885 0.2031783 0.5146116 0.2031783 0.9853885 0.2031783 0.9717311 0.1581559 0.5146116 0.2031783 0.9717311 0.1581559 0.9495527 0.1166631 0.5282689 0.1581559 0.5146116 0.2031783 0.9717311 0.1581559 0.5282689 0.1581559 0.9495527 0.1166631 0.9197056 0.08029437 0.5802944 0.08029437 0.9197056 0.08029437 0.8833369 0.05044728 0.6166631 0.05044728 0.8833369 0.05044728 0.841844 0.02826887 0.6166631 0.05044728 0.841844 0.02826887 0.7968217 0.01461148 0.658156 0.02826887 0.6166631 0.05044728 0.841844 0.02826887 0.658156 0.02826887 0.7968217 0.01461148 0.75 0.00999999 0.7031784 0.01461148 0.7031784 0.01461148 0.658156 0.02826887 0.7968217 0.01461148 0.6166631 0.05044728 0.5802944 0.08029437 0.9197056 0.08029437 0.5802944 0.08029437 0.5504474 0.116663 0.9495527 0.1166631 0.5504474 0.116663 0.5282689 0.1581559 0.9495527 0.1166631 0.5146116 0.2031783 0.51 0.25 0.99 0.25 0.51 0.25 0.5146116 0.2968217 0.9853885 0.2968217 0.5146116 0.2968217 0.5282689 0.341844 0.9853885 0.2968217 0.5504473 0.3833368 0.5802944 0.4197056 0.9197056 0.4197056 0.5802944 0.4197056 0.6166631 0.4495527 0.8833369 0.4495527 1 1 0.96875 1 0.96875 0.5 0.96875 1 0.9375 1 0.9375 0.5 0.9375 1 0.90625 1 0.90625 0.5 0.90625 1 0.875 1 0.875 0.5 0.875 1 0.84375 1 0.84375 0.5 0.84375 1 0.8125 1 0.8125 0.5 0.8125 1 0.78125 1 0.78125 0.5 0.78125 1 0.75 1 0.75 0.5 0.75 1 0.71875 1 0.71875 0.5 0.71875 1 0.6875 1 0.6875 0.5 0.6875 1 0.65625 1 0.65625 0.5 0.65625 1 0.625 1 0.625 0.5 0.625 1 0.59375 1 0.59375 0.5 0.59375 1 0.5625 1 0.5625 0.5 0.5625 1 0.53125 1 0.53125 0.5 0.53125 1 0.5 1 0.5 0.5 0.5 1 0.46875 1 0.46875 0.5 0.46875 1 0.4375 1 0.4375 0.5 0.4375 1 0.40625 1 0.40625 0.5 0.40625 1 0.375 1 0.375 0.5 0.375 1 0.34375 1 0.34375 0.5 0.34375 1 0.3125 1 0.3125 0.5 0.3125 1 0.28125 1 0.28125 0.5 0.28125 1 0.25 1 0.25 0.5 0.25 1 0.21875 1 0.21875 0.5 0.21875 1 0.1875 1 0.1875 0.5 0.1875 1 0.15625 1 0.15625 0.5 0.15625 1 0.125 1 0.125 0.5 0.125 1 0.09375 1 0.09375 0.5 0.09375 1 0.0625 1 0.0625 0.5 0.341844 0.4717311 0.2968217 0.4853885 0.2031783 0.4853885 0.2968217 0.4853885 0.25 0.49 0.2031783 0.4853885 0.2031783 0.4853885 0.1581559 0.4717311 0.341844 0.4717311 0.1581559 0.4717311 0.1166631 0.4495527 0.341844 0.4717311 0.1166631 0.4495527 0.08029431 0.4197056 0.3833369 0.4495527 0.341844 0.4717311 0.1166631 0.4495527 0.3833369 0.4495527 0.08029431 0.4197056 0.05044722 0.3833368 0.4197056 0.4197056 0.05044722 0.3833368 0.02826893 0.341844 0.4495527 0.3833369 0.4197056 0.4197056 0.05044722 0.3833368 0.4495527 0.3833369 0.02826893 0.341844 0.01461154 0.2968217 0.4853885 0.2968217 0.01461154 0.2968217 0.00999999 0.25 0.49 0.25 0.00999999 0.25 0.01461154 0.2031783 0.4853885 0.2031783 0.01461154 0.2031783 0.02826887 0.1581559 0.4717311 0.1581559 0.02826887 0.1581559 0.05044728 0.116663 0.4717311 0.1581559 0.05044728 0.116663 0.08029437 0.08029437 0.4495527 0.1166631 0.4717311 0.1581559 0.05044728 0.116663 0.4495527 0.1166631 0.08029437 0.08029437 0.1166631 0.05044728 0.4197056 0.08029437 0.1166631 0.05044728 0.1581559 0.02826887 0.3833369 0.05044728 0.4197056 0.08029437 0.1166631 0.05044728 0.3833369 0.05044728 0.1581559 0.02826887 0.2031783 0.01461148 0.2968217 0.01461148 0.2031783 0.01461148 0.25 0.00999999 0.2968217 0.01461148 0.2968217 0.01461148 0.341844 0.02826887 0.1581559 0.02826887 0.341844 0.02826887 0.3833369 0.05044728 0.1581559 0.02826887 0.4197056 0.08029437 0.4495527 0.1166631 0.08029437 0.08029437 0.4717311 0.1581559 0.4853885 0.2031783 0.01461154 0.2031783 0.4853885 0.2031783 0.49 0.25 0.00999999 0.25 0.49 0.25 0.4853885 0.2968217 0.01461154 0.2968217 0.4853885 0.2968217 0.4717311 0.341844 0.02826893 0.341844 0.4717311 0.341844 0.4495527 0.3833369 0.02826893 0.341844 0.0625 1 0.03125 1 0.03125 0.5 0.03125 1 0 1 0 0.5 0.7031784 0.4853885 0.75 0.49 0.7968217 0.4853885 0.7968217 0.4853885 0.841844 0.4717311 0.7031784 0.4853885 0.841844 0.4717311 0.8833369 0.4495527 0.658156 0.4717311 0.7031784 0.4853885 0.841844 0.4717311 0.658156 0.4717311 0.8833369 0.4495527 0.9197056 0.4197056 0.5802944 0.4197056 0.9197056 0.4197056 0.9495527 0.3833369 0.5504473 0.3833368 0.9495527 0.3833369 0.9717311 0.341844 0.5504473 0.3833368 0.9717311 0.341844 0.9853885 0.2968217 0.5282689 0.341844 0.5504473 0.3833368 0.9717311 0.341844 0.5282689 0.341844 0.9853885 0.2968217 0.99 0.25 0.51 0.25 0.99 0.25 0.9853885 0.2031783 0.5146116 0.2031783 0.9853885 0.2031783 0.9717311 0.1581559 0.5146116 0.2031783 0.9717311 0.1581559 0.9495527 0.1166631 0.5282689 0.1581559 0.5146116 0.2031783 0.9717311 0.1581559 0.5282689 0.1581559 0.9495527 0.1166631 0.9197056 0.08029437 0.5802944 0.08029437 0.9197056 0.08029437 0.8833369 0.05044728 0.6166631 0.05044728 0.8833369 0.05044728 0.841844 0.02826887 0.6166631 0.05044728 0.841844 0.02826887 0.7968217 0.01461148 0.658156 0.02826887 0.6166631 0.05044728 0.841844 0.02826887 0.658156 0.02826887 0.7968217 0.01461148 0.75 0.00999999 0.7031784 0.01461148 0.7031784 0.01461148 0.658156 0.02826887 0.7968217 0.01461148 0.6166631 0.05044728 0.5802944 0.08029437 0.9197056 0.08029437 0.5802944 0.08029437 0.5504474 0.116663 0.9495527 0.1166631 0.5504474 0.116663 0.5282689 0.1581559 0.9495527 0.1166631 0.5146116 0.2031783 0.51 0.25 0.99 0.25 0.51 0.25 0.5146116 0.2968217 0.9853885 0.2968217 0.5146116 0.2968217 0.5282689 0.341844 0.9853885 0.2968217 0.5504473 0.3833368 0.5802944 0.4197056 0.9197056 0.4197056 0.5802944 0.4197056 0.6166631 0.4495527 0.8833369 0.4495527 1 1 0.96875 1 0.96875 0.5 0.96875 1 0.9375 1 0.9375 0.5 0.9375 1 0.90625 1 0.90625 0.5 0.90625 1 0.875 1 0.875 0.5 0.875 1 0.84375 1 0.84375 0.5 0.84375 1 0.8125 1 0.8125 0.5 0.8125 1 0.78125 1 0.78125 0.5 0.78125 1 0.75 1 0.75 0.5 0.75 1 0.71875 1 0.71875 0.5 0.71875 1 0.6875 1 0.6875 0.5 0.6875 1 0.65625 1 0.65625 0.5 0.65625 1 0.625 1 0.625 0.5 0.625 1 0.59375 1 0.59375 0.5 0.59375 1 0.5625 1 0.5625 0.5 0.5625 1 0.53125 1 0.53125 0.5 0.53125 1 0.5 1 0.5 0.5 0.5 1 0.46875 1 0.46875 0.5 0.46875 1 0.4375 1 0.4375 0.5 0.4375 1 0.40625 1 0.40625 0.5 0.40625 1 0.375 1 0.375 0.5 0.375 1 0.34375 1 0.34375 0.5 0.34375 1 0.3125 1 0.3125 0.5 0.3125 1 0.28125 1 0.28125 0.5 0.28125 1 0.25 1 0.25 0.5 0.25 1 0.21875 1 0.21875 0.5 0.21875 1 0.1875 1 0.1875 0.5 0.1875 1 0.15625 1 0.15625 0.5 0.15625 1 0.125 1 0.125 0.5 0.125 1 0.09375 1 0.09375 0.5 0.09375 1 0.0625 1 0.0625 0.5 0.341844 0.4717311 0.2968217 0.4853885 0.2031783 0.4853885 0.2968217 0.4853885 0.25 0.49 0.2031783 0.4853885 0.2031783 0.4853885 0.1581559 0.4717311 0.341844 0.4717311 0.1581559 0.4717311 0.1166631 0.4495527 0.341844 0.4717311 0.1166631 0.4495527 0.08029431 0.4197056 0.3833369 0.4495527 0.341844 0.4717311 0.1166631 0.4495527 0.3833369 0.4495527 0.08029431 0.4197056 0.05044722 0.3833368 0.4197056 0.4197056 0.05044722 0.3833368 0.02826893 0.341844 0.4495527 0.3833369 0.4197056 0.4197056 0.05044722 0.3833368 0.4495527 0.3833369 0.02826893 0.341844 0.01461154 0.2968217 0.4853885 0.2968217 0.01461154 0.2968217 0.00999999 0.25 0.49 0.25 0.00999999 0.25 0.01461154 0.2031783 0.4853885 0.2031783 0.01461154 0.2031783 0.02826887 0.1581559 0.4717311 0.1581559 0.02826887 0.1581559 0.05044728 0.116663 0.4717311 0.1581559 0.05044728 0.116663 0.08029437 0.08029437 0.4495527 0.1166631 0.4717311 0.1581559 0.05044728 0.116663 0.4495527 0.1166631 0.08029437 0.08029437 0.1166631 0.05044728 0.4197056 0.08029437 0.1166631 0.05044728 0.1581559 0.02826887 0.3833369 0.05044728 0.4197056 0.08029437 0.1166631 0.05044728 0.3833369 0.05044728 0.1581559 0.02826887 0.2031783 0.01461148 0.341844 0.02826887 0.2031783 0.01461148 0.25 0.00999999 0.2968217 0.01461148 0.341844 0.02826887 0.2031783 0.01461148 0.2968217 0.01461148 0.341844 0.02826887 0.3833369 0.05044728 0.1581559 0.02826887 0.4197056 0.08029437 0.4495527 0.1166631 0.08029437 0.08029437 0.4717311 0.1581559 0.4853885 0.2031783 0.01461154 0.2031783 0.4853885 0.2031783 0.49 0.25 0.00999999 0.25 0.49 0.25 0.4853885 0.2968217 0.01461154 0.2968217 0.4853885 0.2968217 0.4717311 0.341844 0.02826893 0.341844 0.4717311 0.341844 0.4495527 0.3833369 0.02826893 0.341844 0.0625 1 0.03125 1 0.03125 0.5 0.03125 1 0 1 0 0.5 0.7031784 0.4853885 0.75 0.49 0.7968217 0.4853885 0.7968217 0.4853885 0.841844 0.4717311 0.7031784 0.4853885 0.841844 0.4717311 0.8833369 0.4495527 0.658156 0.4717311 0.7031784 0.4853885 0.841844 0.4717311 0.658156 0.4717311 0.8833369 0.4495527 0.9197056 0.4197056 0.5802944 0.4197056 0.9197056 0.4197056 0.9495527 0.3833369 0.5504473 0.3833368 0.9495527 0.3833369 0.9717311 0.341844 0.5504473 0.3833368 0.9717311 0.341844 0.9853885 0.2968217 0.5282689 0.341844 0.5504473 0.3833368 0.9717311 0.341844 0.5282689 0.341844 0.9853885 0.2968217 0.99 0.25 0.51 0.25 0.99 0.25 0.9853885 0.2031783 0.5146116 0.2031783 0.9853885 0.2031783 0.9717311 0.1581559 0.5146116 0.2031783 0.9717311 0.1581559 0.9495527 0.1166631 0.5282689 0.1581559 0.5146116 0.2031783 0.9717311 0.1581559 0.5282689 0.1581559 0.9495527 0.1166631 0.9197056 0.08029437 0.5802944 0.08029437 0.9197056 0.08029437 0.8833369 0.05044728 0.6166631 0.05044728 0.8833369 0.05044728 0.841844 0.02826887 0.6166631 0.05044728 0.841844 0.02826887 0.7968217 0.01461148 0.658156 0.02826887 0.6166631 0.05044728 0.841844 0.02826887 0.658156 0.02826887 0.7968217 0.01461148 0.75 0.00999999 0.7031784 0.01461148 0.7031784 0.01461148 0.658156 0.02826887 0.7968217 0.01461148 0.6166631 0.05044728 0.5802944 0.08029437 0.9197056 0.08029437 0.5802944 0.08029437 0.5504474 0.116663 0.9495527 0.1166631 0.5504474 0.116663 0.5282689 0.1581559 0.9495527 0.1166631 0.5146116 0.2031783 0.51 0.25 0.99 0.25 0.51 0.25 0.5146116 0.2968217 0.9853885 0.2968217 0.5146116 0.2968217 0.5282689 0.341844 0.9853885 0.2968217 0.5504473 0.3833368 0.5802944 0.4197056 0.9197056 0.4197056 0.5802944 0.4197056 0.6166631 0.4495527 0.8833369 0.4495527</float_array>
          <technique_common>
            <accessor source="#Cylinder_007-mesh-map-0-array" count="5484" stride="2">
              <param name="S" type="float"/>
              <param name="T" type="float"/>
            </accessor>
          </technique_common>
        </source>
        <vertices id="Cylinder_007-mesh-vertices">
          <input semantic="POSITION" source="#Cylinder_007-mesh-positions"/>
        </vertices>
        <triangles material="Material_002-material" count="560">
          <input semantic="VERTEX" source="#Cylinder_007-mesh-vertices" offset="0"/>
          <input semantic="NORMAL" source="#Cylinder_007-mesh-normals" offset="1"/>
          <input semantic="TEXCOORD" source="#Cylinder_007-mesh-map-0" offset="2" set="0"/>
          <p>1 0 0 2 0 1 0 0 2 3 1 3 4 1 4 2 1 5 5 2 6 6 2 7 4 2 8 7 3 9 8 3 10 6 3 11 9 4 12 10 4 13 8 4 14 11 5 15 12 5 16 10 5 17 13 6 18 14 6 19 12 6 20 245 7 21 248 7 22 16 7 23 248 8 24 17 8 25 16 8 26 241 9 27 19 9 28 18 9 29 19 10 30 20 10 31 18 10 32 21 11 33 22 11 34 20 11 35 23 12 36 24 12 37 22 12 38 25 13 39 26 13 40 24 13 41 27 14 42 28 14 43 26 14 44 29 15 45 30 15 46 28 15 47 31 16 48 32 16 49 30 16 50 33 17 51 34 17 52 32 17 53 35 18 54 36 18 55 34 18 56 37 19 57 38 19 58 36 19 59 39 20 60 40 20 61 38 20 62 41 21 63 42 21 64 40 21 65 242 22 66 250 22 67 44 22 68 250 23 69 45 23 70 44 23 71 246 24 72 47 24 73 46 24 74 47 25 75 48 25 76 46 25 77 49 26 78 50 26 79 48 26 80 51 27 81 52 27 82 50 27 83 53 28 84 54 28 85 52 28 86 55 29 87 56 29 88 54 29 89 7 30 90 5 30 91 243 30 92 57 31 93 58 31 94 56 31 95 59 32 96 0 32 97 58 32 98 14 33 99 28 33 100 44 33 101 61 34 102 62 34 103 60 34 104 63 35 105 64 35 106 62 35 107 65 36 108 66 36 109 64 36 110 67 37 111 68 37 112 66 37 113 69 38 114 70 38 115 68 38 116 71 39 117 72 39 118 70 39 119 73 40 120 74 40 121 72 40 122 257 41 123 259 41 124 76 41 125 259 42 126 77 42 127 76 42 128 253 43 129 79 43 130 78 43 131 79 44 132 80 44 133 78 44 134 81 45 135 82 45 136 80 45 137 83 46 138 84 46 139 82 46 140 85 47 141 86 47 142 84 47 143 87 48 144 88 48 145 86 48 146 89 49 147 90 49 148 88 49 149 91 50 150 92 50 151 90 50 152 93 51 153 94 51 154 92 51 155 95 52 156 96 52 157 94 52 158 97 53 159 98 53 160 96 53 161 99 54 162 100 54 163 98 54 164 101 55 165 102 55 166 100 55 167 254 56 168 261 56 169 104 56 170 261 57 171 105 57 172 104 57 173 258 58 174 107 58 175 106 58 176 107 59 177 108 59 178 106 59 179 109 60 180 110 60 181 108 60 182 111 61 183 112 61 184 110 61 185 113 62 186 114 62 187 112 62 188 115 63 189 116 63 190 114 63 191 67 64 192 65 64 193 255 64 194 117 65 195 118 65 196 116 65 197 119 66 198 60 66 199 118 66 200 88 67 201 104 67 202 118 67 203 121 68 204 122 68 205 120 68 206 123 69 207 124 69 208 122 69 209 125 70 210 126 70 211 124 70 212 127 71 213 128 71 214 126 71 215 129 72 216 130 72 217 128 72 218 131 73 219 132 73 220 130 73 221 268 74 222 272 74 223 134 74 224 272 75 225 135 75 226 134 75 227 265 76 228 137 76 229 136 76 230 137 77 231 138 77 232 136 77 233 139 78 234 140 78 235 138 78 236 141 79 237 142 79 238 140 79 239 143 80 240 144 80 241 142 80 242 145 81 243 146 81 244 144 81 245 147 82 246 148 82 247 146 82 248 149 83 249 150 83 250 148 83 251 151 84 252 152 84 253 150 84 254 153 85 255 154 85 256 152 85 257 155 86 258 156 86 259 154 86 260 157 87 261 158 87 262 156 87 263 159 88 264 160 88 265 158 88 266 161 89 267 162 89 268 160 89 269 163 90 270 164 90 271 162 90 272 164 91 273 266 91 274 166 91 275 273 92 276 167 92 277 166 92 278 270 93 279 169 93 280 168 93 281 169 94 282 170 94 283 168 94 284 171 95 285 172 95 286 170 95 287 173 96 288 174 96 289 172 96 290 175 97 291 176 97 292 174 97 293 127 64 294 125 64 295 267 64 296 177 98 297 178 98 298 176 98 299 179 99 300 120 99 301 178 99 302 148 33 303 164 33 304 178 33 305 181 100 306 182 100 307 180 100 308 183 69 309 184 69 310 182 69 311 185 101 312 186 101 313 184 101 314 187 102 315 188 102 316 186 102 317 189 103 318 190 103 319 188 103 320 191 104 321 192 104 322 190 104 323 280 105 324 284 105 325 194 105 326 284 106 327 195 106 328 194 106 329 276 107 330 197 107 331 196 107 332 197 108 333 198 108 334 196 108 335 199 109 336 200 109 337 198 109 338 201 110 339 202 110 340 200 110 341 203 111 342 204 111 343 202 111 344 205 112 345 206 112 346 204 112 347 207 113 348 208 113 349 206 113 350 209 114 351 210 114 352 208 114 353 211 115 354 212 115 355 210 115 356 213 116 357 214 116 358 212 116 359 215 117 360 216 117 361 214 117 362 217 118 363 218 118 364 216 118 365 219 119 366 220 119 367 218 119 368 221 120 369 222 120 370 220 120 371 223 121 372 224 121 373 222 121 374 278 122 375 285 122 376 226 122 377 285 123 378 227 123 379 226 123 380 281 124 381 229 124 382 228 124 383 229 125 384 230 125 385 228 125 386 231 126 387 232 126 388 230 126 389 233 96 390 234 96 391 232 96 392 235 127 393 236 127 394 234 127 395 187 128 396 185 128 397 279 128 398 237 98 399 238 98 400 236 98 401 239 99 402 180 99 403 238 99 404 208 33 405 224 33 406 238 33 407 245 129 408 244 129 409 246 129 410 241 130 411 251 130 412 240 130 413 25 131 414 23 131 415 240 131 416 246 132 417 249 132 418 242 132 419 258 129 420 255 129 421 256 129 422 85 64 423 83 64 424 252 64 425 254 133 426 252 133 427 253 133 428 258 134 429 262 134 430 254 134 431 268 135 432 269 135 433 270 135 434 143 64 435 141 64 436 264 64 437 265 136 438 275 136 439 264 136 440 270 64 441 274 64 442 273 64 443 280 137 444 282 137 445 281 137 446 278 138 447 277 138 448 276 138 449 281 139 450 286 139 451 278 139 452 203 140 453 201 140 454 277 140 455 1 0 1479 3 0 1480 2 0 1481 3 436 1482 5 436 1483 4 436 1484 5 2 1485 7 2 1486 6 2 1487 7 437 1488 9 437 1489 8 437 1490 9 4 1491 11 4 1492 10 4 1493 11 438 1494 13 438 1495 12 438 1496 13 6 1497 15 6 1498 14 6 1499 16 439 1500 14 439 1501 245 439 1502 14 440 1503 15 440 1504 245 440 1505 15 441 1506 243 441 1507 245 441 1508 248 442 1509 247 442 1510 17 442 1511 18 443 1512 17 443 1513 241 443 1514 17 444 1515 247 444 1516 241 444 1517 241 445 1518 240 445 1519 19 445 1520 19 446 1521 21 446 1522 20 446 1523 21 447 1524 23 447 1525 22 447 1526 23 12 1527 25 12 1528 24 12 1529 25 448 1530 27 448 1531 26 448 1532 27 449 1533 29 449 1534 28 449 1535 29 15 1536 31 15 1537 30 15 1538 31 16 1539 33 16 1540 32 16 1541 33 450 1542 35 450 1543 34 450 1544 35 451 1545 37 451 1546 36 451 1547 37 452 1548 39 452 1549 38 452 1550 39 453 1551 41 453 1552 40 453 1553 41 454 1554 43 454 1555 42 454 1556 44 455 1557 42 455 1558 242 455 1559 42 456 1560 43 456 1561 242 456 1562 43 457 1563 251 457 1564 242 457 1565 250 458 1566 249 458 1567 45 458 1568 46 459 1569 45 459 1570 246 459 1571 45 460 1572 249 460 1573 246 460 1574 246 461 1575 244 461 1576 47 461 1577 47 462 1578 49 462 1579 48 462 1580 49 26 1581 51 26 1582 50 26 1583 51 27 1584 53 27 1585 52 27 1586 53 28 1587 55 28 1588 54 28 1589 55 463 1590 57 463 1591 56 463 1592 5 64 1593 3 64 1594 243 64 1595 3 64 1596 1 64 1597 243 64 1598 1 464 1599 59 464 1600 244 464 1601 59 64 1602 57 64 1603 244 64 1604 57 64 1605 55 64 1606 244 64 1607 55 64 1608 53 64 1609 244 64 1610 53 465 1611 51 465 1612 244 465 1613 51 64 1614 49 64 1615 244 64 1616 49 64 1617 47 64 1618 244 64 1619 244 64 1620 243 64 1621 1 64 1622 243 64 1623 15 64 1624 13 64 1625 11 64 1626 243 64 1627 13 64 1628 11 64 1629 9 64 1630 243 64 1631 9 64 1632 7 64 1633 243 64 1634 57 466 1635 59 466 1636 58 466 1637 59 32 1638 1 32 1639 0 32 1640 58 33 1641 0 33 1642 2 33 1643 2 33 1644 4 33 1645 6 33 1646 6 33 1647 8 33 1648 10 33 1649 10 33 1650 12 33 1651 14 33 1652 14 33 1653 16 33 1654 17 33 1655 17 33 1656 18 33 1657 20 33 1658 20 33 1659 22 33 1660 24 33 1661 24 33 1662 26 33 1663 28 33 1664 28 33 1665 30 33 1666 32 33 1667 32 33 1668 34 33 1669 36 33 1670 36 33 1671 38 33 1672 40 33 1673 40 33 1674 42 33 1675 44 33 1676 44 33 1677 45 33 1678 46 33 1679 46 33 1680 48 33 1681 44 33 1682 48 33 1683 50 33 1684 44 33 1685 50 33 1686 52 33 1687 58 33 1688 52 33 1689 54 33 1690 58 33 1691 54 33 1692 56 33 1693 58 33 1694 58 33 1695 2 33 1696 14 33 1697 2 33 1698 6 33 1699 14 33 1700 6 33 1701 10 33 1702 14 33 1703 14 33 1704 17 33 1705 20 33 1706 20 33 1707 24 33 1708 14 33 1709 24 33 1710 28 33 1711 14 33 1712 28 33 1713 32 33 1714 44 33 1715 32 467 1716 36 467 1717 44 467 1718 36 468 1719 40 468 1720 44 468 1721 44 33 1722 50 33 1723 58 33 1724 58 469 1725 14 469 1726 44 469 1727 61 470 1728 63 470 1729 62 470 1730 63 471 1731 65 471 1732 64 471 1733 65 472 1734 67 472 1735 66 472 1736 67 473 1737 69 473 1738 68 473 1739 69 38 1740 71 38 1741 70 38 1742 71 39 1743 73 39 1744 72 39 1745 73 40 1746 75 40 1747 74 40 1748 76 474 1749 74 474 1750 257 474 1751 74 475 1752 75 475 1753 257 475 1754 75 476 1755 255 476 1756 257 476 1757 259 42 1758 260 42 1759 77 42 1760 78 477 1761 77 477 1762 253 477 1763 77 478 1764 260 478 1765 253 478 1766 253 479 1767 252 479 1768 79 479 1769 79 480 1770 81 480 1771 80 480 1772 81 45 1773 83 45 1774 82 45 1775 83 481 1776 85 481 1777 84 481 1778 85 482 1779 87 482 1780 86 482 1781 87 483 1782 89 483 1783 88 483 1784 89 484 1785 91 484 1786 90 484 1787 91 485 1788 93 485 1789 92 485 1790 93 486 1791 95 486 1792 94 486 1793 95 52 1794 97 52 1795 96 52 1796 97 487 1797 99 487 1798 98 487 1799 99 488 1800 101 488 1801 100 488 1802 101 489 1803 103 489 1804 102 489 1805 104 490 1806 102 490 1807 254 490 1808 102 491 1809 103 491 1810 254 491 1811 103 492 1812 263 492 1813 254 492 1814 261 493 1815 262 493 1816 105 493 1817 106 494 1818 105 494 1819 258 494 1820 105 495 1821 262 495 1822 258 495 1823 258 496 1824 256 496 1825 107 496 1826 107 59 1827 109 59 1828 108 59 1829 109 497 1830 111 497 1831 110 497 1832 111 498 1833 113 498 1834 112 498 1835 113 28 1836 115 28 1837 114 28 1838 115 63 1839 117 63 1840 116 63 1841 65 499 1842 63 499 1843 255 499 1844 63 500 1845 61 500 1846 255 500 1847 61 501 1848 119 501 1849 256 501 1850 119 502 1851 117 502 1852 256 502 1853 117 64 1854 115 64 1855 256 64 1856 115 64 1857 113 64 1858 256 64 1859 113 64 1860 111 64 1861 256 64 1862 111 503 1863 109 503 1864 256 503 1865 109 504 1866 107 504 1867 256 504 1868 256 64 1869 255 64 1870 61 64 1871 255 505 1872 75 505 1873 73 505 1874 71 506 1875 255 506 1876 73 506 1877 71 64 1878 69 64 1879 255 64 1880 69 64 1881 67 64 1882 255 64 1883 117 65 1884 119 65 1885 118 65 1886 119 507 1887 61 507 1888 60 507 1889 118 33 1890 60 33 1891 62 33 1892 62 508 1893 64 508 1894 66 508 1895 66 33 1896 68 33 1897 70 33 1898 70 509 1899 72 509 1900 66 509 1901 72 33 1902 74 33 1903 66 33 1904 74 33 1905 76 33 1906 77 33 1907 77 33 1908 78 33 1909 74 33 1910 78 33 1911 80 33 1912 74 33 1913 80 510 1914 82 510 1915 84 510 1916 84 33 1917 86 33 1918 80 33 1919 86 33 1920 88 33 1921 80 33 1922 88 33 1923 90 33 1924 92 33 1925 92 33 1926 94 33 1927 88 33 1928 94 33 1929 96 33 1930 88 33 1931 96 33 1932 98 33 1933 100 33 1934 100 33 1935 102 33 1936 104 33 1937 104 33 1938 105 33 1939 106 33 1940 106 33 1941 108 33 1942 104 33 1943 108 33 1944 110 33 1945 104 33 1946 110 511 1947 112 511 1948 114 511 1949 114 33 1950 116 33 1951 110 33 1952 116 33 1953 118 33 1954 110 33 1955 118 33 1956 62 33 1957 74 33 1958 62 33 1959 66 33 1960 74 33 1961 96 512 1962 100 512 1963 88 512 1964 100 513 1965 104 513 1966 88 513 1967 74 514 1968 80 514 1969 88 514 1970 104 515 1971 110 515 1972 118 515 1973 118 516 1974 74 516 1975 88 516 1976 121 68 1977 123 68 1978 122 68 1979 123 69 1980 125 69 1981 124 69 1982 125 70 1983 127 70 1984 126 70 1985 127 517 1986 129 517 1987 128 517 1988 129 72 1989 131 72 1990 130 72 1991 131 518 1992 133 518 1993 132 518 1994 134 519 1995 132 519 1996 268 519 1997 132 520 1998 133 520 1999 268 520 2000 133 521 2001 267 521 2002 268 521 2003 272 522 2004 271 522 2005 135 522 2006 136 523 2007 135 523 2008 265 523 2009 135 524 2010 271 524 2011 265 524 2012 265 525 2013 264 525 2014 137 525 2015 137 77 2016 139 77 2017 138 77 2018 139 526 2019 141 526 2020 140 526 2021 141 79 2022 143 79 2023 142 79 2024 143 527 2025 145 527 2026 144 527 2027 145 81 2028 147 81 2029 146 81 2030 147 82 2031 149 82 2032 148 82 2033 149 83 2034 151 83 2035 150 83 2036 151 528 2037 153 528 2038 152 528 2039 153 529 2040 155 529 2041 154 529 2042 155 530 2043 157 530 2044 156 530 2045 157 531 2046 159 531 2047 158 531 2048 159 532 2049 161 532 2050 160 532 2051 161 533 2052 163 533 2053 162 533 2054 163 534 2055 165 534 2056 164 534 2057 164 535 2058 165 535 2059 266 535 2060 165 536 2061 275 536 2062 266 536 2063 266 537 2064 273 537 2065 166 537 2066 273 538 2067 274 538 2068 167 538 2069 168 539 2070 167 539 2071 270 539 2072 167 540 2073 274 540 2074 270 540 2075 270 541 2076 269 541 2077 169 541 2078 169 94 2079 171 94 2080 170 94 2081 171 95 2082 173 95 2083 172 95 2084 173 542 2085 175 542 2086 174 542 2087 175 543 2088 177 543 2089 176 543 2090 125 64 2091 123 64 2092 267 64 2093 123 64 2094 121 64 2095 267 64 2096 121 64 2097 179 64 2098 269 64 2099 179 64 2100 177 64 2101 269 64 2102 177 64 2103 175 64 2104 269 64 2105 175 64 2106 173 64 2107 269 64 2108 173 64 2109 171 64 2110 269 64 2111 171 64 2112 169 64 2113 269 64 2114 269 64 2115 267 64 2116 121 64 2117 267 64 2118 133 64 2119 131 64 2120 131 64 2121 129 64 2122 267 64 2123 129 64 2124 127 64 2125 267 64 2126 177 544 2127 179 544 2128 178 544 2129 179 545 2130 121 545 2131 120 545 2132 178 33 2133 120 33 2134 122 33 2135 122 33 2136 124 33 2137 178 33 2138 124 33 2139 126 33 2140 178 33 2141 126 546 2142 128 546 2143 130 546 2144 130 33 2145 132 33 2146 126 33 2147 132 33 2148 134 33 2149 126 33 2150 134 33 2151 135 33 2152 136 33 2153 136 33 2154 138 33 2155 134 33 2156 138 33 2157 140 33 2158 134 33 2159 140 546 2160 142 546 2161 144 546 2162 144 33 2163 146 33 2164 140 33 2165 146 33 2166 148 33 2167 140 33 2168 148 33 2169 150 33 2170 152 33 2171 152 33 2172 154 33 2173 148 33 2174 154 33 2175 156 33 2176 148 33 2177 156 547 2178 158 547 2179 160 547 2180 160 548 2181 162 548 2182 164 548 2183 164 33 2184 166 33 2185 167 33 2186 167 33 2187 168 33 2188 164 33 2189 168 33 2190 170 33 2191 164 33 2192 170 549 2193 172 549 2194 174 549 2195 174 33 2196 176 33 2197 170 33 2198 176 33 2199 178 33 2200 170 33 2201 156 33 2202 160 33 2203 148 33 2204 160 33 2205 164 33 2206 148 33 2207 178 33 2208 126 33 2209 134 33 2210 134 550 2211 140 550 2212 148 550 2213 164 551 2214 170 551 2215 178 551 2216 178 33 2217 134 33 2218 148 33 2219 181 552 2220 183 552 2221 182 552 2222 183 69 2223 185 69 2224 184 69 2225 185 553 2226 187 553 2227 186 553 2228 187 554 2229 189 554 2230 188 554 2231 189 103 2232 191 103 2233 190 103 2234 191 104 2235 193 104 2236 192 104 2237 194 555 2238 192 555 2239 280 555 2240 192 556 2241 193 556 2242 280 556 2243 193 557 2244 279 557 2245 280 557 2246 284 558 2247 283 558 2248 195 558 2249 196 559 2250 195 559 2251 276 559 2252 195 560 2253 283 560 2254 276 560 2255 276 561 2256 277 561 2257 197 561 2258 197 562 2259 199 562 2260 198 562 2261 199 109 2262 201 109 2263 200 109 2264 201 110 2265 203 110 2266 202 110 2267 203 563 2268 205 563 2269 204 563 2270 205 564 2271 207 564 2272 206 564 2273 207 113 2274 209 113 2275 208 113 2276 209 565 2277 211 565 2278 210 565 2279 211 566 2280 213 566 2281 212 566 2282 213 567 2283 215 567 2284 214 567 2285 215 568 2286 217 568 2287 216 568 2288 217 569 2289 219 569 2290 218 569 2291 219 570 2292 221 570 2293 220 570 2294 221 120 2295 223 120 2296 222 120 2297 223 571 2298 225 571 2299 224 571 2300 226 572 2301 224 572 2302 278 572 2303 224 573 2304 225 573 2305 278 573 2306 225 574 2307 287 574 2308 278 574 2309 285 575 2310 286 575 2311 227 575 2312 228 576 2313 227 576 2314 281 576 2315 227 577 2316 286 577 2317 281 577 2318 281 578 2319 282 578 2320 229 578 2321 229 579 2322 231 579 2323 230 579 2324 231 126 2325 233 126 2326 232 126 2327 233 580 2328 235 580 2329 234 580 2330 235 127 2331 237 127 2332 236 127 2333 185 581 2334 183 581 2335 279 581 2336 183 64 2337 181 64 2338 279 64 2339 181 64 2340 239 64 2341 282 64 2342 239 582 2343 237 582 2344 282 582 2345 237 64 2346 235 64 2347 282 64 2348 235 64 2349 233 64 2350 282 64 2351 233 64 2352 231 64 2353 282 64 2354 231 583 2355 229 583 2356 282 583 2357 282 64 2358 279 64 2359 181 64 2360 279 584 2361 193 584 2362 191 584 2363 191 585 2364 189 585 2365 279 585 2366 189 64 2367 187 64 2368 279 64 2369 237 586 2370 239 586 2371 238 586 2372 239 545 2373 181 545 2374 180 545 2375 238 33 2376 180 33 2377 182 33 2378 182 33 2379 184 33 2380 238 33 2381 184 33 2382 186 33 2383 238 33 2384 186 33 2385 188 33 2386 190 33 2387 190 33 2388 192 33 2389 186 33 2390 192 33 2391 194 33 2392 186 33 2393 194 587 2394 195 587 2395 196 587 2396 196 33 2397 198 33 2398 200 33 2399 200 588 2400 202 588 2401 204 588 2402 204 33 2403 206 33 2404 200 33 2405 206 33 2406 208 33 2407 200 33 2408 208 33 2409 210 33 2410 212 33 2411 212 33 2412 214 33 2413 208 33 2414 214 33 2415 216 33 2416 208 33 2417 216 589 2418 218 589 2419 220 589 2420 220 33 2421 222 33 2422 224 33 2423 224 33 2424 226 33 2425 227 33 2426 227 590 2427 228 590 2428 230 590 2429 230 591 2430 232 591 2431 234 591 2432 234 33 2433 236 33 2434 230 33 2435 236 33 2436 238 33 2437 230 33 2438 194 33 2439 196 33 2440 208 33 2441 196 592 2442 200 592 2443 208 592 2444 216 33 2445 220 33 2446 208 33 2447 220 33 2448 224 33 2449 208 33 2450 224 593 2451 227 593 2452 238 593 2453 227 594 2454 230 594 2455 238 594 2456 238 33 2457 186 33 2458 194 33 2459 238 595 2460 194 595 2461 208 595 2462 245 129 2463 243 129 2464 244 129 2465 241 596 2466 242 596 2467 251 596 2468 19 64 2469 240 64 2470 21 64 2471 240 64 2472 251 64 2473 31 64 2474 21 64 2475 240 64 2476 23 64 2477 251 64 2478 43 64 2479 41 64 2480 41 64 2481 39 64 2482 251 64 2483 39 64 2484 37 64 2485 251 64 2486 37 64 2487 35 64 2488 251 64 2489 35 597 2490 33 597 2491 251 597 2492 33 598 2493 31 598 2494 251 598 2495 31 599 2496 29 599 2497 240 599 2498 29 600 2499 27 600 2500 240 600 2501 27 64 2502 25 64 2503 240 64 2504 250 601 2505 242 601 2506 249 601 2507 242 64 2508 241 64 2509 246 64 2510 241 602 2511 247 602 2512 248 602 2513 248 603 2514 245 603 2515 241 603 2516 245 64 2517 246 64 2518 241 64 2519 258 604 2520 257 604 2521 255 604 2522 79 64 2523 252 64 2524 81 64 2525 252 64 2526 263 64 2527 91 64 2528 81 64 2529 252 64 2530 83 64 2531 263 605 2532 103 605 2533 101 605 2534 101 64 2535 99 64 2536 263 64 2537 99 64 2538 97 64 2539 263 64 2540 97 64 2541 95 64 2542 263 64 2543 95 64 2544 93 64 2545 263 64 2546 93 64 2547 91 64 2548 263 64 2549 91 64 2550 89 64 2551 252 64 2552 89 64 2553 87 64 2554 252 64 2555 87 64 2556 85 64 2557 252 64 2558 254 130 2559 263 130 2560 252 130 2561 261 606 2562 254 606 2563 262 606 2564 254 607 2565 253 607 2566 258 607 2567 253 64 2568 260 64 2569 259 64 2570 259 608 2571 257 608 2572 253 608 2573 257 609 2574 258 609 2575 253 609 2576 268 610 2577 267 610 2578 269 610 2579 137 64 2580 264 64 2581 139 64 2582 264 64 2583 275 64 2584 151 64 2585 139 64 2586 264 64 2587 141 64 2588 275 64 2589 165 64 2590 163 64 2591 163 64 2592 161 64 2593 275 64 2594 161 64 2595 159 64 2596 275 64 2597 159 64 2598 157 64 2599 275 64 2600 157 64 2601 155 64 2602 275 64 2603 155 64 2604 153 64 2605 275 64 2606 153 64 2607 151 64 2608 275 64 2609 151 64 2610 149 64 2611 264 64 2612 149 64 2613 147 64 2614 264 64 2615 147 64 2616 145 64 2617 264 64 2618 145 64 2619 143 64 2620 264 64 2621 265 611 2622 266 611 2623 275 611 2624 273 612 2625 266 612 2626 270 612 2627 266 613 2628 265 613 2629 270 613 2630 265 614 2631 271 614 2632 268 614 2633 271 615 2634 272 615 2635 268 615 2636 268 64 2637 270 64 2638 265 64 2639 280 616 2640 279 616 2641 282 616 2642 278 617 2643 287 617 2644 277 617 2645 285 618 2646 278 618 2647 286 618 2648 278 619 2649 276 619 2650 281 619 2651 276 620 2652 283 620 2653 284 620 2654 284 64 2655 280 64 2656 276 64 2657 280 621 2658 281 621 2659 276 621 2660 197 622 2661 277 622 2662 199 622 2663 277 623 2664 287 623 2665 211 623 2666 199 624 2667 277 624 2668 201 624 2669 287 64 2670 225 64 2671 223 64 2672 223 64 2673 221 64 2674 287 64 2675 221 625 2676 219 625 2677 287 625 2678 219 626 2679 217 626 2680 287 626 2681 217 64 2682 215 64 2683 287 64 2684 215 64 2685 213 64 2686 287 64 2687 213 64 2688 211 64 2689 287 64 2690 211 627 2691 209 627 2692 277 627 2693 209 628 2694 207 628 2695 277 628 2696 207 629 2697 205 629 2698 277 629 2699 205 630 2700 203 630 2701 277 630 2702</p>
        </triangles>
        <triangles material="Material_003-material" count="156">
          <input semantic="VERTEX" source="#Cylinder_007-mesh-vertices" offset="0"/>
          <input semantic="NORMAL" source="#Cylinder_007-mesh-normals" offset="1"/>
          <input semantic="TEXCOORD" source="#Cylinder_007-mesh-map-0" offset="2" set="0"/>
          <p>318 130 456 288 130 457 309 130 458 308 33 459 309 33 460 289 33 461 339 141 462 359 141 463 338 141 464 289 142 465 300 142 466 298 142 467 297 143 468 301 143 469 300 143 470 296 144 471 302 144 472 301 144 473 295 145 474 303 145 475 302 145 476 294 146 477 304 146 478 303 146 479 293 147 480 305 147 481 304 147 482 292 148 483 306 148 484 305 148 485 291 149 486 307 149 487 306 149 488 290 150 489 299 150 490 307 150 491 298 151 492 348 151 493 289 151 494 309 152 495 320 152 496 318 152 497 317 153 498 321 153 499 320 153 500 316 154 501 322 154 502 321 154 503 315 155 504 323 155 505 322 155 506 314 156 507 324 156 508 323 156 509 313 157 510 325 157 511 324 157 512 312 158 513 326 158 514 325 158 515 311 159 516 327 159 517 326 159 518 310 160 519 319 160 520 327 160 521 339 161 522 330 161 523 328 161 524 347 162 525 331 162 526 330 162 527 346 163 528 332 163 529 331 163 530 345 164 531 333 164 532 332 164 533 344 165 534 334 165 535 333 165 536 343 166 537 335 166 538 334 166 539 342 167 540 336 167 541 335 167 542 341 168 543 337 168 544 336 168 545 340 169 546 329 169 547 337 169 548 338 170 549 308 170 550 329 170 551 349 171 552 360 171 553 358 171 554 357 172 555 361 172 556 360 172 557 356 173 558 362 173 559 361 173 560 355 174 561 363 174 562 362 174 563 354 175 564 364 175 565 363 175 566 353 176 567 365 176 568 364 176 569 352 177 570 366 177 571 365 177 572 351 178 573 367 178 574 366 178 575 350 179 576 359 179 577 367 179 578 358 129 579 328 129 580 349 129 581 318 130 2703 299 130 2704 288 130 2705 329 33 2706 308 33 2707 348 33 2708 308 631 2709 310 631 2710 309 631 2711 309 632 2712 310 632 2713 311 632 2714 311 33 2715 312 33 2716 309 33 2717 312 33 2718 313 33 2719 309 33 2720 313 33 2721 314 33 2722 309 33 2723 314 633 2724 315 633 2725 309 633 2726 315 33 2727 316 33 2728 309 33 2729 316 33 2730 317 33 2731 309 33 2732 309 33 2733 288 33 2734 289 33 2735 288 634 2736 290 634 2737 291 634 2738 289 33 2739 288 33 2740 297 33 2741 291 33 2742 292 33 2743 288 33 2744 292 33 2745 293 33 2746 288 33 2747 293 33 2748 294 33 2749 288 33 2750 294 33 2751 295 33 2752 288 33 2753 295 33 2754 296 33 2755 288 33 2756 296 33 2757 297 33 2758 288 33 2759 289 33 2760 348 33 2761 308 33 2762 348 33 2763 350 33 2764 349 33 2765 329 635 2766 328 635 2767 337 635 2768 350 636 2769 351 636 2770 349 636 2771 351 33 2772 352 33 2773 349 33 2774 352 33 2775 353 33 2776 349 33 2777 353 637 2778 354 637 2779 349 637 2780 354 33 2781 355 33 2782 349 33 2783 355 638 2784 356 638 2785 349 638 2786 356 639 2787 357 639 2788 349 639 2789 349 33 2790 328 33 2791 348 33 2792 328 640 2793 330 640 2794 331 640 2795 348 33 2796 328 33 2797 329 33 2798 331 641 2799 332 641 2800 328 641 2801 332 33 2802 333 33 2803 328 33 2804 333 33 2805 334 33 2806 328 33 2807 334 33 2808 335 33 2809 328 33 2810 335 33 2811 336 33 2812 328 33 2813 336 33 2814 337 33 2815 328 33 2816 359 642 2817 298 642 2818 319 642 2819 298 64 2820 300 64 2821 299 64 2822 300 64 2823 301 64 2824 299 64 2825 301 64 2826 302 64 2827 299 64 2828 302 64 2829 303 64 2830 299 64 2831 303 64 2832 304 64 2833 299 64 2834 304 64 2835 305 64 2836 299 64 2837 305 643 2838 306 643 2839 299 643 2840 306 64 2841 307 64 2842 299 64 2843 299 64 2844 318 64 2845 298 64 2846 318 644 2847 320 644 2848 321 644 2849 321 645 2850 322 645 2851 318 645 2852 322 646 2853 323 646 2854 318 646 2855 323 647 2856 324 647 2857 318 647 2858 324 64 2859 325 64 2860 318 64 2861 325 648 2862 326 648 2863 318 648 2864 326 64 2865 327 64 2866 318 64 2867 327 64 2868 319 64 2869 318 64 2870 319 649 2871 338 649 2872 359 649 2873 338 650 2874 340 650 2875 339 650 2876 359 64 2877 339 64 2878 358 64 2879 340 64 2880 341 64 2881 339 64 2882 341 651 2883 342 651 2884 339 651 2885 342 64 2886 343 64 2887 339 64 2888 343 64 2889 344 64 2890 339 64 2891 344 64 2892 345 64 2893 339 64 2894 345 652 2895 346 652 2896 339 652 2897 346 653 2898 347 653 2899 339 653 2900 358 64 2901 360 64 2902 361 64 2903 359 64 2904 358 64 2905 367 64 2906 361 64 2907 362 64 2908 358 64 2909 362 654 2910 363 654 2911 358 654 2912 363 64 2913 364 64 2914 358 64 2915 364 64 2916 365 64 2917 358 64 2918 365 64 2919 366 64 2920 358 64 2921 366 64 2922 367 64 2923 358 64 2924 319 64 2925 298 64 2926 318 64 2927 289 655 2928 297 655 2929 300 655 2930 297 656 2931 296 656 2932 301 656 2933 296 657 2934 295 657 2935 302 657 2936 295 145 2937 294 145 2938 303 145 2939 294 146 2940 293 146 2941 304 146 2942 293 658 2943 292 658 2944 305 658 2945 292 148 2946 291 148 2947 306 148 2948 291 659 2949 290 659 2950 307 659 2951 290 660 2952 288 660 2953 299 660 2954 298 151 2955 359 151 2956 348 151 2957 309 661 2958 317 661 2959 320 661 2960 317 662 2961 316 662 2962 321 662 2963 316 154 2964 315 154 2965 322 154 2966 315 663 2967 314 663 2968 323 663 2969 314 664 2970 313 664 2971 324 664 2972 313 665 2973 312 665 2974 325 665 2975 312 666 2976 311 666 2977 326 666 2978 311 159 2979 310 159 2980 327 159 2981 310 667 2982 308 667 2983 319 667 2984 339 161 2985 347 161 2986 330 161 2987 347 668 2988 346 668 2989 331 668 2990 346 669 2991 345 669 2992 332 669 2993 345 670 2994 344 670 2995 333 670 2996 344 671 2997 343 671 2998 334 671 2999 343 672 3000 342 672 3001 335 672 3002 342 673 3003 341 673 3004 336 673 3005 341 674 3006 340 674 3007 337 674 3008 340 675 3009 338 675 3010 329 675 3011 338 170 3012 319 170 3013 308 170 3014 349 171 3015 357 171 3016 360 171 3017 357 676 3018 356 676 3019 361 676 3020 356 677 3021 355 677 3022 362 677 3023 355 678 3024 354 678 3025 363 678 3026 354 175 3027 353 175 3028 364 175 3029 353 679 3030 352 679 3031 365 679 3032 352 680 3033 351 680 3034 366 680 3035 351 681 3036 350 681 3037 367 681 3038 350 179 3039 348 179 3040 359 179 3041 358 129 3042 339 129 3043 328 129 3044</p>
        </triangles>
        <triangles material="Material_006-material" count="272">
          <input semantic="VERTEX" source="#Cylinder_007-mesh-vertices" offset="0"/>
          <input semantic="NORMAL" source="#Cylinder_007-mesh-normals" offset="1"/>
          <input semantic="TEXCOORD" source="#Cylinder_007-mesh-map-0" offset="2" set="0"/>
          <p>414 64 582 436 64 583 415 64 584 416 180 585 457 180 586 446 180 587 371 33 588 379 33 589 369 33 590 411 181 591 406 181 592 410 181 593 413 182 594 410 182 595 412 182 596 407 183 597 402 183 598 406 183 599 395 184 600 392 184 601 394 184 602 401 185 603 394 185 604 400 185 605 408 186 606 413 186 607 412 186 608 398 187 609 405 187 610 404 187 611 374 188 612 373 188 613 375 188 614 404 189 615 409 189 616 408 189 617 380 190 618 385 190 619 384 190 620 396 191 621 399 191 622 398 191 623 384 192 624 387 192 625 386 192 626 375 33 627 370 33 628 368 33 629 389 193 630 382 193 631 388 193 632 383 194 633 377 194 634 382 194 635 372 195 636 381 195 637 380 195 638 390 196 639 397 196 640 396 196 641 386 197 642 391 197 643 390 197 644 393 198 645 388 198 646 392 198 647 378 199 648 376 199 649 377 199 650 403 200 651 400 200 652 402 200 653 407 170 654 411 170 655 420 170 656 437 130 657 371 130 658 369 130 659 419 64 660 496 64 661 420 64 662 418 64 663 425 64 664 421 64 665 423 201 666 425 201 667 424 201 668 420 130 669 421 130 670 419 130 671 415 130 672 486 130 673 414 130 674 416 202 675 466 202 676 417 202 677 437 203 678 428 203 679 426 203 680 445 204 681 429 204 682 428 204 683 444 205 684 430 205 685 429 205 686 443 206 687 431 206 688 430 206 689 442 207 690 432 207 691 431 207 692 441 208 693 433 208 694 432 208 695 433 209 696 439 209 697 434 209 698 439 210 699 435 210 700 434 210 701 438 211 702 427 211 703 435 211 704 447 64 705 368 64 706 370 64 707 447 212 708 458 212 709 456 212 710 455 213 711 459 213 712 458 213 713 454 214 714 460 214 715 459 214 716 453 215 717 461 215 718 460 215 719 452 216 720 462 216 721 461 216 722 462 217 723 450 217 724 463 217 725 463 218 726 449 218 727 464 218 728 449 219 729 465 219 730 464 219 731 448 220 732 457 220 733 465 220 734 467 221 735 478 221 736 476 221 737 475 222 738 479 222 739 478 222 740 474 223 741 480 223 742 479 223 743 473 224 744 481 224 745 480 224 746 472 225 747 482 225 748 481 225 749 471 226 750 483 226 751 482 226 752 470 227 753 484 227 754 483 227 755 469 228 756 485 228 757 484 228 758 468 229 759 477 229 760 485 229 761 423 230 762 476 230 763 422 230 764 487 231 765 498 231 766 496 231 767 495 232 768 499 232 769 498 232 770 494 233 771 500 233 772 499 233 773 493 234 774 501 234 775 500 234 776 492 235 777 502 235 778 501 235 779 491 236 780 503 236 781 502 236 782 490 237 783 504 237 784 503 237 785 489 238 786 505 238 787 504 238 788 488 239 789 497 239 790 505 239 791 398 240 792 404 240 793 422 240 794 414 64 3045 427 64 3046 436 64 3047 416 682 3048 417 682 3049 457 682 3050 371 683 3051 376 683 3052 379 683 3053 411 684 3054 407 684 3055 406 684 3056 413 685 3057 411 685 3058 410 685 3059 407 686 3060 403 686 3061 402 686 3062 395 687 3063 393 687 3064 392 687 3065 401 688 3066 395 688 3067 394 688 3068 408 689 3069 409 689 3070 413 689 3071 398 690 3072 399 690 3073 405 690 3074 374 691 3075 372 691 3076 373 691 3077 404 692 3078 405 692 3079 409 692 3080 380 693 3081 381 693 3082 385 693 3083 396 694 3084 397 694 3085 399 694 3086 384 695 3087 385 695 3088 387 695 3089 375 33 3090 373 33 3091 370 33 3092 389 696 3093 383 696 3094 382 696 3095 383 697 3096 378 697 3097 377 697 3098 372 698 3099 374 698 3100 381 698 3101 390 699 3102 391 699 3103 397 699 3104 386 700 3105 387 700 3106 391 700 3107 393 701 3108 389 701 3109 388 701 3110 378 702 3111 379 702 3112 376 702 3113 403 703 3114 401 703 3115 400 703 3116 375 64 3117 368 64 3118 456 64 3119 456 704 3120 458 704 3121 459 704 3122 459 170 3123 460 170 3124 456 170 3125 460 170 3126 461 170 3127 456 170 3128 461 170 3129 462 170 3130 456 170 3131 462 170 3132 463 170 3133 456 170 3134 463 170 3135 464 170 3136 456 170 3137 464 170 3138 465 170 3139 456 170 3140 465 170 3141 457 170 3142 375 170 3143 457 170 3144 417 170 3145 374 170 3146 417 705 3147 466 705 3148 387 705 3149 466 170 3150 468 170 3151 469 170 3152 387 706 3153 466 706 3154 391 706 3155 469 170 3156 470 170 3157 466 170 3158 470 170 3159 471 170 3160 466 170 3161 471 170 3162 472 170 3163 466 170 3164 472 170 3165 473 170 3166 466 170 3167 473 170 3168 474 170 3169 466 170 3170 474 170 3171 475 170 3172 391 170 3173 475 170 3174 467 170 3175 391 170 3176 423 170 3177 424 170 3178 409 170 3179 424 170 3180 418 170 3181 413 170 3182 467 170 3183 423 170 3184 397 170 3185 391 170 3186 467 170 3187 397 170 3188 457 170 3189 374 170 3190 375 170 3191 375 170 3192 456 170 3193 465 170 3194 391 170 3195 466 170 3196 474 170 3197 424 707 3198 413 707 3199 409 707 3200 418 708 3201 420 708 3202 411 708 3203 413 170 3204 418 170 3205 411 170 3206 381 170 3207 374 170 3208 417 170 3209 420 170 3210 496 170 3211 401 170 3212 401 170 3213 496 170 3214 395 170 3215 496 170 3216 498 170 3217 395 170 3218 498 170 3219 499 170 3220 497 170 3221 395 709 3222 498 709 3223 497 709 3224 499 170 3225 500 170 3226 497 170 3227 500 170 3228 501 170 3229 497 170 3230 501 170 3231 502 170 3232 497 170 3233 502 170 3234 503 170 3235 497 170 3236 503 710 3237 504 710 3238 497 710 3239 504 711 3240 505 711 3241 497 711 3242 497 712 3243 415 712 3244 393 712 3245 415 170 3246 436 170 3247 378 170 3248 436 170 3249 438 170 3250 369 170 3251 378 170 3252 436 170 3253 379 170 3254 438 170 3255 439 170 3256 369 170 3257 439 170 3258 440 170 3259 369 170 3260 440 170 3261 441 170 3262 369 170 3263 441 170 3264 442 170 3265 369 170 3266 369 170 3267 442 170 3268 437 170 3269 442 713 3270 443 713 3271 437 713 3272 443 170 3273 444 170 3274 437 170 3275 444 714 3276 445 714 3277 437 714 3278 369 170 3279 379 170 3280 436 170 3281 497 715 3282 393 715 3283 395 715 3284 378 170 3285 383 170 3286 415 170 3287 415 716 3288 383 716 3289 389 716 3290 385 717 3291 381 717 3292 417 717 3293 387 170 3294 385 170 3295 417 170 3296 415 170 3297 389 170 3298 393 170 3299 399 170 3300 397 170 3301 423 170 3302 401 170 3303 403 170 3304 420 170 3305 403 718 3306 407 718 3307 420 718 3308 405 719 3309 399 719 3310 423 719 3311 409 170 3312 405 170 3313 423 170 3314 437 130 3315 426 130 3316 371 130 3317 419 720 3318 487 720 3319 496 720 3320 418 64 3321 424 64 3322 425 64 3323 423 721 3324 422 721 3325 425 721 3326 420 130 3327 418 130 3328 421 130 3329 415 130 3330 497 130 3331 486 130 3332 416 722 3333 477 722 3334 466 722 3335 437 203 3336 445 203 3337 428 203 3338 445 723 3339 444 723 3340 429 723 3341 444 724 3342 443 724 3343 430 724 3344 443 725 3345 442 725 3346 431 725 3347 442 726 3348 441 726 3349 432 726 3350 441 727 3351 440 727 3352 433 727 3353 433 728 3354 440 728 3355 439 728 3356 439 729 3357 438 729 3358 435 729 3359 438 730 3360 436 730 3361 427 730 3362 447 64 3363 456 64 3364 368 64 3365 447 731 3366 455 731 3367 458 731 3368 455 732 3369 454 732 3370 459 732 3371 454 733 3372 453 733 3373 460 733 3374 453 734 3375 452 734 3376 461 734 3377 452 735 3378 451 735 3379 462 735 3380 462 736 3381 451 736 3382 450 736 3383 463 737 3384 450 737 3385 449 737 3386 449 738 3387 448 738 3388 465 738 3389 448 739 3390 446 739 3391 457 739 3392 467 740 3393 475 740 3394 478 740 3395 475 741 3396 474 741 3397 479 741 3398 474 742 3399 473 742 3400 480 742 3401 473 743 3402 472 743 3403 481 743 3404 472 744 3405 471 744 3406 482 744 3407 471 745 3408 470 745 3409 483 745 3410 470 746 3411 469 746 3412 484 746 3413 469 747 3414 468 747 3415 485 747 3416 468 748 3417 466 748 3418 477 748 3419 423 749 3420 467 749 3421 476 749 3422 487 750 3423 495 750 3424 498 750 3425 495 751 3426 494 751 3427 499 751 3428 494 752 3429 493 752 3430 500 752 3431 493 753 3432 492 753 3433 501 753 3434 492 754 3435 491 754 3436 502 754 3437 491 755 3438 490 755 3439 503 755 3440 490 756 3441 489 756 3442 504 756 3443 489 757 3444 488 757 3445 505 757 3446 488 758 3447 486 758 3448 497 758 3449 376 759 3450 371 759 3451 427 759 3452 371 151 3453 426 151 3454 431 151 3455 431 760 3456 426 760 3457 430 760 3458 426 761 3459 428 761 3460 429 761 3461 429 151 3462 430 151 3463 426 151 3464 431 151 3465 432 151 3466 371 151 3467 432 151 3468 433 151 3469 371 151 3470 433 762 3471 434 762 3472 371 762 3473 434 763 3474 435 763 3475 371 763 3476 435 764 3477 427 764 3478 371 764 3479 427 765 3480 414 765 3481 377 765 3482 414 151 3483 486 151 3484 392 151 3485 486 151 3486 488 151 3487 489 151 3488 392 766 3489 486 766 3490 394 766 3491 489 151 3492 490 151 3493 486 151 3494 490 151 3495 491 151 3496 486 151 3497 491 151 3498 492 151 3499 486 151 3500 492 151 3501 493 151 3502 486 151 3503 493 767 3504 494 767 3505 486 767 3506 494 151 3507 495 151 3508 486 151 3509 495 768 3510 487 768 3511 394 768 3512 419 769 3513 421 769 3514 410 769 3515 421 151 3516 425 151 3517 412 151 3518 495 770 3519 394 770 3520 486 770 3521 487 771 3522 419 771 3523 400 771 3524 394 772 3525 487 772 3526 400 772 3527 427 773 3528 377 773 3529 376 773 3530 421 774 3531 412 774 3532 410 774 3533 425 775 3534 422 775 3535 408 775 3536 412 151 3537 425 151 3538 408 151 3539 382 776 3540 377 776 3541 414 776 3542 422 777 3543 476 777 3544 396 777 3545 476 778 3546 478 778 3547 390 778 3548 396 779 3549 476 779 3550 390 779 3551 478 780 3552 479 780 3553 390 780 3554 479 781 3555 480 781 3556 477 781 3557 390 782 3558 479 782 3559 477 782 3560 480 783 3561 481 783 3562 477 783 3563 481 784 3564 482 784 3565 477 784 3566 482 785 3567 483 785 3568 477 785 3569 483 151 3570 484 151 3571 477 151 3572 484 786 3573 485 786 3574 477 786 3575 416 787 3576 446 787 3577 372 787 3578 446 788 3579 448 788 3580 373 788 3581 372 789 3582 446 789 3583 373 789 3584 477 790 3585 416 790 3586 386 790 3587 388 791 3588 382 791 3589 414 791 3590 392 792 3591 388 792 3592 414 792 3593 477 793 3594 386 793 3595 390 793 3596 448 794 3597 449 794 3598 447 794 3599 449 795 3600 450 795 3601 447 795 3602 450 796 3603 451 796 3604 447 796 3605 451 151 3606 452 151 3607 447 151 3608 452 151 3609 453 151 3610 447 151 3611 453 151 3612 454 151 3613 447 151 3614 454 151 3615 455 151 3616 447 151 3617 447 64 3618 370 64 3619 373 64 3620 447 797 3621 373 797 3622 448 797 3623 416 798 3624 372 798 3625 380 798 3626 416 799 3627 380 799 3628 384 799 3629 416 800 3630 384 800 3631 386 800 3632 402 151 3633 400 151 3634 419 151 3635 406 151 3636 402 151 3637 419 151 3638 410 151 3639 406 151 3640 419 151 3641 396 801 3642 398 801 3643 422 801 3644 408 802 3645 422 802 3646 404 802 3647</p>
        </triangles>
        <triangles material="Material_005-material" count="156">
          <input semantic="VERTEX" source="#Cylinder_007-mesh-vertices" offset="0"/>
          <input semantic="NORMAL" source="#Cylinder_007-mesh-normals" offset="1"/>
          <input semantic="TEXCOORD" source="#Cylinder_007-mesh-map-0" offset="2" set="0"/>
          <p>507 170 795 561 170 796 512 170 797 506 241 798 514 241 799 577 241 800 508 242 801 515 242 802 510 242 803 548 151 804 562 151 805 539 151 806 575 243 807 570 243 808 508 243 809 549 64 810 578 64 811 512 64 812 579 129 813 583 129 814 515 129 815 514 244 816 558 244 817 515 244 818 519 245 819 530 245 820 528 245 821 527 246 822 531 246 823 530 246 824 526 247 825 532 247 826 531 247 827 525 248 828 533 248 829 532 248 830 524 249 831 534 249 832 533 249 833 523 250 834 535 250 835 534 250 836 522 251 837 536 251 838 535 251 839 521 252 840 537 252 841 536 252 842 520 253 843 529 253 844 537 253 845 510 130 846 581 130 847 538 130 848 539 254 849 550 254 850 548 254 851 547 255 852 551 255 853 550 255 854 546 256 855 552 256 856 551 256 857 545 257 858 553 257 859 552 257 860 544 258 861 554 258 862 553 258 863 543 259 864 555 259 865 554 259 866 542 260 867 556 260 868 555 260 869 541 261 870 557 261 871 556 261 872 540 262 873 549 262 874 557 262 875 508 263 876 510 263 877 565 263 878 563 264 879 559 264 880 562 264 881 528 64 882 530 64 883 513 64 884 565 151 885 558 151 886 564 151 887 566 151 888 518 151 889 568 151 890 569 170 891 513 170 892 567 170 893 569 265 894 566 265 895 568 265 896 582 64 897 511 64 898 516 64 899 572 64 900 509 64 901 571 64 902 585 266 903 582 266 904 583 266 905 575 267 906 576 267 907 577 267 908 579 268 909 580 268 910 581 268 911 583 64 912 581 64 913 585 64 914 573 151 915 571 151 916 570 151 917 570 64 918 577 64 919 573 64 920 507 170 3648 563 170 3649 561 170 3650 514 803 3651 517 803 3652 573 803 3653 517 804 3654 572 804 3655 573 804 3656 576 130 3657 513 130 3658 577 130 3659 513 130 3660 506 130 3661 577 130 3662 514 805 3663 573 805 3664 577 805 3665 508 806 3666 509 806 3667 514 806 3668 509 807 3669 517 807 3670 514 807 3671 516 808 3672 511 808 3673 515 808 3674 511 809 3675 510 809 3676 515 809 3677 508 810 3678 514 810 3679 515 810 3680 548 151 3681 560 151 3682 562 151 3683 519 129 3684 528 129 3685 575 129 3686 528 811 3687 574 811 3688 575 811 3689 571 129 3690 509 129 3691 570 129 3692 509 129 3693 508 129 3694 570 129 3695 519 812 3696 575 812 3697 508 812 3698 560 64 3699 548 64 3700 561 64 3701 548 64 3702 550 64 3703 512 64 3704 550 813 3705 551 813 3706 512 813 3707 551 814 3708 552 814 3709 512 814 3710 552 815 3711 553 815 3712 512 815 3713 553 64 3714 554 64 3715 512 64 3716 554 64 3717 555 64 3718 512 64 3719 555 64 3720 556 64 3721 512 64 3722 556 64 3723 557 64 3724 512 64 3725 557 64 3726 549 64 3727 512 64 3728 549 64 3729 580 64 3730 578 64 3731 512 64 3732 561 64 3733 548 64 3734 507 129 3735 512 129 3736 579 129 3737 512 129 3738 578 129 3739 579 129 3740 582 129 3741 516 129 3742 583 129 3743 516 129 3744 515 129 3745 583 129 3746 507 816 3747 579 816 3748 515 816 3749 514 64 3750 506 64 3751 564 64 3752 506 817 3753 569 817 3754 564 817 3755 563 64 3756 507 64 3757 558 64 3758 507 64 3759 515 64 3760 558 64 3761 514 64 3762 564 64 3763 558 64 3764 519 245 3765 527 245 3766 530 245 3767 527 818 3768 526 818 3769 531 818 3770 526 819 3771 525 819 3772 532 819 3773 525 248 3774 524 248 3775 533 248 3776 524 820 3777 523 820 3778 534 820 3779 523 821 3780 522 821 3781 535 821 3782 522 822 3783 521 822 3784 536 822 3785 521 823 3786 520 823 3787 537 823 3788 520 824 3789 518 824 3790 529 824 3791 510 130 3792 511 130 3793 585 130 3794 511 130 3795 584 130 3796 585 130 3797 580 130 3798 549 130 3799 581 130 3800 549 130 3801 538 130 3802 581 130 3803 510 825 3804 585 825 3805 581 825 3806 539 826 3807 547 826 3808 550 826 3809 547 255 3810 546 255 3811 551 255 3812 546 827 3813 545 827 3814 552 827 3815 545 828 3816 544 828 3817 553 828 3818 544 829 3819 543 829 3820 554 829 3821 543 830 3822 542 830 3823 555 830 3824 542 831 3825 541 831 3826 556 831 3827 541 832 3828 540 832 3829 557 832 3830 540 262 3831 538 262 3832 549 262 3833 510 33 3834 538 33 3835 559 33 3836 538 33 3837 540 33 3838 539 33 3839 559 33 3840 538 33 3841 562 33 3842 540 33 3843 541 33 3844 539 33 3845 541 833 3846 542 833 3847 539 833 3848 542 834 3849 543 834 3850 539 834 3851 543 33 3852 544 33 3853 539 33 3854 544 33 3855 545 33 3856 539 33 3857 545 33 3858 546 33 3859 539 33 3860 546 835 3861 547 835 3862 539 835 3863 539 836 3864 562 836 3865 538 836 3866 565 33 3867 568 33 3868 519 33 3869 568 837 3870 518 837 3871 519 837 3872 518 838 3873 520 838 3874 521 838 3875 519 33 3876 518 33 3877 527 33 3878 518 839 3879 521 839 3880 522 839 3881 518 840 3882 522 840 3883 523 840 3884 518 841 3885 523 841 3886 524 841 3887 518 842 3888 524 842 3889 525 842 3890 510 33 3891 559 33 3892 565 33 3893 519 33 3894 508 33 3895 565 33 3896 525 33 3897 526 33 3898 518 33 3899 526 843 3900 527 843 3901 518 843 3902 563 844 3903 558 844 3904 559 844 3905 562 845 3906 560 845 3907 563 845 3908 560 846 3909 561 846 3910 563 846 3911 529 847 3912 566 847 3913 567 847 3914 513 64 3915 576 64 3916 528 64 3917 576 64 3918 574 64 3919 528 64 3920 529 848 3921 567 848 3922 513 848 3923 536 64 3924 537 64 3925 513 64 3926 537 849 3927 529 849 3928 513 849 3929 534 64 3930 535 64 3931 513 64 3932 535 64 3933 536 64 3934 513 64 3935 532 850 3936 533 850 3937 513 850 3938 533 851 3939 534 851 3940 513 851 3941 530 852 3942 531 852 3943 513 852 3944 531 64 3945 532 64 3946 513 64 3947 565 151 3948 559 151 3949 558 151 3950 566 151 3951 529 151 3952 518 151 3953 569 170 3954 506 170 3955 513 170 3956 568 853 3957 565 853 3958 569 853 3959 565 854 3960 564 854 3961 569 854 3962 569 855 3963 567 855 3964 566 855 3965 582 64 3966 584 64 3967 511 64 3968 572 64 3969 517 64 3970 509 64 3971 585 856 3972 584 856 3973 582 856 3974 575 857 3975 574 857 3976 576 857 3977 579 858 3978 578 858 3979 580 858 3980 583 64 3981 579 64 3982 581 64 3983 573 859 3984 572 859 3985 571 859 3986 570 64 3987 575 64 3988 577 64 3989</p>
        </triangles>
        <triangles material="Material_007-material" count="156">
          <input semantic="VERTEX" source="#Cylinder_007-mesh-vertices" offset="0"/>
          <input semantic="NORMAL" source="#Cylinder_007-mesh-normals" offset="1"/>
          <input semantic="TEXCOORD" source="#Cylinder_007-mesh-map-0" offset="2" set="0"/>
          <p>636 130 921 606 130 922 627 130 923 616 151 924 586 151 925 607 151 926 646 33 927 647 33 928 627 33 929 587 269 930 598 269 931 596 269 932 595 270 933 599 270 934 598 270 935 594 271 936 600 271 937 599 271 938 593 272 939 601 272 940 600 272 941 592 273 942 602 273 943 601 273 944 591 274 945 603 274 946 602 274 947 590 275 948 604 275 949 603 275 950 589 276 951 605 276 952 604 276 953 588 277 954 597 277 955 605 277 956 607 278 957 618 278 958 616 278 959 615 279 960 619 279 961 618 279 962 614 280 963 620 280 964 619 280 965 613 281 966 621 281 967 620 281 968 612 282 969 622 282 970 621 282 971 611 283 972 623 283 973 622 283 974 610 284 975 624 284 976 623 284 977 609 285 978 625 285 979 624 285 980 608 286 981 617 286 982 625 286 983 596 129 984 646 129 985 587 129 986 627 287 987 638 287 988 636 287 989 635 288 990 639 288 991 638 288 992 634 289 993 640 289 994 639 289 995 633 290 996 641 290 997 640 290 998 632 291 999 642 291 1000 641 291 1001 631 292 1002 643 292 1003 642 292 1004 630 293 1005 644 293 1006 643 293 1007 629 294 1008 645 294 1009 644 294 1010 628 295 1011 637 295 1012 645 295 1013 604 296 1014 605 296 1015 597 296 1016 657 297 1017 648 297 1018 646 297 1019 665 298 1020 649 298 1021 648 298 1022 664 299 1023 650 299 1024 649 299 1025 663 300 1026 651 300 1027 650 300 1028 662 301 1029 652 301 1030 651 301 1031 661 302 1032 653 302 1033 652 302 1034 660 303 1035 654 303 1036 653 303 1037 659 304 1038 655 304 1039 654 304 1040 658 305 1041 647 305 1042 655 305 1043 656 170 1044 626 170 1045 647 170 1046 636 130 3990 617 130 3991 606 130 3992 616 151 3993 597 151 3994 586 151 3995 647 860 3996 626 860 3997 627 860 3998 626 861 3999 628 861 4000 629 861 4001 634 862 4002 626 862 4003 633 862 4004 629 33 4005 630 33 4006 626 33 4007 630 863 4008 631 863 4009 626 863 4010 631 33 4011 632 33 4012 626 33 4013 632 864 4014 633 864 4015 626 864 4016 634 33 4017 635 33 4018 626 33 4019 635 33 4020 627 33 4021 626 33 4022 627 33 4023 606 33 4024 646 33 4025 606 865 4026 608 865 4027 607 865 4028 646 33 4029 606 33 4030 587 33 4031 608 33 4032 609 33 4033 607 33 4034 609 33 4035 610 33 4036 607 33 4037 610 866 4038 611 866 4039 607 866 4040 611 33 4041 612 33 4042 607 33 4043 612 33 4044 613 33 4045 607 33 4046 613 33 4047 614 33 4048 607 33 4049 614 33 4050 615 33 4051 607 33 4052 607 867 4053 586 867 4054 587 867 4055 586 868 4056 588 868 4057 589 868 4058 590 33 4059 586 33 4060 589 33 4061 590 33 4062 591 33 4063 586 33 4064 591 869 4065 592 869 4066 586 869 4067 592 33 4068 593 33 4069 586 33 4070 593 870 4071 594 870 4072 586 870 4073 594 33 4074 595 33 4075 586 33 4076 595 33 4077 587 33 4078 586 33 4079 646 871 4080 648 871 4081 647 871 4082 587 872 4083 606 872 4084 607 872 4085 648 33 4086 649 33 4087 647 33 4088 649 33 4089 650 33 4090 647 33 4091 650 33 4092 651 33 4093 647 33 4094 651 33 4095 652 33 4096 647 33 4097 652 33 4098 653 33 4099 647 33 4100 653 33 4101 654 33 4102 647 33 4103 654 33 4104 655 33 4105 647 33 4106 587 873 4107 595 873 4108 598 873 4109 595 874 4110 594 874 4111 599 874 4112 594 875 4113 593 875 4114 600 875 4115 593 272 4116 592 272 4117 601 272 4118 592 876 4119 591 876 4120 602 876 4121 591 274 4122 590 274 4123 603 274 4124 590 275 4125 589 275 4126 604 275 4127 589 877 4128 588 877 4129 605 877 4130 588 277 4131 586 277 4132 597 277 4133 607 878 4134 615 878 4135 618 878 4136 615 879 4137 614 879 4138 619 879 4139 614 880 4140 613 880 4141 620 880 4142 613 881 4143 612 881 4144 621 881 4145 612 882 4146 611 882 4147 622 882 4148 611 883 4149 610 883 4150 623 883 4151 610 884 4152 609 884 4153 624 884 4154 609 885 4155 608 885 4156 625 885 4157 608 286 4158 606 286 4159 617 286 4160 596 129 4161 657 129 4162 646 129 4163 627 886 4164 635 886 4165 638 886 4166 635 887 4167 634 887 4168 639 887 4169 634 888 4170 633 888 4171 640 888 4172 633 889 4173 632 889 4174 641 889 4175 632 890 4176 631 890 4177 642 890 4178 631 891 4179 630 891 4180 643 891 4181 630 892 4182 629 892 4183 644 892 4184 629 294 4185 628 294 4186 645 294 4187 628 893 4188 626 893 4189 637 893 4190 597 894 4191 616 894 4192 596 894 4193 616 64 4194 618 64 4195 619 64 4196 624 64 4197 616 64 4198 623 64 4199 619 64 4200 620 64 4201 616 64 4202 620 64 4203 621 64 4204 616 64 4205 621 64 4206 622 64 4207 616 64 4208 622 64 4209 623 64 4210 616 64 4211 624 64 4212 625 64 4213 616 64 4214 625 64 4215 617 64 4216 616 64 4217 617 64 4218 636 64 4219 657 64 4220 636 64 4221 638 64 4222 637 64 4223 657 64 4224 636 64 4225 656 64 4226 638 64 4227 639 64 4228 637 64 4229 639 64 4230 640 64 4231 637 64 4232 640 64 4233 641 64 4234 637 64 4235 641 64 4236 642 64 4237 637 64 4238 642 895 4239 643 895 4240 637 895 4241 643 64 4242 644 64 4243 637 64 4244 644 64 4245 645 64 4246 637 64 4247 637 64 4248 656 64 4249 636 64 4250 656 64 4251 658 64 4252 659 64 4253 660 896 4254 656 896 4255 659 896 4256 660 897 4257 661 897 4258 656 897 4259 661 64 4260 662 64 4261 656 64 4262 662 898 4263 663 898 4264 656 898 4265 663 64 4266 664 64 4267 656 64 4268 664 899 4269 665 899 4270 656 899 4271 665 64 4272 657 64 4273 656 64 4274 657 64 4275 596 64 4276 617 64 4277 596 64 4278 598 64 4279 597 64 4280 617 900 4281 596 900 4282 616 900 4283 598 64 4284 599 64 4285 597 64 4286 599 64 4287 600 64 4288 597 64 4289 600 64 4290 601 64 4291 597 64 4292 601 901 4293 602 901 4294 597 901 4295 602 902 4296 603 902 4297 597 902 4298 603 64 4299 604 64 4300 597 64 4301 657 903 4302 665 903 4303 648 903 4304 665 904 4305 664 904 4306 649 904 4307 664 905 4308 663 905 4309 650 905 4310 663 906 4311 662 906 4312 651 906 4313 662 907 4314 661 907 4315 652 907 4316 661 908 4317 660 908 4318 653 908 4319 660 909 4320 659 909 4321 654 909 4322 659 910 4323 658 910 4324 655 910 4325 658 911 4326 656 911 4327 647 911 4328 656 170 4329 637 170 4330 626 170 4331</p>
        </triangles>
        <triangles material="Material_008-material" count="156">
          <input semantic="VERTEX" source="#Cylinder_007-mesh-vertices" offset="0"/>
          <input semantic="NORMAL" source="#Cylinder_007-mesh-normals" offset="1"/>
          <input semantic="TEXCOORD" source="#Cylinder_007-mesh-map-0" offset="2" set="0"/>
          <p>724 64 1047 725 64 1048 716 64 1049 694 33 1050 695 33 1051 686 33 1052 667 306 1053 678 306 1054 676 306 1055 675 307 1056 679 307 1057 678 307 1058 674 308 1059 680 308 1060 679 308 1061 673 309 1062 681 309 1063 680 309 1064 672 310 1065 682 310 1066 681 310 1067 671 311 1068 683 311 1069 682 311 1070 670 312 1071 684 312 1072 683 312 1073 669 313 1074 685 313 1075 684 313 1076 668 314 1077 677 314 1078 685 314 1079 736 130 1080 666 130 1081 727 130 1082 697 315 1083 688 315 1084 686 315 1085 705 316 1086 689 316 1087 688 316 1088 704 317 1089 690 317 1090 689 317 1091 703 318 1092 691 318 1093 690 318 1094 702 319 1095 692 319 1096 691 319 1097 701 320 1098 693 320 1099 692 320 1100 700 321 1101 694 321 1102 693 321 1103 699 322 1104 695 322 1105 694 322 1106 698 323 1107 687 323 1108 695 323 1109 716 129 1110 686 129 1111 707 129 1112 707 324 1113 718 324 1114 716 324 1115 715 325 1116 719 325 1117 718 325 1118 714 326 1119 720 326 1120 719 326 1121 713 327 1122 721 327 1123 720 327 1124 712 328 1125 722 328 1126 721 328 1127 711 329 1128 723 329 1129 722 329 1130 710 330 1131 724 330 1132 723 330 1133 709 331 1134 725 331 1135 724 331 1136 708 332 1137 717 332 1138 725 332 1139 676 151 1140 706 151 1141 667 151 1142 727 333 1143 738 333 1144 736 333 1145 735 334 1146 739 334 1147 738 334 1148 734 335 1149 740 335 1150 739 335 1151 733 336 1152 741 336 1153 740 336 1154 732 337 1155 742 337 1156 741 337 1157 731 338 1158 743 338 1159 742 338 1160 730 339 1161 744 339 1162 743 339 1163 729 340 1164 745 340 1165 744 340 1166 728 341 1167 737 341 1168 745 341 1169 696 170 1170 726 170 1171 687 170 1172 717 64 4332 676 64 4333 737 64 4334 676 64 4335 678 64 4336 677 64 4337 737 912 4338 676 912 4339 736 912 4340 678 64 4341 679 64 4342 677 64 4343 679 64 4344 680 64 4345 677 64 4346 680 64 4347 681 64 4348 677 64 4349 681 64 4350 682 64 4351 677 64 4352 682 913 4353 683 913 4354 677 913 4355 683 64 4356 684 64 4357 677 64 4358 684 64 4359 685 64 4360 677 64 4361 677 64 4362 736 64 4363 676 64 4364 736 64 4365 738 64 4366 739 64 4367 737 914 4368 736 914 4369 745 914 4370 739 64 4371 740 64 4372 736 64 4373 740 64 4374 741 64 4375 736 64 4376 741 64 4377 742 64 4378 736 64 4379 742 64 4380 743 64 4381 736 64 4382 743 64 4383 744 64 4384 736 64 4385 744 64 4386 745 64 4387 736 64 4388 737 915 4389 696 915 4390 717 915 4391 696 64 4392 698 64 4393 697 64 4394 717 64 4395 696 64 4396 716 64 4397 698 916 4398 699 916 4399 697 916 4400 699 917 4401 700 917 4402 697 917 4403 700 918 4404 701 918 4405 697 918 4406 701 64 4407 702 64 4408 697 64 4409 702 919 4410 703 919 4411 697 919 4412 703 920 4413 704 920 4414 697 920 4415 704 921 4416 705 921 4417 697 921 4418 697 64 4419 716 64 4420 696 64 4421 716 64 4422 718 64 4423 719 64 4424 717 64 4425 716 64 4426 725 64 4427 719 64 4428 720 64 4429 716 64 4430 720 64 4431 721 64 4432 716 64 4433 721 64 4434 722 64 4435 716 64 4436 722 64 4437 723 64 4438 716 64 4439 723 64 4440 724 64 4441 716 64 4442 687 33 4443 726 33 4444 706 33 4445 726 33 4446 728 33 4447 727 33 4448 667 33 4449 726 33 4450 727 33 4451 728 922 4452 729 922 4453 727 922 4454 729 923 4455 730 923 4456 727 923 4457 730 33 4458 731 33 4459 727 33 4460 731 924 4461 732 924 4462 727 924 4463 732 925 4464 733 925 4465 727 925 4466 733 33 4467 734 33 4468 727 33 4469 734 33 4470 735 33 4471 727 33 4472 727 33 4473 666 33 4474 667 33 4475 666 33 4476 668 33 4477 669 33 4478 667 926 4479 666 926 4480 675 926 4481 669 927 4482 670 927 4483 666 927 4484 670 928 4485 671 928 4486 666 928 4487 671 33 4488 672 33 4489 666 33 4490 672 33 4491 673 33 4492 666 33 4493 673 33 4494 674 33 4495 666 33 4496 674 33 4497 675 33 4498 666 33 4499 667 33 4500 706 33 4501 726 33 4502 706 33 4503 708 33 4504 707 33 4505 687 33 4506 706 33 4507 707 33 4508 708 929 4509 709 929 4510 707 929 4511 709 33 4512 710 33 4513 707 33 4514 710 33 4515 711 33 4516 707 33 4517 711 930 4518 712 930 4519 707 930 4520 712 931 4521 713 931 4522 707 931 4523 713 33 4524 714 33 4525 707 33 4526 714 932 4527 715 932 4528 707 932 4529 707 33 4530 686 33 4531 687 33 4532 686 933 4533 688 933 4534 689 933 4535 687 33 4536 686 33 4537 695 33 4538 689 934 4539 690 934 4540 686 934 4541 690 33 4542 691 33 4543 686 33 4544 691 33 4545 692 33 4546 686 33 4547 692 33 4548 693 33 4549 686 33 4550 693 33 4551 694 33 4552 686 33 4553 667 935 4554 675 935 4555 678 935 4556 675 307 4557 674 307 4558 679 307 4559 674 308 4560 673 308 4561 680 308 4562 673 936 4563 672 936 4564 681 936 4565 672 937 4566 671 937 4567 682 937 4568 671 938 4569 670 938 4570 683 938 4571 670 939 4572 669 939 4573 684 939 4574 669 313 4575 668 313 4576 685 313 4577 668 940 4578 666 940 4579 677 940 4580 736 130 4581 677 130 4582 666 130 4583 697 941 4584 705 941 4585 688 941 4586 705 942 4587 704 942 4588 689 942 4589 704 943 4590 703 943 4591 690 943 4592 703 944 4593 702 944 4594 691 944 4595 702 945 4596 701 945 4597 692 945 4598 701 946 4599 700 946 4600 693 946 4601 700 947 4602 699 947 4603 694 947 4604 699 948 4605 698 948 4606 695 948 4607 698 949 4608 696 949 4609 687 949 4610 716 129 4611 697 129 4612 686 129 4613 707 950 4614 715 950 4615 718 950 4616 715 951 4617 714 951 4618 719 951 4619 714 326 4620 713 326 4621 720 326 4622 713 952 4623 712 952 4624 721 952 4625 712 953 4626 711 953 4627 722 953 4628 711 954 4629 710 954 4630 723 954 4631 710 955 4632 709 955 4633 724 955 4634 709 956 4635 708 956 4636 725 956 4637 708 957 4638 706 957 4639 717 957 4640 676 151 4641 717 151 4642 706 151 4643 727 958 4644 735 958 4645 738 958 4646 735 959 4647 734 959 4648 739 959 4649 734 960 4650 733 960 4651 740 960 4652 733 961 4653 732 961 4654 741 961 4655 732 962 4656 731 962 4657 742 962 4658 731 963 4659 730 963 4660 743 963 4661 730 964 4662 729 964 4663 744 964 4664 729 340 4665 728 340 4666 745 340 4667 728 965 4668 726 965 4669 737 965 4670 696 170 4671 737 170 4672 726 170 4673</p>
        </triangles>
        <triangles material="Material-material" count="124">
          <input semantic="VERTEX" source="#Cylinder_007-mesh-vertices" offset="0"/>
          <input semantic="NORMAL" source="#Cylinder_007-mesh-normals" offset="1"/>
          <input semantic="TEXCOORD" source="#Cylinder_007-mesh-map-0" offset="2" set="0"/>
          <p>747 342 1173 748 342 1174 746 342 1175 749 343 1176 750 343 1177 748 343 1178 751 344 1179 752 344 1180 750 344 1181 753 345 1182 754 345 1183 752 345 1184 755 346 1185 756 346 1186 754 346 1187 757 347 1188 758 347 1189 756 347 1190 759 348 1191 760 348 1192 758 348 1193 761 349 1194 762 349 1195 760 349 1196 763 350 1197 764 350 1198 762 350 1199 765 351 1200 766 351 1201 764 351 1202 767 352 1203 768 352 1204 766 352 1205 769 353 1206 770 353 1207 768 353 1208 771 354 1209 772 354 1210 770 354 1211 773 355 1212 774 355 1213 772 355 1214 775 356 1215 776 356 1216 774 356 1217 777 357 1218 778 357 1219 776 357 1220 779 358 1221 780 358 1222 778 358 1223 781 359 1224 782 359 1225 780 359 1226 783 360 1227 784 360 1228 782 360 1229 785 361 1230 786 361 1231 784 361 1232 787 362 1233 788 362 1234 786 362 1235 789 363 1236 790 363 1237 788 363 1238 791 364 1239 792 364 1240 790 364 1241 793 365 1242 794 365 1243 792 365 1244 795 366 1245 796 366 1246 794 366 1247 797 367 1248 798 367 1249 796 367 1250 799 368 1251 800 368 1252 798 368 1253 801 369 1254 802 369 1255 800 369 1256 803 370 1257 804 370 1258 802 370 1259 805 371 1260 806 371 1261 804 371 1262 755 64 1263 753 64 1264 803 64 1265 807 372 1266 808 372 1267 806 372 1268 809 373 1269 746 373 1270 808 373 1271 804 33 1272 806 33 1273 752 33 1274 747 966 4674 749 966 4675 748 966 4676 749 967 4677 751 967 4678 750 967 4679 751 968 4680 753 968 4681 752 968 4682 753 969 4683 755 969 4684 754 969 4685 755 970 4686 757 970 4687 756 970 4688 757 971 4689 759 971 4690 758 971 4691 759 972 4692 761 972 4693 760 972 4694 761 973 4695 763 973 4696 762 973 4697 763 974 4698 765 974 4699 764 974 4700 765 975 4701 767 975 4702 766 975 4703 767 976 4704 769 976 4705 768 976 4706 769 977 4707 771 977 4708 770 977 4709 771 978 4710 773 978 4711 772 978 4712 773 979 4713 775 979 4714 774 979 4715 775 980 4716 777 980 4717 776 980 4718 777 981 4719 779 981 4720 778 981 4721 779 982 4722 781 982 4723 780 982 4724 781 983 4725 783 983 4726 782 983 4727 783 984 4728 785 984 4729 784 984 4730 785 985 4731 787 985 4732 786 985 4733 787 986 4734 789 986 4735 788 986 4736 789 987 4737 791 987 4738 790 987 4739 791 988 4740 793 988 4741 792 988 4742 793 989 4743 795 989 4744 794 989 4745 795 990 4746 797 990 4747 796 990 4748 797 991 4749 799 991 4750 798 991 4751 799 992 4752 801 992 4753 800 992 4754 801 993 4755 803 993 4756 802 993 4757 803 994 4758 805 994 4759 804 994 4760 805 995 4761 807 995 4762 806 995 4763 751 64 4764 749 64 4765 807 64 4766 749 64 4767 747 64 4768 809 64 4769 807 64 4770 749 64 4771 809 64 4772 807 64 4773 805 64 4774 751 64 4775 805 64 4776 803 64 4777 753 64 4778 751 64 4779 805 64 4780 753 64 4781 803 64 4782 801 64 4783 755 64 4784 801 64 4785 799 64 4786 757 64 4787 755 64 4788 801 64 4789 757 64 4790 799 64 4791 797 64 4792 761 64 4793 797 64 4794 795 64 4795 763 64 4796 795 64 4797 793 64 4798 765 64 4799 793 996 4800 791 996 4801 767 996 4802 791 64 4803 789 64 4804 767 64 4805 789 64 4806 787 64 4807 769 64 4808 767 64 4809 789 64 4810 769 64 4811 787 64 4812 785 64 4813 771 64 4814 785 64 4815 783 64 4816 773 64 4817 771 64 4818 785 64 4819 773 64 4820 783 64 4821 781 64 4822 777 64 4823 781 64 4824 779 64 4825 777 64 4826 777 64 4827 775 64 4828 783 64 4829 775 64 4830 773 64 4831 783 64 4832 771 64 4833 769 64 4834 787 64 4835 767 64 4836 765 64 4837 793 64 4838 765 64 4839 763 64 4840 795 64 4841 763 64 4842 761 64 4843 797 64 4844 761 64 4845 759 64 4846 799 64 4847 759 64 4848 757 64 4849 799 64 4850 807 997 4851 809 997 4852 808 997 4853 809 998 4854 747 998 4855 746 998 4856 808 33 4857 746 33 4858 748 33 4859 748 33 4860 750 33 4861 808 33 4862 750 33 4863 752 33 4864 806 33 4865 808 33 4866 750 33 4867 806 33 4868 752 33 4869 754 33 4870 802 33 4871 754 33 4872 756 33 4873 800 33 4874 756 33 4875 758 33 4876 800 33 4877 758 33 4878 760 33 4879 798 33 4880 800 33 4881 758 33 4882 798 33 4883 760 33 4884 762 33 4885 794 33 4886 762 33 4887 764 33 4888 792 33 4889 764 33 4890 766 33 4891 792 33 4892 766 33 4893 768 33 4894 790 33 4895 792 999 4896 766 999 4897 790 999 4898 768 33 4899 770 33 4900 786 33 4901 770 33 4902 772 33 4903 784 33 4904 772 33 4905 774 33 4906 784 33 4907 774 33 4908 776 33 4909 782 33 4910 784 33 4911 774 33 4912 782 33 4913 776 33 4914 778 33 4915 780 33 4916 780 33 4917 782 33 4918 776 33 4919 784 33 4920 786 33 4921 770 33 4922 786 33 4923 788 33 4924 768 33 4925 788 33 4926 790 33 4927 768 33 4928 792 33 4929 794 33 4930 762 33 4931 794 33 4932 796 33 4933 760 33 4934 796 33 4935 798 33 4936 760 33 4937 800 33 4938 802 33 4939 754 33 4940 802 33 4941 804 33 4942 752 33 4943</p>
        </triangles>
        <triangles material="Material_010-material" count="124">
          <input semantic="VERTEX" source="#Cylinder_007-mesh-vertices" offset="0"/>
          <input semantic="NORMAL" source="#Cylinder_007-mesh-normals" offset="1"/>
          <input semantic="TEXCOORD" source="#Cylinder_007-mesh-map-0" offset="2" set="0"/>
          <p>811 374 1275 812 374 1276 810 374 1277 813 375 1278 814 375 1279 812 375 1280 815 376 1281 816 376 1282 814 376 1283 817 377 1284 818 377 1285 816 377 1286 819 378 1287 820 378 1288 818 378 1289 821 379 1290 822 379 1291 820 379 1292 823 380 1293 824 380 1294 822 380 1295 825 381 1296 826 381 1297 824 381 1298 827 382 1299 828 382 1300 826 382 1301 829 383 1302 830 383 1303 828 383 1304 831 384 1305 832 384 1306 830 384 1307 833 385 1308 834 385 1309 832 385 1310 835 386 1311 836 386 1312 834 386 1313 837 387 1314 838 387 1315 836 387 1316 839 388 1317 840 388 1318 838 388 1319 841 389 1320 842 389 1321 840 389 1322 843 390 1323 844 390 1324 842 390 1325 845 391 1326 846 391 1327 844 391 1328 847 392 1329 848 392 1330 846 392 1331 849 393 1332 850 393 1333 848 393 1334 851 394 1335 852 394 1336 850 394 1337 853 395 1338 854 395 1339 852 395 1340 855 396 1341 856 396 1342 854 396 1343 857 397 1344 858 397 1345 856 397 1346 859 398 1347 860 398 1348 858 398 1349 861 399 1350 862 399 1351 860 399 1352 863 400 1353 864 400 1354 862 400 1355 865 401 1356 866 401 1357 864 401 1358 867 402 1359 868 402 1360 866 402 1361 869 403 1362 870 403 1363 868 403 1364 819 64 1365 817 64 1366 867 64 1367 871 404 1368 872 404 1369 870 404 1370 873 405 1371 810 405 1372 872 405 1373 868 33 1374 870 33 1375 816 33 1376 811 1000 4944 813 1000 4945 812 1000 4946 813 375 4947 815 375 4948 814 375 4949 815 1001 4950 817 1001 4951 816 1001 4952 817 1002 4953 819 1002 4954 818 1002 4955 819 1003 4956 821 1003 4957 820 1003 4958 821 379 4959 823 379 4960 822 379 4961 823 1004 4962 825 1004 4963 824 1004 4964 825 1005 4965 827 1005 4966 826 1005 4967 827 1006 4968 829 1006 4969 828 1006 4970 829 1007 4971 831 1007 4972 830 1007 4973 831 384 4974 833 384 4975 832 384 4976 833 1008 4977 835 1008 4978 834 1008 4979 835 1009 4980 837 1009 4981 836 1009 4982 837 1010 4983 839 1010 4984 838 1010 4985 839 388 4986 841 388 4987 840 388 4988 841 1011 4989 843 1011 4990 842 1011 4991 843 1012 4992 845 1012 4993 844 1012 4994 845 391 4995 847 391 4996 846 391 4997 847 1013 4998 849 1013 4999 848 1013 5000 849 1014 5001 851 1014 5002 850 1014 5003 851 1015 5004 853 1015 5005 852 1015 5006 853 1016 5007 855 1016 5008 854 1016 5009 855 396 5010 857 396 5011 856 396 5012 857 1017 5013 859 1017 5014 858 1017 5015 859 1018 5016 861 1018 5017 860 1018 5018 861 399 5019 863 399 5020 862 399 5021 863 400 5022 865 400 5023 864 400 5024 865 1019 5025 867 1019 5026 866 1019 5027 867 1020 5028 869 1020 5029 868 1020 5030 869 1021 5031 871 1021 5032 870 1021 5033 815 64 5034 813 64 5035 873 64 5036 813 64 5037 811 64 5038 873 64 5039 873 64 5040 871 64 5041 815 64 5042 871 64 5043 869 64 5044 815 64 5045 869 64 5046 867 64 5047 817 64 5048 815 64 5049 869 64 5050 817 64 5051 867 64 5052 865 64 5053 819 64 5054 865 64 5055 863 64 5056 821 64 5057 819 64 5058 865 64 5059 821 64 5060 863 64 5061 861 64 5062 825 64 5063 861 64 5064 859 64 5065 827 64 5066 859 64 5067 857 64 5068 829 64 5069 857 1022 5070 855 1022 5071 831 1022 5072 855 64 5073 853 64 5074 831 64 5075 853 64 5076 851 64 5077 833 64 5078 831 64 5079 853 64 5080 833 64 5081 851 64 5082 849 64 5083 835 64 5084 849 64 5085 847 64 5086 837 64 5087 835 1023 5088 849 1023 5089 837 1023 5090 847 64 5091 845 64 5092 841 64 5093 845 64 5094 843 64 5095 841 64 5096 841 64 5097 839 64 5098 847 64 5099 839 64 5100 837 64 5101 847 64 5102 835 64 5103 833 64 5104 851 64 5105 831 64 5106 829 64 5107 857 64 5108 829 64 5109 827 64 5110 859 64 5111 827 64 5112 825 64 5113 861 64 5114 825 64 5115 823 64 5116 863 64 5117 823 64 5118 821 64 5119 863 64 5120 871 404 5121 873 404 5122 872 404 5123 873 1024 5124 811 1024 5125 810 1024 5126 872 33 5127 810 33 5128 812 33 5129 812 33 5130 814 33 5131 872 33 5132 814 33 5133 816 33 5134 870 33 5135 872 33 5136 814 33 5137 870 33 5138 816 33 5139 818 33 5140 866 33 5141 818 33 5142 820 33 5143 864 33 5144 820 33 5145 822 33 5146 864 33 5147 822 33 5148 824 33 5149 862 33 5150 864 33 5151 822 33 5152 862 33 5153 824 33 5154 826 33 5155 858 33 5156 826 33 5157 828 33 5158 856 33 5159 828 33 5160 830 33 5161 856 33 5162 830 1025 5163 832 1025 5164 854 1025 5165 856 1026 5166 830 1026 5167 854 1026 5168 832 33 5169 834 33 5170 850 33 5171 834 1027 5172 836 1027 5173 848 1027 5174 836 33 5175 838 33 5176 848 33 5177 838 33 5178 840 33 5179 846 33 5180 848 33 5181 838 33 5182 846 33 5183 840 33 5184 842 33 5185 844 33 5186 844 33 5187 846 33 5188 840 33 5189 848 33 5190 850 33 5191 834 33 5192 850 33 5193 852 33 5194 832 33 5195 852 33 5196 854 33 5197 832 33 5198 856 33 5199 858 33 5200 826 33 5201 858 33 5202 860 33 5203 824 33 5204 860 33 5205 862 33 5206 824 33 5207 864 33 5208 866 33 5209 818 33 5210 866 33 5211 868 33 5212 816 33 5213</p>
        </triangles>
        <triangles material="Material_009-material" count="124">
          <input semantic="VERTEX" source="#Cylinder_007-mesh-vertices" offset="0"/>
          <input semantic="NORMAL" source="#Cylinder_007-mesh-normals" offset="1"/>
          <input semantic="TEXCOORD" source="#Cylinder_007-mesh-map-0" offset="2" set="0"/>
          <p>875 406 1377 876 406 1378 874 406 1379 877 407 1380 878 407 1381 876 407 1382 879 408 1383 880 408 1384 878 408 1385 881 409 1386 882 409 1387 880 409 1388 883 410 1389 884 410 1390 882 410 1391 885 411 1392 886 411 1393 884 411 1394 887 412 1395 888 412 1396 886 412 1397 889 413 1398 890 413 1399 888 413 1400 891 414 1401 892 414 1402 890 414 1403 893 351 1404 894 351 1405 892 351 1406 895 415 1407 896 415 1408 894 415 1409 897 416 1410 898 416 1411 896 416 1412 899 417 1413 900 417 1414 898 417 1415 901 418 1416 902 418 1417 900 418 1418 903 419 1419 904 419 1420 902 419 1421 905 420 1422 906 420 1423 904 420 1424 907 421 1425 908 421 1426 906 421 1427 909 422 1428 910 422 1429 908 422 1430 911 423 1431 912 423 1432 910 423 1433 913 424 1434 914 424 1435 912 424 1436 915 425 1437 916 425 1438 914 425 1439 917 426 1440 918 426 1441 916 426 1442 919 427 1443 920 427 1444 918 427 1445 921 428 1446 922 428 1447 920 428 1448 923 429 1449 924 429 1450 922 429 1451 925 430 1452 926 430 1453 924 430 1454 927 368 1455 928 368 1456 926 368 1457 929 431 1458 930 431 1459 928 431 1460 931 432 1461 932 432 1462 930 432 1463 933 433 1464 934 433 1465 932 433 1466 883 64 1467 881 64 1468 931 64 1469 935 434 1470 936 434 1471 934 434 1472 937 435 1473 874 435 1474 936 435 1475 932 33 1476 934 33 1477 880 33 1478 875 1028 5214 877 1028 5215 876 1028 5216 877 1029 5217 879 1029 5218 878 1029 5219 879 408 5220 881 408 5221 880 408 5222 881 1030 5223 883 1030 5224 882 1030 5225 883 1031 5226 885 1031 5227 884 1031 5228 885 971 5229 887 971 5230 886 971 5231 887 1032 5232 889 1032 5233 888 1032 5234 889 1033 5235 891 1033 5236 890 1033 5237 891 1034 5238 893 1034 5239 892 1034 5240 893 1035 5241 895 1035 5242 894 1035 5243 895 1036 5244 897 1036 5245 896 1036 5246 897 1037 5247 899 1037 5248 898 1037 5249 899 1038 5250 901 1038 5251 900 1038 5252 901 418 5253 903 418 5254 902 418 5255 903 1039 5256 905 1039 5257 904 1039 5258 905 1040 5259 907 1040 5260 906 1040 5261 907 1041 5262 909 1041 5263 908 1041 5264 909 1042 5265 911 1042 5266 910 1042 5267 911 423 5268 913 423 5269 912 423 5270 913 1043 5271 915 1043 5272 914 1043 5273 915 1044 5274 917 1044 5275 916 1044 5276 917 1045 5277 919 1045 5278 918 1045 5279 919 1046 5280 921 1046 5281 920 1046 5282 921 1047 5283 923 1047 5284 922 1047 5285 923 1048 5286 925 1048 5287 924 1048 5288 925 1049 5289 927 1049 5290 926 1049 5291 927 1050 5292 929 1050 5293 928 1050 5294 929 1051 5295 931 1051 5296 930 1051 5297 931 1052 5298 933 1052 5299 932 1052 5300 933 433 5301 935 433 5302 934 433 5303 879 64 5304 877 64 5305 937 64 5306 877 64 5307 875 64 5308 937 64 5309 937 64 5310 935 64 5311 879 64 5312 935 64 5313 933 64 5314 879 64 5315 933 64 5316 931 64 5317 881 64 5318 879 64 5319 933 64 5320 881 64 5321 931 64 5322 929 64 5323 883 64 5324 929 64 5325 927 64 5326 885 64 5327 883 64 5328 929 64 5329 885 64 5330 927 64 5331 925 64 5332 889 64 5333 925 64 5334 923 64 5335 891 64 5336 923 64 5337 921 64 5338 893 64 5339 921 64 5340 919 64 5341 895 64 5342 919 64 5343 917 64 5344 895 64 5345 917 64 5346 915 64 5347 897 64 5348 895 64 5349 917 64 5350 897 64 5351 915 64 5352 913 64 5353 899 64 5354 913 64 5355 911 64 5356 901 64 5357 899 64 5358 913 64 5359 901 64 5360 911 64 5361 909 64 5362 903 64 5363 909 64 5364 907 64 5365 905 64 5366 903 64 5367 909 64 5368 905 64 5369 903 64 5370 901 64 5371 911 64 5372 899 64 5373 897 64 5374 915 64 5375 895 64 5376 893 64 5377 921 64 5378 893 64 5379 891 64 5380 923 64 5381 891 64 5382 889 64 5383 925 64 5384 889 64 5385 887 64 5386 927 64 5387 887 64 5388 885 64 5389 927 64 5390 935 1053 5391 937 1053 5392 936 1053 5393 937 1054 5394 875 1054 5395 874 1054 5396 936 33 5397 874 33 5398 876 33 5399 876 33 5400 878 33 5401 936 33 5402 878 33 5403 880 33 5404 934 33 5405 936 33 5406 878 33 5407 934 33 5408 880 33 5409 882 33 5410 930 33 5411 882 33 5412 884 33 5413 928 33 5414 884 33 5415 886 33 5416 928 33 5417 886 33 5418 888 33 5419 926 33 5420 928 33 5421 886 33 5422 926 33 5423 888 33 5424 890 33 5425 922 33 5426 890 33 5427 892 33 5428 920 33 5429 892 33 5430 894 33 5431 920 33 5432 894 33 5433 896 33 5434 918 33 5435 920 33 5436 894 33 5437 918 33 5438 896 33 5439 898 33 5440 914 33 5441 898 33 5442 900 33 5443 912 33 5444 900 33 5445 902 33 5446 912 33 5447 902 33 5448 904 33 5449 910 33 5450 912 33 5451 902 33 5452 910 33 5453 904 33 5454 906 33 5455 908 33 5456 908 33 5457 910 33 5458 904 33 5459 912 33 5460 914 33 5461 898 33 5462 914 33 5463 916 33 5464 896 33 5465 916 33 5466 918 33 5467 896 33 5468 920 33 5469 922 33 5470 890 33 5471 922 33 5472 924 33 5473 888 33 5474 924 33 5475 926 33 5476 888 33 5477 928 33 5478 930 33 5479 882 33 5480 930 33 5481 932 33 5482 880 33 5483</p>
        </triangles>
      </mesh>
    </geometry>
  </library_geometries>
  <library_visual_scenes>
    <visual_scene id="Scene" name="Scene">
      <node id="Cylinder_003" name="Cylinder.003" type="NODE">
        <matrix sid="transform">1.902855 0 0 17.34124 0 1.869467 0 -17.86223 0 0 2.857445 0.6926278 0 0 0 1</matrix>
        <instance_geometry url="#Cylinder_007-mesh" name="Cylinder.003">
          <bind_material>
            <technique_common>
              <instance_material symbol="Material_002-material" target="#Material_002-material">
                <bind_vertex_input semantic="UVMap" input_semantic="TEXCOORD" input_set="0"/>
              </instance_material>
              <instance_material symbol="Material_003-material" target="#Material_003-material">
                <bind_vertex_input semantic="UVMap" input_semantic="TEXCOORD" input_set="0"/>
              </instance_material>
              <instance_material symbol="Material_006-material" target="#Material_006-material">
                <bind_vertex_input semantic="UVMap" input_semantic="TEXCOORD" input_set="0"/>
              </instance_material>
              <instance_material symbol="Material_005-material" target="#Material_005-material">
                <bind_vertex_input semantic="UVMap" input_semantic="TEXCOORD" input_set="0"/>
              </instance_material>
              <instance_material symbol="Material_007-material" target="#Material_007-material">
                <bind_vertex_input semantic="UVMap" input_semantic="TEXCOORD" input_set="0"/>
              </instance_material>
              <instance_material symbol="Material_008-material" target="#Material_008-material">
                <bind_vertex_input semantic="UVMap" input_semantic="TEXCOORD" input_set="0"/>
              </instance_material>
              <instance_material symbol="Material-material" target="#Material-material">
                <bind_vertex_input semantic="UVMap" input_semantic="TEXCOORD" input_set="0"/>
              </instance_material>
              <instance_material symbol="Material_010-material" target="#Material_010-material">
                <bind_vertex_input semantic="UVMap" input_semantic="TEXCOORD" input_set="0"/>
              </instance_material>
              <instance_material symbol="Material_009-material" target="#Material_009-material">
                <bind_vertex_input semantic="UVMap" input_semantic="TEXCOORD" input_set="0"/>
              </instance_material>
            </technique_common>
          </bind_material>
        </instance_geometry>
      </node>
    </visual_scene>
  </library_visual_scenes>
  <scene>
    <instance_visual_scene url="#Scene"/>
  </scene>
</COLLADA>