<?xml version="1.0" encoding="utf-8"?>
<COLLADA xmlns="http://www.collada.org/2005/11/COLLADASchema" version="1.4.1" xmlns:xsi="http://www.w3.org/2001/XMLSchema-instance">
  <asset>
    <contributor>
      <author>Blender User</author>
      <authoring_tool>Blender 3.0.1</authoring_tool>
    </contributor>
    <created>2026-05-11T13:50:19</created>
    <modified>2026-05-11T13:50:19</modified>
    <unit name="meter" meter="1"/>
    <up_axis>Z_UP</up_axis>
  </asset>
  <library_effects>
    <effect id="Material-effect">
      <profile_COMMON>
        <technique sid="common">
          <lambert>
            <emission>
              <color sid="emission">0 0 0 1</color>
            </emission>
            <diffuse>
              <color sid="diffuse">0.8140402 0.8140402 0.8140402 1</color>
            </diffuse>
            <index_of_refraction>
              <float sid="ior">1.45</float>
            </index_of_refraction>
          </lambert>
        </technique>
      </profile_COMMON>
    </effect>
    <effect id="Material_010-effect">
      <profile_COMMON>
        <technique sid="common">
          <lambert>
            <emission>
              <color sid="emission">0 0 0 1</color>
            </emission>
            <diffuse>
              <color sid="diffuse">0 0 0 1</color>
            </diffuse>
            <index_of_refraction>
              <float sid="ior">1.45</float>
            </index_of_refraction>
          </lambert>
        </technique>
      </profile_COMMON>
    </effect>
    <effect id="Material_009-effect">
      <profile_COMMON>
        <technique sid="common">
          <lambert>
            <emission>
              <color sid="emission">0 0 0 1</color>
            </emission>
            <diffuse>
              <color sid="diffuse">0.008075775 0.008075775 0.008075775 1</color>
            </diffuse>
            <index_of_refraction>
              <float sid="ior">1.45</float>
            </index_of_refraction>
          </lambert>
        </technique>
      </profile_COMMON>
    </effect>
    <effect id="Material_002-effect">
      <profile_COMMON>
        <technique sid="common">
          <lambert>
            <emission>
              <color sid="emission">0 0 0 1</color>
            </emission>
            <diffuse>
              <color sid="diffuse">0.8018734 0.4947914 0.03495886 1</color>
            </diffuse>
            <index_of_refraction>
              <float sid="ior">1.45</float>
            </index_of_refraction>
          </lambert>
        </technique>
      </profile_COMMON>
    </effect>
    <effect id="Material_003-effect">
      <profile_COMMON>
        <technique sid="common">
          <lambert>
            <emission>
              <color sid="emission">0 0 0 1</color>
            </emission>
            <diffuse>
              <color sid="diffuse">0.05496878 0.05496878 0.05496878 1</color>
            </diffuse>
            <index_of_refraction>
              <float sid="ior">1.45</float>
            </index_of_refraction>
          </lambert>
        </technique>
      </profile_COMMON>
    </effect>
    <effect id="Material_006-effect">
      <profile_COMMON>
        <technique sid="common">
          <lambert>
            <emission>
              <color sid="emission">0 0 0 1</color>
            </emission>
            <diffuse>
              <color sid="diffuse">0.09850398 0.09850398 0.09850398 1</color>
            </diffuse>
            <index_of_refraction>
              <float sid="ior">1.45</float>
            </index_of_refraction>
          </lambert>
        </technique>
      </profile_COMMON>
    </effect>
    <effect id="Material_005-effect">
      <profile_COMMON>
        <technique sid="common">
          <lambert>
            <emission>
              <color sid="emission">0 0 0 1</color>
            </emission>
            <diffuse>
              <color sid="diffuse">0.1024736 0.1024736 0.1024736 1</color>
            </diffuse>
            <index_of_refraction>
              <float sid="ior">1.45</float>
            </index_of_refraction>
          </lambert>
        </technique>
      </profile_COMMON>
    </effect>
    <effect id="Material_007-effect">
      <profile_COMMON>
        <technique sid="common">
          <lambert>
            <emission>
              <color sid="emission">0 0 0 1</color>
            </emission>
            <diffuse>
              <color sid="diffuse">0.8017882 0.1001707 0.00136776 1</color>
            </diffuse>
            <index_of_refraction>
              <float sid="ior">1.45</float>
            </index_of_refraction>
          </lambert>
        </technique>
      </profile_COMMON>
    </effect>
    <effect id="Material_008-effect">
      <profile_COMMON>
        <technique sid="common">
          <lambert>
            <emission>
              <color sid="emission">0 0 0 1</color>
            </emission>
            <diffuse>
              <color sid="diffuse">0.8021047 0.3166691 0.1389412 1</color>
            </diffuse>
            <index_of_refraction>
              <float sid="ior">1.45</float>
            </index_of_refraction>
          </lambert>
        </technique>
      </profile_COMMON>
    </effect>
  </library_effects>
  <library_images/>
  <library_materials>
    <material id="Material-material" name="Material">
      <instance_effect url="#Material-effect"/>
    </material>
    <material id="Material_010-material" name="Material.010">
      <instance_effect url="#Material_010-effect"/>
    </material>
    <material id="Material_009-material" name="Material.009">
      <instance_effect url="#Material_009-effect"/>
    </material>
    <material id="Material_002-material" name="Material.002">
      <instance_effect url="#Material_002-effect"/>
    </material>
    <material id="Material_003-material" name="Material.003">
      <instance_effect url="#Material_003-effect"/>
    </material>
    <material id="Material_006-material" name="Material.006">
      <instance_effect url="#Material_006-effect"/>
    </material>
    <material id="Material_005-material" name="Material.005">
      <instance_effect url="#Material_005-effect"/>
    </material>
    <material id="Material_007-material" name="Material.007">
      <instance_effect url="#Material_007-effect"/>
    </material>
    <material id="Material_008-material" name="Material.008">
      <instance_effect url="#Material_008-effect"/>
    </material>
  </library_materials>
  <library_geometries>
    <geometry id="Cylinder_015-mesh" name="Cylinder.015">
      <mesh>
        <source id="Cylinder_015-mesh-positions">
          <float_array id="Cylinder_015-mesh-positions-array" count="2814">0 1 -1 0 1 1 0.1950903 0.9807853 -1 0.1950903 0.9807853 1 0.3826835 0.9238795 -1 0.3826835 0.9238795 1 0.5555703 0.8314696 -1 0.5555703 0.8314696 1 0.7071068 0.7071068 -1 0.7071068 0.7071068 1 0.8314696 0.5555703 -1 0.8314696 0.5555703 1 0.9238795 0.3826834 -1 0.9238795 0.3826834 1 0.9807853 0.1950903 -1 0.9807853 0.1950903 1 1 0 -1 1 0 1 0.9807853 -0.1950903 -1 0.9807853 -0.1950903 1 0.9238796 -0.3826834 -1 0.9238796 -0.3826834 1 0.8314697 -0.5555702 -1 0.8314697 -0.5555702 1 0.7071068 -0.7071068 -1 0.7071068 -0.7071068 1 0.5555702 -0.8314697 -1 0.5555702 -0.8314697 1 0.3826835 -0.9238795 -1 0.3826835 -0.9238795 1 0.1950903 -0.9807853 -1 0.1950903 -0.9807853 1 0 -1 -1 0 -1 1 -0.1950902 -0.9807853 -1 -0.1950902 -0.9807853 1 -0.3826834 -0.9238795 -1 -0.3826834 -0.9238795 1 -0.5555703 -0.8314695 -1 -0.5555703 -0.8314695 1 -0.7071067 -0.7071068 -1 -0.7071067 -0.7071068 1 -0.8314695 -0.5555704 -1 -0.8314695 -0.5555704 1 -0.9238795 -0.3826836 -1 -0.9238795 -0.3826836 1 -0.9807853 -0.1950904 -1 -0.9807853 -0.1950904 1 -1 0 -1 -1 0 1 -0.9807853 0.1950904 -1 -0.9807853 0.1950904 1 -0.9238795 0.3826836 -1 -0.9238795 0.3826836 1 -0.8314697 0.5555701 -1 -0.8314697 0.5555701 1 -0.7071069 0.7071067 -1 -0.7071069 0.7071067 1 -0.5555703 0.8314696 -1 -0.5555703 0.8314696 1 -0.3826834 0.9238796 -1 -0.3826834 0.9238796 1 -0.1950902 0.9807853 -1 -0.1950902 0.9807853 1 0 14.52404 -0.9999984 0 14.52404 0.9999984 0.5325966 14.4716 -0.9999984 0.5325966 14.4716 0.9999984 1.044726 14.31629 -0.9999984 1.044726 14.31629 0.9999984 1.516707 14.06408 -0.9999984 1.516707 14.06408 0.9999984 1.930401 13.72467 -0.9999984 1.930401 13.72467 0.9999984 2.269912 13.31108 -0.9999984 2.269912 13.31108 0.9999984 2.522191 12.83923 -0.9999984 2.522191 12.83923 0.9999984 2.677544 12.32725 -0.9999984 2.677544 12.32725 0.9999984 2.73 11.7948 -0.9999984 2.73 11.7948 0.9999984 2.677544 11.26235 -0.9999984 2.677544 11.26235 0.9999984 2.522191 10.75036 -0.9999984 2.522191 10.75036 0.9999984 2.269912 10.27851 -0.9999984 2.269912 10.27851 0.9999984 1.930401 9.864929 -0.9999984 1.930401 9.864929 0.9999984 1.516707 9.525511 -0.9999984 1.516707 9.525511 0.9999984 1.044726 9.273303 -0.9999984 1.044726 9.273303 0.9999984 0.5325965 9.117993 -0.9999984 0.5325965 9.117993 0.9999984 -2.38664e-7 9.06555 -0.9999984 -2.38664e-7 9.06555 0.9999984 -0.5325964 9.117993 -0.9999984 -0.5325964 9.117993 0.9999984 -1.044726 9.273303 -0.9999984 -1.044726 9.273303 0.9999984 -1.516707 9.525512 -0.9999984 -1.516707 9.525512 0.9999984 -1.930401 9.864929 -0.9999984 -1.930401 9.864929 0.9999984 -2.269912 10.27851 -0.9999984 -2.269912 10.27851 0.9999984 -2.522191 10.75036 -0.9999984 -2.522191 10.75036 0.9999984 -2.677544 11.26235 -0.9999984 -2.677544 11.26235 0.9999984 -2.73 11.7948 -0.9999984 -2.73 11.7948 0.9999984 -2.677544 12.32725 -0.9999984 -2.677544 12.32725 0.9999984 -2.522191 12.83924 -0.9999984 -2.522191 12.83924 0.9999984 -2.269912 13.31108 -0.9999984 -2.269912 13.31108 0.9999984 -1.930402 13.72467 -0.9999984 -1.930402 13.72467 0.9999984 -1.516707 14.06408 -0.9999984 -1.516707 14.06408 0.9999984 -1.044726 14.31629 -0.9999984 -1.044726 14.31629 0.9999984 -0.5325964 14.4716 -0.9999984 -0.5325964 14.4716 0.9999984 0 7 -1 0 7 1 0.3901807 6.961571 -1 0.3901807 6.961571 1 0.7653669 6.847759 -1 0.7653669 6.847759 1 1.11114 6.662939 -1 1.11114 6.662939 1 1.414214 6.414214 -1 1.414214 6.414214 1 1.662939 6.11114 -1 1.662939 6.11114 1 1.847759 5.765367 -1 1.847759 5.765367 1 1.96157 5.390181 -1 1.96157 5.390181 1 2 5 -1 2 5 1 1.96157 4.609819 -1 1.96157 4.609819 1 1.847759 4.234633 -1 1.847759 4.234633 1 1.662939 3.88886 -1 1.662939 3.88886 1 1.414214 3.585786 -1 1.414214 3.585786 1 1.11114 3.337061 -1 1.11114 3.337061 1 0.765367 3.152241 -1 0.765367 3.152241 1 0.3901806 3.038429 -1 0.3901806 3.038429 1 -1.74846e-7 3 -1 -1.74846e-7 3 1 -0.3901805 3.038429 -1 -0.3901805 3.038429 1 -0.7653669 3.152241 -1 -0.7653669 3.152241 1 -1.111141 3.337061 -1 -1.111141 3.337061 1 -1.414213 3.585786 -1 -1.414213 3.585786 1 -1.662939 3.888859 -1 -1.662939 3.888859 1 -1.847759 4.234633 -1 -1.847759 4.234633 1 -1.96157 4.609819 -1 -1.96157 4.609819 1 -2 5 -1 -2 5 1 -1.96157 5.390181 -1 -1.96157 5.390181 1 -1.847759 5.765367 -1 -1.847759 5.765367 1 -1.662939 6.11114 -1 -1.662939 6.11114 1 -1.414214 6.414213 -1 -1.414214 6.414213 1 -1.111141 6.662939 -1 -1.111141 6.662939 1 -0.7653669 6.847759 -1 -0.7653669 6.847759 1 -0.3901805 6.961571 -1 -0.3901805 6.961571 1 -35.23686 26.99276 29.53809 -35.23686 26.99276 24.6612 -35.61957 27.02868 29.53809 -35.61957 27.02868 24.6612 -35.98757 27.13507 29.53809 -35.98757 27.13507 24.6612 -36.32673 27.30782 29.53809 -36.32673 27.30782 24.6612 -36.624 27.54032 29.53809 -36.624 27.54032 24.6612 -36.86796 27.82361 29.53809 -36.86796 27.82361 24.6612 -37.04924 28.14682 29.53809 -37.04924 28.14682 24.6612 -37.16087 28.49751 29.53809 -37.16087 28.49751 24.6612 -37.19857 28.86223 29.53809 -37.16087 29.22694 29.53809 -37.04924 29.57764 29.53809 -37.04924 29.57764 24.6612 -36.86796 29.90085 29.53809 -36.86796 29.90085 24.6612 -36.624 30.18414 29.53809 -36.624 30.18414 24.6612 -36.32673 30.41663 29.53809 -36.32673 30.41663 24.6612 -35.98757 30.58939 29.53809 -35.98757 30.58939 24.6612 -35.61957 30.69577 29.53809 -35.61957 30.69577 24.6612 -35.23686 30.7317 29.53809 -35.23686 30.7317 24.6612 -34.85415 30.69577 29.53809 -34.85415 30.69577 24.6612 -34.48615 30.58939 29.53809 -34.48615 30.58939 24.6612 -34.14699 30.41663 29.53809 -34.14699 30.41663 24.6612 -33.84973 30.18414 29.53809 -33.84973 30.18414 24.6612 -33.60576 29.90085 29.53809 -33.60576 29.90085 24.6612 -33.42448 29.57764 29.53809 -33.42448 29.57764 24.6612 -33.31285 29.22694 29.53809 -33.27516 28.86223 29.53809 -33.31285 28.49751 29.53809 -33.31285 28.49751 24.6612 -33.42448 28.14682 29.53809 -33.42448 28.14682 24.6612 -33.60576 27.82361 29.53809 -33.60576 27.82361 24.6612 -33.84973 27.54032 29.53809 -33.84973 27.54032 24.6612 -34.14699 27.30782 29.53809 -34.14699 27.30782 24.6612 -34.48615 27.13507 29.53809 -34.48615 27.13507 24.6612 -34.85415 27.02868 29.53809 -34.85415 27.02868 24.6612 -35.6811 -8.42894 29.44071 -35.6811 -8.42894 24.7472 -36.06381 -8.393017 29.44071 -36.06381 -8.393017 24.7472 -36.43181 -8.286633 29.44071 -36.43181 -8.286633 24.7472 -36.77096 -8.113877 29.44071 -36.77096 -8.113877 24.7472 -37.06823 -7.881386 29.44071 -37.06823 -7.881386 24.7472 -37.31219 -7.598091 29.44071 -37.31219 -7.598091 24.7472 -37.49348 -7.274883 29.44071 -37.49348 -7.274883 24.7472 -37.60511 -6.924187 29.44071 -37.60511 -6.924187 24.7472 -37.6428 -6.559471 29.44071 -37.60511 -6.194756 29.44071 -37.49348 -5.844059 29.44071 -37.49348 -5.844059 24.7472 -37.31219 -5.520851 29.44071 -37.31219 -5.520851 24.7472 -37.06823 -5.237556 29.44071 -37.06823 -5.237556 24.7472 -36.77096 -5.005066 29.44071 -36.77096 -5.005066 24.7472 -36.43181 -4.83231 29.44071 -36.43181 -4.83231 24.7472 -36.06381 -4.725925 29.44071 -36.06381 -4.725925 24.7472 -35.6811 -4.690002 29.44071 -35.6811 -4.690002 24.7472 -35.29839 -4.725925 29.44071 -35.29839 -4.725925 24.7472 -34.93038 -4.83231 29.44071 -34.93038 -4.83231 24.7472 -34.59123 -5.005066 29.44071 -34.59123 -5.005066 24.7472 -34.29396 -5.237556 29.44071 -34.29396 -5.237556 24.7472 -34.05 -5.520851 29.44071 -34.05 -5.520851 24.7472 -33.86872 -5.844059 29.44071 -33.86872 -5.844059 24.7472 -33.75708 -6.194756 29.44071 -33.71939 -6.559471 29.44071 -33.75708 -6.924187 29.44071 -33.75708 -6.924187 24.7472 -33.86872 -7.274883 29.44071 -33.86872 -7.274883 24.7472 -34.05 -7.598091 29.44071 -34.05 -7.598091 24.7472 -34.29396 -7.881386 29.44071 -34.29396 -7.881386 24.7472 -34.59123 -8.113877 29.44071 -34.59123 -8.113877 24.7472 -34.93038 -8.286633 29.44071 -34.93038 -8.286633 24.7472 -35.29839 -8.393017 29.44071 -35.29839 -8.393017 24.7472 0.7550964 -8.59245 29.21441 0.7550964 -8.59245 24.52089 0.3723869 -8.556527 29.21441 0.3723869 -8.556527 24.52089 0.004386901 -8.450142 29.21441 0.004386901 -8.450142 24.52089 -0.3347702 -8.27739 29.21441 -0.3347702 -8.27739 24.52089 -0.6320381 -8.044896 29.21441 -0.6320381 -8.044896 24.52089 -0.8760033 -7.7616 29.21441 -0.8760033 -7.7616 24.52089 -1.057281 -7.438393 29.21441 -1.057281 -7.438393 24.52089 -1.168915 -7.087696 29.21441 -1.206608 -6.72298 29.21441 -1.168915 -6.358265 29.21441 -1.168915 -6.358265 24.52089 -1.057281 -6.007568 29.21441 -1.057281 -6.007568 24.52089 -0.8760033 -5.68436 29.21441 -0.8760033 -5.68436 24.52089 -0.6320381 -5.401066 29.21441 -0.6320381 -5.401066 24.52089 -0.3347702 -5.168575 29.21441 -0.3347702 -5.168575 24.52089 0.004386901 -4.995819 29.21441 0.004386901 -4.995819 24.52089 0.3723869 -4.889435 29.21441 0.3723869 -4.889435 24.52089 0.7550964 -4.853516 29.21441 0.7550964 -4.853516 24.52089 1.137806 -4.889435 29.21441 1.137806 -4.889435 24.52089 1.50581 -4.995819 29.21441 1.50581 -4.995819 24.52089 1.844963 -5.168575 29.21441 1.844963 -5.168575 24.52089 2.142235 -5.401066 29.21441 2.142235 -5.401066 24.52089 2.386196 -5.68436 29.21441 2.386196 -5.68436 24.52089 2.567478 -6.007568 29.21441 2.567478 -6.007568 24.52089 2.679111 -6.358265 29.21441 2.679111 -6.358265 24.52089 2.716804 -6.72298 29.21441 2.679111 -7.087696 29.21441 2.567478 -7.438393 29.21441 2.567478 -7.438393 24.52089 2.3862 -7.7616 29.21441 2.3862 -7.7616 24.52089 2.142235 -8.044896 29.21441 2.142235 -8.044896 24.52089 1.844963 -8.27739 29.21441 1.844963 -8.27739 24.52089 1.50581 -8.450142 29.21441 1.50581 -8.450142 24.52089 1.137806 -8.556527 29.21441 1.137806 -8.556527 24.52089 0.9690666 26.77372 29.42857 0.9690666 26.77372 24.73505 0.5863571 26.80964 29.42857 0.5863571 26.80964 24.73505 0.218357 26.91602 29.42857 0.218357 26.91602 24.73505 -0.1208 27.08878 29.42857 -0.1208 27.08878 24.73505 -0.4180679 27.32127 29.42857 -0.4180679 27.32127 24.73505 -0.6620331 27.60457 29.42857 -0.6620331 27.60457 24.73505 -0.8433113 27.92777 29.42857 -0.8433113 27.92777 24.73505 -0.9549446 28.27847 29.42857 -0.9926376 28.64319 29.42857 -0.9549446 29.0079 29.42857 -0.9549446 29.0079 24.73505 -0.8433113 29.3586 29.42857 -0.8433113 29.3586 24.73505 -0.6620331 29.68181 29.42857 -0.6620331 29.68181 24.73505 -0.4180679 29.9651 29.42857 -0.4180679 29.9651 24.73505 -0.1208 30.19759 29.42857 -0.1208 30.19759 24.73505 0.218357 30.37035 29.42857 0.218357 30.37035 24.73505 0.5863571 30.47673 29.42857 0.5863571 30.47673 24.73505 0.9690666 30.51265 29.42857 0.9690666 30.51265 24.73505 1.351776 30.47673 29.42857 1.351776 30.47673 24.73505 1.71978 30.37035 29.42857 1.71978 30.37035 24.73505 2.058933 30.19759 29.42857 2.058933 30.19759 24.73505 2.356205 29.9651 29.42857 2.356205 29.9651 24.73505 2.600166 29.68181 29.42857 2.600166 29.68181 24.73505 2.781448 29.3586 29.42857 2.781448 29.3586 24.73505 2.893082 29.0079 29.42857 2.893082 29.0079 24.73505 2.930775 28.64319 29.42857 2.893082 28.27847 29.42857 2.781448 27.92777 29.42857 2.781448 27.92777 24.73505 2.60017 27.60457 29.42857 2.60017 27.60457 24.73505 2.356205 27.32127 29.42857 2.356205 27.32127 24.73505 2.058933 27.08878 29.42857 2.058933 27.08878 24.73505 1.71978 26.91602 29.42857 1.71978 26.91602 24.73505 1.351776 26.80964 29.42857 1.351776 26.80964 24.73505 -37.12342 29.34461 24.6612 -37.12342 29.34461 25.03061 -33.3503 29.34461 25.03061 -37.17279 28.61284 24.6612 -33.30093 28.61284 24.6612 -37.17279 28.61284 25.03061 -33.30093 28.61284 25.03061 -37.16087 29.22694 25.03061 -37.19857 28.86223 25.03061 -33.27516 28.86223 25.03061 -33.31285 29.22694 25.03061 -33.3503 29.34461 24.6612 -37.55635 -6.041576 24.7472 -37.55635 -6.041576 25.03787 -33.80584 -6.041576 25.03787 -37.6207 -6.773342 24.7472 -33.7415 -6.773342 24.7472 -37.6207 -6.773342 25.03787 -33.7415 -6.773342 25.03787 -37.6428 -6.559471 25.03787 -37.60511 -6.194756 25.03787 -33.75708 -6.194756 25.03787 -33.71939 -6.559471 25.03787 -33.80584 -6.041576 24.7472 -1.172325 -6.391251 24.52089 -1.172325 -6.391254 24.97603 2.682522 -6.391251 24.97603 -1.157677 -7.123016 24.52089 -1.157673 -7.123016 24.97603 2.66787 -7.123016 24.52089 2.667866 -7.123016 24.97603 -1.206608 -6.72298 24.97603 -1.168915 -7.087696 24.97603 2.716804 -6.72298 24.97603 2.679111 -7.087696 24.97603 2.682518 -6.391251 24.52089 -0.9757576 28.80652 25.06059 -0.9757538 28.80652 24.73505 2.913891 28.80652 25.06059 -0.8900986 28.07475 24.73505 -0.8900948 28.07475 25.06059 2.828232 28.07475 25.06059 2.828236 28.07475 24.73505 -0.9926376 28.64319 25.06059 -0.9549446 28.27847 25.06059 2.930775 28.64319 25.06059 2.893082 28.27847 25.06059 2.913891 28.80652 24.73505 -45.68284 -19 26.09491 -48.28713 -16.47384 26.09491 -46.13507 -18.96162 26.09491 -46.57356 -18.84766 26.09491 -46.98498 -18.66156 26.09491 -47.35685 -18.40899 26.09491 -47.67784 -18.09763 26.09491 -47.93822 -17.73692 26.09491 -48.13007 -17.33784 26.09491 -48.24757 -16.9125 26.09491 -48.28713 -16.47384 25.24155 -45.68284 -19 25.24155 -48.24757 -16.9125 25.24155 -48.13007 -17.33784 25.24155 -47.93822 -17.73692 25.24155 -47.67784 -18.09763 25.24155 -47.35685 -18.40899 25.24155 -46.98498 -18.66156 25.24155 -46.57356 -18.84766 25.24155 -46.13507 -18.96162 25.24155 13.56853 -16.02929 26.09491 10.50595 -19 26.09491 13.52201 -16.54515 26.09491 13.38384 -17.04533 26.09491 13.15823 -17.51465 26.09491 12.85203 -17.93883 26.09491 12.47454 -18.30499 26.09491 12.03724 -18.60201 26.09491 11.55342 -18.82085 26.09491 11.03776 -18.95487 26.09491 10.50595 -19 25.24155 13.56853 -16.02929 25.24155 11.03776 -18.95487 25.24155 11.55342 -18.82085 25.24155 12.03724 -18.60201 25.24155 12.47454 -18.30499 25.24155 12.85203 -17.93883 25.24155 13.15823 -17.51465 25.24155 13.38384 -17.04533 25.24155 13.52201 -16.54515 25.24155 11.04387 41 26.09491 13.56853 38.55107 26.09491 11.48227 40.96279 26.09491 11.90735 40.85231 26.09491 12.3062 40.6719 26.09491 12.66669 40.42706 26.09491 12.97787 40.12521 26.09491 13.23029 39.77553 26.09491 13.41628 39.38865 26.09491 13.53018 38.97632 26.09491 13.56853 38.55107 25.24155 11.04387 41 25.24155 13.53018 38.97632 25.24155 13.41628 39.38865 25.24155 13.23029 39.77553 25.24155 12.97787 40.12521 25.24155 12.66669 40.42706 25.24155 12.3062 40.6719 25.24155 11.90735 40.85231 25.24155 11.48227 40.96279 25.24155 -48.28713 38.61698 26.09491 -45.83041 41 26.09491 -48.2498 39.03078 26.09491 -48.13897 39.43201 26.09491 -47.95799 39.80849 26.09491 -47.71236 40.14875 26.09491 -47.40956 40.44247 26.09491 -47.05877 40.68073 26.09491 -46.67065 40.85628 26.09491 -46.25701 40.96379 26.09491 -45.83041 41 25.24155 -48.28713 38.61698 25.24155 -46.25701 40.96379 25.24155 -46.67065 40.85628 25.24155 -47.05877 40.68073 25.24155 -47.40956 40.44247 25.24155 -47.71236 40.14875 25.24155 -47.95799 39.80849 25.24155 -48.13897 39.43201 25.24155 -48.2498 39.03078 25.24155 -11.51806 24.77286 25.81698 -11.51806 -2.772864 25.81698 -23.20054 24.77286 25.81698 -23.20054 -2.772864 25.81698 -23.20054 17.38232 25.35824 -23.20054 17.21924 25.81698 -11.51806 17.38232 25.36299 -11.51806 17.22093 25.81698 -23.20054 4.780753 25.81698 -23.20054 4.617684 25.35824 -11.51806 4.617683 25.36298 -11.51806 4.779066 25.81698 -23.20054 17.50735 24.27487 -11.51806 17.50735 24.27962 -23.20054 4.492647 24.27487 -11.51806 4.492647 24.27962 -23.20054 17.38232 23.1915 -11.51806 17.38232 23.19625 -23.20054 17.01201 22.14977 -11.51806 17.01201 22.15452 -23.20054 4.617683 23.1915 -11.51806 4.617684 23.19625 -23.20054 16.41066 21.1897 -11.51806 16.41067 21.19445 -23.20054 4.98799 22.14977 -11.51806 4.98799 22.15452 -23.20054 5.589334 21.1897 -11.51806 5.589334 21.19445 -23.20054 15.60139 20.3482 -11.51806 15.60139 20.35295 -23.20054 14.61529 19.65759 -11.51806 14.61529 19.66234 -23.20054 6.398606 20.3482 -11.51806 6.398606 20.35295 -23.20054 7.384708 19.65759 -11.51806 7.384708 19.66234 -23.20054 13.49025 19.14442 -11.51806 13.49025 19.14917 -23.20054 8.509744 19.14442 -11.51806 8.509744 19.14917 -23.20054 12.26952 18.82842 -11.51806 12.26952 18.83316 -23.20054 9.730478 18.82842 -11.51806 9.730478 18.83316 -23.20054 11 18.72171 -11.51806 11 18.72646 -23.20054 3.179362 22.77103 -11.51806 3.179362 22.77103 -23.20053 18.84472 22.77131 -11.51806 18.84472 22.77131 -11.51806 6.594672 3.485548 -23.20054 6.594672 18.50231 -11.51806 6.594672 18.50231 -23.20054 6.594672 3.485548 -23.20054 15.65486 18.5024 -11.51806 15.65486 18.5024 -11.51806 15.65486 3.485548 -23.20054 15.65486 3.485548 -23.20054 -2.772864 25.26112 -23.20054 0.2986555 22.77103 -23.20054 -2.726201 24.82872 -23.20054 -2.587628 24.40946 -23.20054 -2.361359 24.01607 -23.20054 -2.054265 23.66052 -23.20054 -1.675679 23.3536 -23.20054 -1.237104 23.10463 -23.20054 -0.7518664 22.9212 -23.20054 -0.2347087 22.80885 -11.51806 0.2986555 22.77103 -11.51806 -2.772864 25.26112 -11.51806 -0.2347087 22.80885 -11.51806 -0.7518664 22.9212 -11.51806 -1.237104 23.10463 -11.51806 -1.675679 23.3536 -11.51806 -2.054265 23.66052 -11.51806 -2.361359 24.01607 -11.51806 -2.587628 24.40946 -11.51806 -2.726201 24.82872 -23.20053 20.82813 22.77131 -23.20054 24.77286 25.81698 -23.20053 21.51312 22.81758 -23.20053 22.1773 22.95499 -23.20054 22.80049 23.17935 -23.20054 23.36375 23.48386 -23.20054 23.84997 23.85926 -23.20054 24.24437 24.29415 -23.20054 24.53497 24.7753 -23.20054 24.71293 25.28811 -11.51806 24.77286 25.81698 -11.51806 20.82813 22.77131 -11.51806 24.71293 25.28811 -11.51806 24.53497 24.7753 -11.51806 24.24437 24.29415 -11.51806 23.84997 23.85926 -11.51806 23.36375 23.48386 -11.51806 22.80049 23.17935 -11.51806 22.1773 22.95499 -11.51806 21.51312 22.81758 -11.51806 18.84472 19.68902 -11.51806 17.38103 18.5024 -11.51806 18.82248 19.48296 -11.51806 18.75645 19.28317 -11.51806 18.64862 19.09571 -11.51806 18.50228 18.92627 -11.51806 18.32187 18.78001 -11.51806 18.11287 18.66137 -11.51806 17.88164 18.57396 -11.51806 17.63519 18.52042 -23.20054 17.38103 18.5024 -23.20053 18.84472 19.68902 -23.20053 17.6352 18.52042 -23.20053 17.88164 18.57396 -23.20053 18.11287 18.66137 -23.20053 18.32187 18.78001 -23.20053 18.50228 18.92627 -23.20053 18.64862 19.09571 -23.20053 18.75645 19.28317 -23.20053 18.82248 19.48296 -23.20054 3.179362 19.58247 -23.20054 4.511734 18.50231 -23.20054 3.199604 19.3949 -23.20054 3.259713 19.21303 -23.20054 3.357866 19.04239 -23.20054 3.491077 18.88815 -23.20054 3.655302 18.75502 -23.20054 3.845548 18.64702 -23.20054 4.056036 18.56745 -23.20054 4.28037 18.51872 -11.51806 4.511734 18.50231 -11.51806 3.179362 19.58247 -11.51806 4.28037 18.51872 -11.51806 4.056036 18.56745 -11.51806 3.845548 18.64702 -11.51806 3.655302 18.75502 -11.51806 3.491077 18.88815 -11.51806 3.357866 19.04239 -11.51806 3.259713 19.21303 -11.51806 3.199604 19.3949 -57.15308 27.60001 2.967665 -57.15308 -5.600015 2.967665 -11.53425 28.5 3.53943 -11.53425 28.5 0.6400092 -11.53425 -6.500001 3.53943 -11.53425 -6.500001 0.6400092 -57.15308 -5.600015 0.6400093 -57.15308 27.60001 0.6400093 -11.53425 27.60001 2.967665 -11.53425 -5.600015 2.967665 -11.53425 -5.600015 0.6400092 -11.53425 27.60001 0.6400092 -57.92599 26.14973 3.53943 -54.81076 28.5 3.53943 -57.87867 26.55785 3.53943 -57.73812 26.95357 3.53943 -57.50864 27.32486 3.53943 -57.19717 27.66045 3.53943 -56.81319 27.95014 3.53943 -56.36838 28.18512 3.53943 -55.87623 28.35826 3.53943 -55.35171 28.46429 3.53943 -54.81076 28.5 0.6400092 -57.92599 26.14973 0.6400092 -55.35171 28.46429 0.6400092 -55.87623 28.35826 0.6400092 -56.36838 28.18512 0.6400092 -56.81319 27.95014 0.6400092 -57.19717 27.66045 0.6400092 -57.50864 27.32486 0.6400092 -57.73812 26.95357 0.6400092 -57.87867 26.55785 0.6400092 -55.11677 -6.500001 3.53943 -57.92599 -4.3806 3.53943 -55.60459 -6.467803 3.53943 -56.07758 -6.372186 3.53943 -56.52138 -6.216056 3.53943 -56.92251 -6.004155 3.53943 -57.26876 -5.742925 3.53943 -57.54963 -5.440301 3.53943 -57.75658 -5.105477 3.53943 -57.88331 -4.74863 3.53943 -57.92599 -4.3806 0.6400092 -55.11677 -6.500001 0.6400092 -57.88331 -4.74863 0.6400092 -57.75658 -5.105477 0.6400092 -57.54963 -5.440301 0.6400092 -57.26876 -5.742925 0.6400092 -56.92251 -6.004155 0.6400092 -56.52138 -6.216056 0.6400092 -56.07758 -6.372186 0.6400092 -55.60459 -6.467803 0.6400092 -40.29205 2.245645 2.967665 -40.29205 2.245645 3.539431 -57.92599 2.245641 0.6400092 -57.15308 2.245643 0.6400093 -57.92599 2.245641 3.53943 -57.15308 2.245645 2.967665 -40.29205 19.75435 2.967665 -40.29205 19.75435 3.539431 -57.92599 19.75435 0.6400092 -57.15308 19.75436 0.6400093 -57.92599 19.75435 3.53943 -57.15308 19.75436 2.967665 -19.66732 28.5 2.854941 -19.66732 28.5 0.6400092 -19.66731 27.60001 0.6400092 -19.66732 27.60001 2.854941 -31.27675 28.5 0.6400092 -31.27675 28.5 2.854941 -31.27674 27.60001 0.6400092 -31.27675 27.60001 2.854941 -31.27669 -5.600015 0.6400092 -31.27669 -5.600015 2.855123 -31.27669 -6.500001 0.6400092 -31.27669 -6.500003 2.855123 -19.66726 -5.600015 0.6400092 -19.66726 -5.600015 2.855123 -19.66726 -6.500001 0.6400092 -19.66726 -6.500003 2.855123 -56.92135 25.42595 2.415361 -52.63654 27.6 2.415361 -56.85626 25.80347 2.415361 -56.66295 26.16952 2.415361 -56.3473 26.51297 2.415361 -55.9189 26.8234 2.415361 -55.39077 27.09137 2.415361 -54.77895 27.30873 2.415361 -54.10204 27.46889 2.415361 -53.38059 27.56697 2.415361 -52.63654 27.6 0.6205654 -56.92135 25.42595 0.6205654 -53.38059 27.56697 0.6205654 -54.10204 27.46889 0.6205654 -54.77895 27.30873 0.6205654 -55.39077 27.09137 0.6205654 -55.9189 26.8234 0.6205654 -56.3473 26.51297 0.6205654 -56.66295 26.16952 0.6205654 -56.85626 25.80347 0.6205654 -51.31492 -5.600001 2.415361 -56.92135 -2.755377 2.415361 -52.28847 -5.556787 2.415361 -53.23244 -5.428451 2.415361 -54.11814 -5.218894 2.415361 -54.91867 -4.934486 2.415361 -55.60969 -4.583867 2.415361 -56.17023 -4.17769 2.415361 -56.58324 -3.728297 2.415361 -56.83618 -3.249341 2.415361 -56.92135 -2.755377 0.6205654 -51.31492 -5.600001 0.6205654 -56.83618 -3.249341 0.6205654 -56.58324 -3.728297 0.6205654 -56.17023 -4.17769 0.6205654 -55.60969 -4.583867 0.6205654 -54.91867 -4.934486 0.6205654 -54.11814 -5.218894 0.6205654 -53.23244 -5.428451 0.6205654 -52.28847 -5.556787 0.6205654 8.512051 -2.992553 2.415361 3.373068 -5.600001 2.415361 8.433979 -3.445332 2.415361 8.202134 -3.884354 2.415361 7.823559 -4.296277 2.415361 7.309757 -4.66859 2.415361 6.676346 -4.989975 2.415361 5.94256 -5.25067 2.415361 5.130707 -5.442754 2.415361 4.265444 -5.560389 2.415361 3.373068 -5.600001 0.6205654 8.512051 -2.992553 0.6205654 4.265444 -5.560389 0.6205654 5.130707 -5.442754 0.6205654 5.94256 -5.25067 0.6205654 6.676346 -4.989975 0.6205654 7.309757 -4.66859 0.6205654 7.823559 -4.296277 0.6205654 8.202134 -3.884354 0.6205654 8.433979 -3.445332 0.6205654 2.351303 27.6 2.415361 8.512051 24.47412 2.415361 3.421106 27.55251 2.415361 4.458405 27.41149 2.415361 5.431677 27.18121 2.415361 6.311357 26.86868 2.415361 7.070711 26.4834 2.415361 7.686668 26.03706 2.415361 8.140515 25.54324 2.415361 8.418457 25.01693 2.415361 8.512051 24.47412 0.6205654 2.351303 27.6 0.6205654 8.418457 25.01693 0.6205654 8.140515 25.54324 0.6205654 7.686668 26.03706 0.6205654 7.070711 26.4834 0.6205654 6.311357 26.86868 0.6205654 5.431677 27.18121 0.6205654 4.458405 27.41149 0.6205654 3.421106 27.55251 0.6205654 -4.074983 -3.602771 1.096562 -5.819176 -1.489142 1.096562 -4.37786 -3.570661 1.096562 -4.671533 -3.475304 1.096562 -4.94708 -3.319599 1.096562 -5.196129 -3.108276 1.096562 -5.411113 -2.847756 1.096562 -5.585499 -2.545957 1.096562 -5.713988 -2.212047 1.096562 -5.792678 -1.85617 1.096562 -5.819176 -1.489142 -0.2810562 -4.074983 -3.602771 -0.2810562 -5.792678 -1.85617 -0.2810562 -5.713988 -2.212047 -0.2810562 -5.585499 -2.545957 -0.2810562 -5.411113 -2.847756 -0.2810562 -5.196129 -3.108276 -0.2810562 -4.94708 -3.319599 -0.2810562 -4.671533 -3.475304 -0.2810562 -4.37786 -3.570661 -0.2810562 3.318175 15.82849 1.096562 5.971378 12.61332 1.096562 3.778898 15.77965 1.096562 4.225624 15.63459 1.096562 4.644776 15.39774 1.096562 5.023621 15.07628 1.096562 5.350646 14.67999 1.096562 5.615916 14.2209 1.096562 5.81137 13.71297 1.096562 5.93107 13.17163 1.096562 5.971378 12.61332 -0.2810562 3.318175 15.82849 -0.2810562 5.93107 13.17163 -0.2810562 5.811371 13.71297 -0.2810562 5.615917 14.2209 -0.2810562 5.350647 14.67999 -0.2810562 5.023622 15.07628 -0.2810562 4.644777 15.39774 -0.2810562 4.225625 15.63459 -0.2810562 3.778899 15.77965 -0.2810562 -5.819176 12.41714 1.096562 -3.004084 15.82849 1.096562 -5.776408 13.00951 1.096562 -5.649405 13.58389 1.096562 -5.442025 14.12281 1.096562 -5.16057 14.60991 1.096562 -4.81359 15.03039 1.096562 -4.41163 15.37146 1.096562 -3.966902 15.62276 1.096562 -3.492919 15.77667 1.096562 -3.004083 15.82849 -0.2810562 -5.819176 12.41714 -0.2810562 -3.492919 15.77667 -0.2810562 -3.966902 15.62276 -0.2810562 -4.41163 15.37146 -0.2810562 -4.81359 15.03039 -0.2810562 -5.16057 14.60991 -0.2810562 -5.442025 14.12281 -0.2810562 -5.649405 13.58389 -0.2810562 -5.776409 13.00951 -0.2810562 5.971378 -1.0778 1.096562 3.887741 -3.602771 1.096562 5.939723 -1.516256 1.096562 5.84572 -1.941391 1.096562 5.692224 -2.340285 1.096562 5.4839 -2.70082 1.096562 5.227077 -3.01204 1.096562 4.92956 -3.264489 1.096562 4.600387 -3.450497 1.096562 4.249561 -3.564411 1.096562 3.887741 -3.602771 -0.2810562 5.971378 -1.0778 -0.2810562 4.249561 -3.564411 -0.2810562 4.600387 -3.450497 -0.2810562 4.92956 -3.264489 -0.2810562 5.227077 -3.01204 -0.2810562 5.4839 -2.70082 -0.2810562 5.692224 -2.340285 -0.2810562 5.84572 -1.941391 -0.2810562 5.939723 -1.516256 -0.2810562</float_array>
          <technique_common>
            <accessor source="#Cylinder_015-mesh-positions-array" count="938" stride="3">
              <param name="X" type="float"/>
              <param name="Y" type="float"/>
              <param name="Z" type="float"/>
            </accessor>
          </technique_common>
        </source>
        <source id="Cylinder_015-mesh-normals">
          <float_array id="Cylinder_015-mesh-normals-array" count="3192">0.09801727 0.9951847 0 0.2902846 0.9569405 0 0.4713967 0.8819213 0 0.6343935 0.7730103 0 0.7730105 0.6343934 0 0.8819212 0.4713969 0 0.9569404 0.2902848 0 0.9951847 0.09801721 0 0.9951847 -0.09801727 0 0.9569404 -0.2902848 0 0.8819212 -0.471397 0 0.7730103 -0.6343936 0 0.6343934 -0.7730104 0 0.4713966 -0.8819214 0 0.2902849 -0.9569404 0 0.09801691 -0.9951848 0 -0.09801703 -0.9951847 0 -0.2902848 -0.9569403 0 -0.4713968 -0.8819214 0 -0.6343934 -0.7730104 0 -0.7730105 -0.6343933 0 -0.8819212 -0.4713969 0 -0.9569404 -0.2902846 0 -0.9951847 -0.09801721 0 -0.9951847 0.09801721 0 -0.9569404 0.2902846 0 -0.8819214 0.4713968 0 -0.7730106 0.6343932 0 -0.6343936 0.7730103 0 -0.4713969 0.8819212 0 0 0 1 -0.2902846 0.9569405 0 -0.09801703 0.9951848 0 0 0 -1 0.09799188 0.9951873 0 0.290211 0.9569628 0 0.4712944 0.8819761 0 0.6342896 0.7730956 0 0.7729246 0.6344979 0 0.8818673 0.4714977 0 0.9569183 0.2903576 0 0.995182 0.09804439 0 0.995182 -0.09804439 0 0.956918 -0.2903584 0 0.8818673 -0.4714977 0 0.7729244 -0.6344982 0 0.6342893 -0.7730959 0 0.4712945 -0.8819759 0 0.290211 -0.9569628 0 0.09799182 -0.9951872 0 -0.09799194 -0.9951873 0 -0.290211 -0.9569628 0 -0.4712955 -0.8819754 0 -0.6342887 -0.7730963 0 -0.7729241 -0.6344985 0 -0.881867 -0.4714984 0 -0.9569184 -0.2903571 0 -0.995182 -0.09804439 0 -0.995182 0.09804439 0 -0.9569182 0.290358 0 -0.8818669 0.4714984 0 -0.7729249 0.6344977 0 -0.6342893 0.7730959 0 -0.4712944 0.8819761 0 -0.290211 0.9569628 0 -0.09799194 0.9951873 0 -3.85736e-7 0 -1 0.09801667 0.9951848 0 0.4713975 0.881921 0 0.6343931 0.7730106 0 0.7730109 0.6343929 0 0.8819209 0.4713973 0 0.9569405 0.2902845 0 0.9951848 0.09801727 0 0.9951848 -0.09801727 0 0.9569404 -0.2902849 0 0.8819212 -0.4713969 0 0.7730106 -0.6343933 0 0.6343932 -0.7730106 0 0.2902852 -0.9569402 0 0.09801661 -0.9951848 0 -0.09801673 -0.9951848 0 -0.2902851 -0.9569402 0 -0.7730106 -0.6343931 0 -0.9569405 -0.2902845 0 -0.9951848 -0.09801727 0 -0.9951848 0.09801727 0 -0.9569405 0.2902845 0 -0.8819215 0.4713964 0 -0.7730103 0.6343935 0 -0.4713973 0.8819211 0 -0.09801673 0.9951848 0 0.09344977 0.9956241 0 0.2777101 0.960665 0 0.4538892 0.8910582 0 0.6160603 0.787699 0 0.7577455 0.6525503 0 0.8721759 0.4891923 0 0.9528919 0.3033102 0 0.9947016 0.102804 0 0.9947006 -0.1028142 0 0.9528841 -0.3033345 0 0.8721759 -0.4891923 0 0.7577455 -0.6525503 0 0.6160603 -0.787699 0 0.4538759 -0.8910649 0 0.2777144 -0.9606637 0 0.09344977 -0.9956241 0 -0.09344977 -0.9956241 0 -0.2777144 -0.9606637 0 -0.4538826 -0.8910616 0 -0.6160523 -0.7877054 0 -0.7577372 -0.65256 0 -0.8721759 -0.4891923 0 -0.9528872 -0.3033253 0 -0.9947044 -0.1027777 0 -0.9947056 0.1027657 0 -0.952887 0.3033256 0 -0.8721904 0.4891667 0 -0.7577455 0.6525503 0 -0.6160684 0.7876927 0 -0.4538826 0.8910616 0 2.57374e-5 0 1 -0.2777144 0.9606637 0 -0.09344822 0.9956243 0 0.09345513 0.9956236 0 0.277713 0.9606642 0 0.4538826 0.8910615 0 0.6160466 0.7877098 0 0.757739 0.6525578 0 0.8721821 0.4891813 0 0.9528875 0.3033241 0 0.9947016 0.1028046 0 0.9947001 -0.1028192 0 0.9528861 -0.3033285 0 0.8721747 -0.4891946 0 0.7577562 -0.6525378 0 0.6160549 -0.7877033 0 0.4538896 -0.891058 0 0.2777175 -0.9606629 0 0.09345352 -0.9956237 0 -0.09345513 -0.9956236 0 -0.277713 -0.9606642 0 -0.4538896 -0.891058 0 -0.6160549 -0.7877033 0 -0.7577476 -0.6525478 0 -0.8721747 -0.4891946 0 -0.9528842 -0.3033342 0 -0.9947021 -0.1028005 0 -0.9947003 0.1028165 0 -0.9528875 0.3033241 0 -0.8721821 0.4891813 0 -0.7577476 0.6525478 0 -0.6160466 0.7877098 0 -0.4538757 0.891065 0 -2.4783e-5 0 1 -0.277713 0.9606642 0 -0.09345352 0.9956237 0 0.09345412 0.9956237 0 0.2777159 0.9606633 0 0.453872 0.8910669 0 0.6160616 0.787698 0 0.7577463 0.6525493 0 0.8721817 0.4891821 0 0.9528974 0.3032928 0 0.9947019 0.1028017 0 0.9946992 -0.1028284 0 0.9528881 -0.3033221 0 0.8721815 -0.4891826 0 0.7577462 -0.6525495 0 0.6160553 -0.7877029 0 0.45388 -0.8910629 0 0.2777159 -0.9606633 0 0.09344428 -0.9956246 0 -0.09344434 -0.9956246 0 -0.2777132 -0.960664 0 -0.4538843 -0.8910608 0 -0.6160507 -0.7877065 0 -0.7577511 -0.6525437 0 -0.872177 -0.4891905 0 -0.9528881 -0.3033221 0 -0.9947019 -0.1028017 -3.06838e-7 -0.9947021 0.1028005 0 -0.9528905 0.3033148 0 -0.8721817 0.4891821 0 -0.7577463 0.6525493 0 -0.6160566 0.787702 0 -0.4538757 0.8910651 0 -0.2777132 0.960664 0 -0.09345412 0.9956237 0 0.09344923 0.9956241 0 0.2777115 0.9606646 0 0.4538843 0.8910607 0 0.6160586 0.7877004 0 0.7577441 0.652552 0 0.8721802 0.4891847 0 0.9528871 0.3033252 0 0.9947019 0.1028013 0 0.9947019 -0.1028022 0 0.9528892 -0.3033189 0 0.8721804 -0.4891844 0 0.7577443 -0.6525518 0 0.6160587 -0.7877003 0 0.45388 -0.8910629 0 0.2777159 -0.9606633 0 0.09344923 -0.9956241 0 -0.09344923 -0.9956241 0 -0.4538882 -0.8910586 0 -0.7577491 -0.6525462 0 -0.8721758 -0.4891929 0 -0.9528892 -0.3033189 0 -0.9946992 -0.1028274 0 -0.9947019 0.1028013 0 -0.9528903 0.3033153 0 -0.8721804 0.4891844 0 -0.7577443 0.6525518 0 -0.6160535 0.7877044 0 -0.4538882 0.8910586 0 -1.89319e-5 0 1 -0.2777088 0.9606654 0 -0.09344923 0.9956241 0 -1.44721e-5 0 -1 0 -1 0 0 1 0 -6.37092e-5 0 1 0 -1 -5.39038e-7 0 1 8.69707e-6 0 -1 4.71134e-7 0 1 -7.19125e-6 0.9959562 0.08984112 0 0.9638994 0.2662666 0 0.9012659 0.4332666 0 0.8108184 0.5852978 0 0.6962718 0.7177783 0 0.5618538 0.8272367 0 0.4121207 0.9111292 0 0.2515408 0.9678468 0 0.08456528 0.9964179 0 1 0 0 -0.0845524 0.9964191 0 -0.251558 0.9678422 0 -0.4121174 0.9111309 0 -0.5618588 0.8272333 0 -0.6962573 0.7177923 0 -0.8108196 0.5852962 0 -0.9012675 0.4332631 0 -0.9638991 0.2662678 0 -0.9959579 0.08982175 0 -0.08455967 -0.9964185 0 -0.2515571 -0.9678425 0 -0.4121211 -0.9111291 0 -0.5618587 -0.8272333 0 -0.6962614 -0.7177884 0 -0.8108126 -0.5853059 0 -0.9012662 -0.4332659 0 -0.9639006 -0.2662625 0 -0.9959575 -0.08982682 0 -1 0 0 0.0845642 -0.9964181 0 0.2515595 -0.9678419 0 0.4121189 -0.9111301 0 0.5618687 -0.8272265 0 0.6962669 -0.717783 0 0.8108029 -0.5853192 0 0.9012761 -0.4332453 0 0.9638958 -0.26628 0 0.9959565 -0.08983725 0 3.93349e-4 -0.2506049 -0.9680895 4.04961e-4 -0.08375424 -0.9964864 3.70223e-4 -0.415 -0.9098215 2.15747e-4 -0.8474817 -0.5308245 2.82202e-4 -0.7207757 -0.6931684 4.04962e-4 0.0837543 -0.9964864 3.70222e-4 0.4149995 -0.9098216 -1.36282e-4 0.9422405 0.3349372 3.93348e-4 0.2506047 -0.9680895 4.65967e-5 0.9934056 -0.1146526 3.33344e-4 0.5736494 -0.8191009 1.36154e-4 0.9422395 -0.33494 4.66341e-5 -0.9934056 -0.1146531 -4.65594e-5 -0.9934055 0.1146535 -4.65594e-5 0.9934054 0.1146553 2.81923e-4 0.7207768 -0.6931672 2.15658e-4 0.8474797 -0.5308278 1.36302e-4 -0.9422398 -0.334939 -1.36315e-4 -0.9422414 0.3349347 3.33344e-4 -0.5736494 -0.8191009 -1 -3.41863e-7 -1.30938e-6 0 0.9942275 0.1072937 0 0.9494827 0.3138194 0 0.8668363 0.4985929 0 0.7567981 0.6536487 0 0.629752 0.7767964 0 0.493668 0.8696506 0 0.3536117 0.9353924 0 0.2122803 0.9772088 0 0.07074648 0.9974944 0 -0.9936409 0.1125959 0 -0.944725 0.3278636 0 -0.8559907 0.5169915 0 -0.7407467 0.6717845 0 -0.6111276 0.7915323 0 -0.4755688 0.8796786 0 -0.3387446 0.9408785 0 -0.2025879 0.9792641 0 -0.06739783 0.9977262 0 -0.07075357 0.9974939 3.23693e-7 -0.2122725 0.9772105 -3.30223e-7 -0.3536151 0.9353911 0 -0.4936687 0.8696501 -1.75744e-7 -0.6297419 0.7768045 0 -0.7568039 0.653642 0 -0.8668355 0.4985944 0 -0.9494793 0.3138297 -1.47707e-7 -0.9942294 0.1072754 0 0.07075279 0.997494 0 0.2122742 0.9772102 0 0.3536141 0.9353914 0 0.4936686 0.8696502 0 0.6297498 0.7767981 0 0.7567992 0.6536475 0 0.8668349 0.4985952 0 0.9494842 0.3138151 0 0.9942273 0.1072943 0 1 2.37383e-5 -1 0 3.33589e-6 0 -1 -3.84037e-6 0 -1.22033e-7 1 0 -1 5.83938e-6 0 0 1 0.06586986 -0.9978283 0 0.1981438 -0.980173 0 0.3318569 -0.9433298 0 0.4671043 -0.8842023 0 0.6022719 -0.798291 0 0.7329589 -0.6802729 0 0.8506386 -0.5257508 0 0.9423304 -0.3346844 0 0.9933418 -0.1152055 0 0 1 -3.06979e-6 0.9933426 0.1151982 0 0.9423337 0.3346748 0 0.8506422 0.525745 0 0.7329595 0.6802724 0 0.6022697 0.7982928 0 0.4670979 0.8842056 0 0.3318621 0.9433279 0 0.1981465 0.9801725 0 0.0658617 0.9978289 0 0 0 -1 2.16327e-7 -1 -8.32367e-6 0 1.59933e-7 1 1 0 0 -4.93549e-6 1 0 1 -3.827e-6 1.72212e-6 -1 0 -8.61132e-7 -1 0 8.61061e-7 0.04434531 -0.9990163 0 0.134715 -0.9908844 0 0.2302415 -0.9731335 0 0.3347692 -0.9423002 0 0.452475 -0.891777 0 0.5867678 -0.8097553 0 0.7362826 -0.6766743 0 0.8842663 -0.4669832 0 0.9854604 -0.1699051 0 0.9854561 0.1699304 0 0.884263 0.4669891 0 0.7362812 0.6766757 0 0.5867698 0.8097539 0 0.4524779 0.8917756 0 0.3347753 0.942298 0 0.230244 0.973133 0 0.1347133 0.9908846 0 0.04434579 0.9990164 0 -0.04434543 0.9990163 0 -0.1347144 0.9908845 0 -0.2302423 0.9731333 0 -0.3347747 0.9422983 0 -0.4524766 0.8917764 0 -0.5867677 0.8097553 0 -0.7362826 0.6766742 0 -0.8842692 0.4669777 0 -0.9854581 0.1699188 0 -6.06349e-7 0 1 -0.04434329 -0.9990164 0 -0.1347153 -0.9908844 0 -0.2302412 -0.9731336 0 -0.3347768 -0.9422975 0 -0.4524744 -0.8917774 0 -0.5867689 -0.8097546 0 -0.7362813 -0.6766756 0 -0.8842678 -0.4669803 0 -0.9854583 -0.1699173 0 0 0 1 0.9974042 0.07200795 0 0.9764151 0.2159017 0 0.933287 0.3591316 0 0.8658493 0.5003049 0 0.7712929 0.6364806 0 0.6469922 0.7624968 0 0.4919628 0.8706163 0 0.3088323 0.9511165 0 0.1054266 0.9944272 0 -0.1054277 -0.994427 -1.49418e-6 -0.3088324 -0.9511166 -1.47389e-6 -0.491963 -0.8706161 0 -0.6469922 -0.7624967 0 -0.7712926 -0.6364808 0 -0.8658488 -0.5003057 -1.30562e-6 -0.9332867 -0.3591325 0 -0.9764156 -0.2158997 -3.12156e-7 -0.9974041 -0.07200855 -3.09177e-7 0.1054291 -0.9944269 0 0.3088312 -0.951117 0 0.4919634 -0.8706159 0 0.6469916 -0.7624973 0 0.7712935 -0.6364796 0 0.8658497 -0.5003042 0 0.9332867 -0.3591324 0 0.9764156 -0.2158999 0 0.9974041 -0.07200884 -4.37095e-7 -0.1054278 0.994427 0 -0.3088308 0.9511171 0 -0.4919633 0.870616 0 -0.6469925 0.7624964 0 -0.7712929 0.6364803 0 -0.8658493 0.500305 0 -0.9332866 0.3591325 0 -0.9764155 0.2159004 0 -0.9974039 0.07201081 3.4448e-7 0.2902847 0.9569404 0 0.6343932 0.7730106 0 0.8819215 0.4713965 0 0.9569406 -0.2902842 0 0.8819215 -0.4713965 0 0.7730106 -0.6343932 0 0.4713968 -0.8819214 0 0.2902848 -0.9569403 0 -0.2902849 -0.9569404 0 -0.4713969 -0.8819212 0 -0.6343931 -0.7730106 0 -0.7730103 -0.6343937 0 -0.8819211 -0.4713973 0 -0.9569402 0.2902851 0 -0.4713968 0.8819214 0 -3.97512e-6 0 1 3.97512e-6 0 1 3.97513e-6 0 1 -3.97512e-6 0 1 -3.88858e-7 0 1 1.02308e-6 0 1 2.87797e-7 0 1 -0.2902845 0.9569405 0 -7.18515e-7 0 -1 1.02308e-6 0 -1 0 0 -1 0.4712945 0.8819759 0 0.7729249 0.6344977 0 0.881867 0.4714984 0 0.956918 0.2903584 0 0.9569185 -0.2903568 0 0.881867 -0.4714984 0 0.7729246 -0.6344979 0 0.4712948 -0.8819759 0 0.290211 -0.9569628 0 -0.290211 -0.9569628 0 -0.4712958 -0.8819754 0 -0.9569182 -0.290358 0 -0.8818673 0.4714977 0 -0.4712942 0.8819761 0 1.06703e-6 0 1 -1.06703e-6 0 1 3.47835e-7 0 -1 -3.63881e-7 0 -1 -3.47835e-7 0 -1 3.63881e-7 0 -1 3.85736e-7 0 -1 0.6343929 0.7730109 0 0.8819213 0.4713969 0 0.9569405 -0.2902843 0 0.8819215 -0.4713964 0 0.7730109 -0.6343929 0 0.2902851 -0.9569402 0 -0.2902852 -0.9569402 0 -0.7730103 -0.6343935 0 -0.9569403 0.2902851 0 -0.4713972 0.8819211 0 0.09344971 0.9956241 0 0.2777144 0.9606637 0 0.4538759 0.8910649 0 0.7577453 0.6525506 0 0.8721758 0.4891928 0 0.9947006 0.1028142 -5.04908e-7 0.9947018 0.1028024 0 0.9946946 0.1028729 0 0.9947025 -0.1027959 0 0.9528959 -0.3032978 1.4372e-7 0.9528872 -0.3033253 0 0.9528952 -0.3033 0 0.8721758 -0.4891928 0 0.7577453 -0.6525506 0 0.4538892 -0.8910582 0 0.2777101 -0.960665 0 0.09344971 -0.9956241 0 -0.09344816 -0.9956243 0 -0.6160684 -0.7876927 0 -0.7577453 -0.6525506 0 -0.8721758 -0.4891928 0 -0.9528905 -0.3033144 2.87439e-7 -0.9528943 -0.3033025 0 -0.9528952 -0.3033 0 -0.9947006 -0.1028142 0 -0.9947006 0.1028142 -5.04908e-7 -0.9947045 0.1027773 0 -0.9946946 0.1028729 0 -0.8721758 0.4891928 0 -0.7577369 0.6525602 0 -0.6160523 0.7877054 0 -2.57374e-5 0 1 1.99473e-5 0 1 -4.2816e-5 0 1 4.28133e-5 0 1 -0.09344971 0.9956241 0 1.50548e-5 0 -1 2.38832e-5 0 -1 4.68488e-5 0 -1 -1.65112e-5 0 -1 -1.50548e-5 0 -1 -2.3883e-5 0 -1 -4.68469e-5 0 -1 1.65112e-5 0 -1 0.09345352 0.9956237 0 0.2777175 0.9606629 0 0.4538896 0.891058 0 0.6160549 0.7877033 0 0.7577562 0.6525378 0 0.8721747 0.4891946 0 0.9947021 0.1028005 -2.49224e-7 0.9947012 0.1028086 0 0.9947055 0.1027666 0 0.9947021 -0.1028004 0 0.9528859 -0.3033292 0 0.9528967 -0.3032951 0 0.9528932 -0.3033062 0 0.8721821 -0.4891813 0 0.757739 -0.6525578 0 0.6160466 -0.7877098 0 0.4538826 -0.8910615 0 0.277713 -0.9606642 0 0.09345513 -0.9956236 0 -0.09345352 -0.9956237 0 -0.4538757 -0.891065 0 -0.8721821 -0.4891813 0 -0.9528914 -0.3033121 0 -0.9528816 -0.3033427 0 -0.9528841 -0.303335 0 -0.9947021 -0.1028004 0 -0.994704 0.1027818 6.09215e-7 -0.9946983 0.1028364 0 -0.9947055 0.1027666 0 -0.8721747 0.4891946 0 -0.7577562 0.6525378 0 -0.6160549 0.7877033 0 -0.4538896 0.891058 0 2.47828e-5 0 1 -1.89835e-5 0 1 -8.38537e-5 0 1 3.79672e-5 0 1 -0.09345513 0.9956236 0 -1.08725e-5 0 -1 1.13071e-5 0 -1 -1.50551e-5 0 -1 2.02604e-5 0 -1 2.36573e-5 0 -1 -1.6511e-5 0 -1 1.08725e-5 0 -1 -1.1307e-5 0 -1 1.50548e-5 0 -1 -2.02604e-5 0 -1 -2.36573e-5 0 -1 1.6511e-5 0 -1 0.2777159 0.9606633 0 0.453872 0.891067 0 0.7577465 0.6525492 0 0.8721816 0.4891823 0 0.9528882 0.3033219 -2.29267e-7 0.9528871 0.3033252 0 0.9528833 0.3033374 -8.0142e-6 0.9947019 0.1028011 0 0.9947019 -0.1028018 -2.10951e-7 0.9947023 -0.1027985 0 0.9946984 -0.1028361 -9.8729e-7 0.8721818 -0.4891819 0 0.7577466 -0.6525491 0 0.2777159 -0.9606633 0 -0.09344428 -0.9956246 0 -0.4538838 -0.891061 0 -0.6160502 -0.7877069 0 -0.7577519 -0.6525428 0 -0.8721776 -0.4891894 0 -0.9528878 -0.303323 0 -0.9946984 -0.1028356 0 -0.9947097 -0.1027266 8.46148e-6 -0.9947024 -0.1027967 0 -0.9947019 0.1028017 0 -0.9528881 0.303322 6.30484e-7 -0.9528659 0.303392 0 -0.9528867 0.3033266 -7.91376e-6 -0.8721818 0.4891819 0 -0.7577466 0.6525491 0 -0.616057 0.7877016 0 -0.4538761 0.8910649 0 -1.52986e-5 0 1 2.51229e-5 0 1 -5.01954e-5 0 1 3.85737e-5 0 1 -3.85758e-5 0 1 5.01958e-5 0 1 -2.51237e-5 0 1 -0.09345418 0.9956236 0 -1.13071e-5 0 -1 -2.38825e-5 0 -1 1.06636e-5 0 -1 -1.08725e-5 0 -1 1.1307e-5 0 -1 -1.50551e-5 0 -1 2.38825e-5 0 -1 0.09344917 0.9956241 0 0.2777112 0.9606647 0 0.4538838 0.8910609 0 0.6160584 0.7877005 0 0.7577445 0.6525515 0 0.8721807 0.489184 0 0.9528886 0.3033207 -1.48309e-7 0.9528905 0.3033144 0 0.9528836 0.3033365 -1.13577e-5 0.994702 0.1028015 0 0.9947019 -0.1028019 0 0.9947019 -0.1028023 0 0.9947039 -0.102782 1.08526e-5 0.952889 -0.3033195 0 0.8721805 -0.4891842 0 0.7577442 -0.6525517 0 0.6160583 -0.7877006 0 0.09344917 -0.9956241 0 -0.09344917 -0.9956241 0 -0.4538878 -0.8910589 0 -0.7577499 -0.6525453 0 -0.8721764 -0.4891915 0 -0.9528887 -0.3033202 0 -0.9947019 -0.1028019 8.93205e-7 -0.994704 -0.1027815 0 -0.9947041 -0.1027811 0 -0.9947018 0.1028026 0 -0.9528887 0.3033201 -1.48309e-7 -0.9528875 0.3033242 0 -0.9528832 0.3033375 -9.49673e-6 -0.8721807 0.489184 0 -0.7577445 0.6525515 0 -0.6160537 0.7877042 0 -0.4538878 0.8910589 0 1.89322e-5 0 1 -3.33918e-5 0 1 7.61455e-5 0 1 -7.6147e-5 0 1 3.33923e-5 0 1 -0.2777086 0.9606655 0 -0.09344917 0.9956241 0 -1.13071e-5 0 -1 1.94151e-5 0 -1 -2.38825e-5 0 -1 -6.93722e-5 0 -1 1.20034e-5 0 -1 6.93722e-5 0 -1 1.68828e-5 0 1 -1.68831e-5 0 1 -6.15868e-5 0 1 -1.76724e-5 0 1 1.69582e-5 0 1 -1.69581e-5 0 1 1.1724e-5 0 1 1.76724e-5 0 1 1.27427e-4 0 1 -2.82589e-5 0 1 1.41292e-5 0 1 -1.07748e-5 0 1 -9.89585e-7 1 4.729e-7 -6.36901e-5 0 1 4.30552e-5 0 1 -1.77633e-5 0 1 -1.66411e-5 0 -1 1.67744e-5 0 -1 -1.30484e-5 0 -1 1.46374e-5 0 -1 -9.02234e-6 0 -1 2.30135e-5 0 -1 -3.75783e-5 0 -1 3.70079e-5 0 -1 -5.49496e-5 0 -1 7.89191e-7 0 -1 6.17513e-5 0 -1 -4.89426e-7 0 -1 -9.04004e-7 0 1 -7.31871e-6 0 1 -1.57418e-5 0 1 1.15992e-5 0 1 6.19624e-7 0 1 -1.67745e-5 0 1 1.13832e-5 0 1 2.67601e-5 0 1 9.96602e-7 0 1 -5.84693e-5 0 1 2.44888e-5 0 1 -1.67504e-5 0 1 0 0 1 1.0139e-5 0 1 -1.76907e-5 0 1 2.58615e-5 0 1 0.995958 0.08982056 0 0.9012737 0.4332502 0 0.8108106 0.5853086 0 0.6962492 0.7178002 0 0.561852 0.8272378 0 0.4121302 0.911125 0 0.2515456 0.9678455 0 0.0845623 0.9964182 0 -0.08455204 0.9964191 0 -0.2515559 0.9678428 0 -0.4121158 0.9111315 0 -0.6962552 0.7177945 0 -0.8108182 0.5852982 0 -0.08456045 -0.9964184 0 -0.2515546 -0.9678431 0 -0.4121171 -0.911131 0 -0.5618605 -0.8272321 0 -0.8108151 -0.5853025 0 -0.9638993 -0.2662674 0 -0.9959574 -0.08982723 0 0.2515607 -0.9678416 0 0.4121133 -0.9111327 0 0.5618571 -0.8272343 0 0.6962563 -0.7177933 0 0.8108131 -0.5853053 0 0.9012687 -0.4332605 0 0.9639013 -0.26626 0 0.9959565 -0.08983772 0 -1.44039e-7 0 -1 3.93866e-4 -0.250606 -0.9680891 4.04962e-4 -0.08375281 -0.9964865 3.69431e-4 -0.4150002 -0.9098213 2.15891e-4 -0.8474813 -0.5308254 2.81363e-4 -0.7207763 -0.6931678 4.04961e-4 0.08375275 -0.9964865 3.69695e-4 0.4150002 -0.9098213 -1.36147e-4 0.9422392 0.3349407 3.93867e-4 0.2506067 -0.968089 4.65593e-5 0.9934054 -0.1146547 3.3253e-4 0.5736493 -0.8191009 1.36154e-4 0.9422408 -0.3349364 4.65968e-5 -0.9934056 -0.1146534 -4.66238e-5 -0.9934056 0.1146534 -4.66342e-5 0.9934056 0.1146527 2.81643e-4 0.7207768 -0.6931672 2.15892e-4 0.8474817 -0.5308246 1.36095e-4 -0.9422397 -0.3349395 -1.35991e-4 -0.942241 0.334936 3.32531e-4 -0.5736499 -0.8191006 -1 -1.50444e-5 0 -1 2.02645e-5 0 -1 0 1.51833e-6 -1 0 -4.94766e-7 -1 -4.94052e-6 -4.10177e-7 -1 6.75294e-7 0 -1 -1.1766e-6 -7.15977e-7 -1 -3.50441e-5 0 -1 -1.09837e-5 0 -1 0 0 -1 0 0 -1 2.54723e-6 3.08966e-7 -1 0 -2.1006e-6 -1 0 -1.90428e-7 -1 0 2.23691e-7 -1 -2.6328e-7 0 -1 0 2.11984e-7 -1 -1.23634e-6 5.83204e-7 -1 1.6537e-7 0 -1 0 3.67935e-7 -1 0 0 -1 -3.68772e-6 0 -1 -2.36319e-5 0 -1 0 -2.10062e-6 -1 1.80647e-7 1.38715e-7 -1 0 -5.25372e-7 -1 -8.02937e-7 2.67453e-7 -1 0 8.51245e-7 -1 2.32965e-6 7.78902e-7 -1 -5.67395e-7 -2.10111e-7 -1 1.12893e-6 0 -1 1.03748e-6 0 -1 0 -1.4009e-6 0 -1 -1.73955e-7 0 0.9942275 0.1072929 0 0.9494829 0.3138188 0 0.8668364 0.4985927 0 0.4936679 0.8696506 0 0.3536118 0.9353923 0 0.2122803 0.9772088 0 0.07074648 0.9974943 0 -0.993642 0.1125862 0 -0.9447251 0.3278637 0 -0.8559948 0.5169847 0 -0.7407467 0.6717845 0 -0.6111316 0.791529 0 -0.4755721 0.8796768 0 -0.3387433 0.9408789 0 -0.202588 0.9792641 0 -0.06739783 0.9977262 0 -0.07074624 0.9974944 0 -0.2122797 0.977209 0 -0.3536115 0.9353924 1.29061e-7 -0.4936721 0.8696482 0 -0.6297468 0.7768005 0 -0.7568057 0.6536399 0 -0.8668356 0.4985943 0 -0.9494822 0.3138211 0 -0.9942268 0.1073003 0 0.07075279 0.997494 0 0.2122741 0.9772101 0 0.3536151 0.935391 0 0.6297513 0.7767968 -2.00281e-7 0.7567951 0.6536522 -2.0734e-7 0.8668335 0.4985978 0 0.9494852 0.313812 0 0.9942274 0.1072933 1 -4.7264e-5 0 1 -1.3541e-5 0 1 -1.20098e-5 0 1 1.01158e-5 0 1 -5.25997e-5 0 1 1.67277e-5 0 1 -8.04009e-7 0 1 6.73883e-7 0 1 -2.81391e-7 0 1 -2.77219e-5 6.62111e-6 1 0 -2.10557e-6 1 0 -2.53977e-6 1 2.98147e-5 -3.11557e-6 1 0 -3.93154e-6 1 3.55862e-5 6.9784e-6 1 -1.0406e-4 0 1 2.55833e-6 3.39246e-6 1 -3.95004e-6 6.76434e-7 1 -2.02588e-6 0 1 -1.50042e-6 -7.27975e-7 1 -2.35527e-6 7.08166e-7 1 0 0 1 0 8.2035e-7 1 0 6.81912e-7 1 6.35142e-6 -3.13184e-6 1 2.05772e-5 0 1 -2.02645e-5 0 1 3.00889e-5 0 1 -2.3305e-6 2.91393e-7 1 -2.27195e-6 8.41322e-7 1 2.23716e-6 0 1 -2.05415e-6 0 0 1 1.61204e-6 0 1 -9.31744e-7 0 1 -4.66395e-5 -1 1.46188e-6 0 -1 0 -8.19429e-7 -1 -2.19283e-6 0 -1 0 3.33589e-6 0 -1 8.24178e-6 -1.8621e-7 0 1 0 0 1 -3.90387e-7 0 1 -5.97711e-7 -2.47399e-7 1 -5.94881e-7 -4.45556e-7 1 -7.47834e-7 -5.17878e-7 1 0 -4.22228e-7 1 0 -3.02708e-7 1 0 -2.14887e-7 1 0 -1.55711e-7 1 -1.57268e-7 0 1 0 -1 4.2349e-7 0 -1 -5.9442e-6 0 0 1 0 0 1 0 0 1 0 0 1 0 0 1 0.06586861 -0.9978283 0 0.3318632 -0.9433276 0 0.4670957 -0.8842069 0 0.6022614 -0.798299 0 0.8506388 -0.5257508 0 0.9423304 -0.3346843 0 0.9933446 -0.1151802 0 -2.34519e-7 1 0 0 1 8.46979e-7 0 1 5.77891e-7 0 1 0 0 1 -1.92069e-6 0.8506302 0.5257645 0 0.6022696 0.7982928 0 0.3318622 0.9433279 0 0.06586033 0.9978289 0 0 0 -1 -1.01086e-6 0 -1 0 0 -1 -1.60207e-6 0 -1 2.17433e-6 0 -1 5.11147e-6 0 -1 -7.5899e-6 0 -1 0 0 -1 1.64407e-6 0 -1 -4.15686e-6 0 -1 2.11029e-6 0 -1 -1.29244e-6 0 -1 1.32612e-6 0 -1 0 0 -1 0 0 -1 -1.30279e-6 0 -1 0 -1 0 6.16936e-6 -1 0 2.46774e-6 -1 1.32523e-6 -2.16098e-7 0 1 0 1.20467e-7 1 0 0 1 0 0 1 -8.86474e-7 1.10444e-6 1 -8.65435e-7 3.97208e-7 1 0 6.9887e-7 1 -6.21285e-7 1.2723e-6 1 0 2.38363e-7 1 -3.91889e-7 3.8573e-7 1 0 1 1.21072e-5 2.26243e-7 1 0 -4.93553e-6 1 0 1 3.82731e-6 8.61132e-7 0 0 -1 -3.37227e-6 0 -1 2.30623e-6 0 -1 -1.41239e-6 0 -1 4.65234e-7 0 -1 -5.98096e-7 0 -1 1.90825e-6 0 -1 0 0 -1 -2.4254e-6 0 -1 7.96493e-7 0 -1 -6.46082e-7 0 -1 -3.12525e-7 0 -1 0 0 -1 8.02342e-7 0 -1 2.34642e-6 0 -1 0.04434478 -0.9990164 0 0.1347166 -0.9908843 0 0.2302415 -0.9731335 0 0.3347734 -0.9422987 0 0.4524808 -0.8917742 0 0.5867677 -0.8097553 0 0.7362826 -0.6766742 0 0.8842662 -0.4669831 0 0.9854568 -0.1699267 0 0.9854589 0.169914 0 0.884276 0.4669647 0 0.7362812 0.6766757 0 0.5867639 0.8097581 0 0.452478 0.8917757 0 0.3347722 0.9422991 0 0.2302419 0.9731335 0 0.1347144 0.9908845 0 0.04434502 0.9990163 0 -0.04434543 0.9990163 0 -0.1347144 0.9908845 0 -0.230242 0.9731335 0 -0.3347746 0.9422983 0 -0.4524765 0.8917764 0 -0.7362826 0.6766743 0 -0.8842682 0.4669795 0 -0.9854577 0.1699211 0 -7.08355e-7 0 1 0 0 1 0 0 1 5.67796e-7 0 1 -8.43067e-7 0 1 -1.23828e-7 0 1 -2.53958e-7 0 1 4.08371e-7 0 1 -0.04434335 -0.9990164 0 -0.1347154 -0.9908844 0 -0.2302415 -0.9731335 0 -0.3347767 -0.9422975 0 -0.4524744 -0.8917775 0 -0.5867695 -0.8097541 0 -0.7362821 -0.6766747 0 -0.8842685 -0.4669789 0 -0.9854581 -0.1699191 0 0 0 1 0 0 1 0 0 1 1.30976e-7 0 1 -1.28986e-7 0 1 0 0 1 2.68406e-7 0 1 1.53789e-7 0 1 0 0 1 0 0 1 0 0 1 0 0 1 0 0 1 0 0 1 0 0 1 0 0 1 1.23171e-7 0 1 -3.67112e-7 0 -1 2.68402e-7 0 -1 -1.03189e-6 0 -1 -6.46844e-7 0 -1 -3.13359e-7 0 -1 2.48315e-7 0 -1 3.37014e-7 0 -1 -2.4634e-7 0 -1 4.02245e-7 0 -1 1.98063e-7 0 -1 -4.41135e-7 0 -1 4.52826e-7 0 -1 -5.54639e-7 0 -1 3.79395e-7 0 -1 0.9974042 0.07200795 0 0.9764155 0.2158999 0 0.7712938 0.6364793 0 0.4919628 0.8706163 0 0.3088316 0.9511168 0 0.1054263 0.9944272 0 -0.1054277 -0.994427 1.00031e-6 -0.3088319 -0.9511167 3.9675e-7 -0.4919643 -0.8706154 -8.65985e-7 -0.6469922 -0.7624967 0 -0.771292 -0.6364815 -8.62315e-7 -0.8658506 -0.5003028 2.88418e-7 -0.9332871 -0.3591314 -3.65095e-7 -0.9764151 -0.2159021 -4.10016e-7 -0.9974041 -0.07200855 0 0 -1 8.6658e-7 0.1054294 -0.9944269 -3.14512e-7 0.491964 -0.8706156 0 0.6469916 -0.7624973 0 0.7712923 -0.6364811 0 0.8658487 -0.5003061 0 0.9332875 -0.3591303 0 0.9764156 -0.2158999 -2.83009e-7 0.997404 -0.07200998 0 -0.1054278 0.994427 4.75655e-7 -0.3088313 0.9511169 0 -0.491964 0.8706155 0 -0.6469916 0.7624972 0 -0.771293 0.6364803 0 -0.86585 0.5003037 0 -0.9332877 0.3591297 0 -0.9764155 0.2159004 3.21952e-7 -0.9974041 0.07200771 0</float_array>
          <technique_common>
            <accessor source="#Cylinder_015-mesh-normals-array" count="1064" stride="3">
              <param name="X" type="float"/>
              <param name="Y" type="float"/>
              <param name="Z" type="float"/>
            </accessor>
          </technique_common>
        </source>
        <source id="Cylinder_015-mesh-map-0">
          <float_array id="Cylinder_015-mesh-map-0-array" count="10968">1 1 0.96875 0.5 1 0.5 0.96875 1 0.9375 0.5 0.96875 0.5 0.9375 1 0.90625 0.5 0.9375 0.5 0.90625 1 0.875 0.5 0.90625 0.5 0.875 1 0.84375 0.5 0.875 0.5 0.84375 1 0.8125 0.5 0.84375 0.5 0.8125 1 0.78125 0.5 0.8125 0.5 0.78125 1 0.75 0.5 0.78125 0.5 0.75 1 0.71875 0.5 0.75 0.5 0.71875 1 0.6875 0.5 0.71875 0.5 0.6875 1 0.65625 0.5 0.6875 0.5 0.65625 1 0.625 0.5 0.65625 0.5 0.625 1 0.59375 0.5 0.625 0.5 0.59375 1 0.5625 0.5 0.59375 0.5 0.5625 1 0.53125 0.5 0.5625 0.5 0.53125 1 0.5 0.5 0.53125 0.5 0.5 1 0.46875 0.5 0.5 0.5 0.46875 1 0.4375 0.5 0.46875 0.5 0.4375 1 0.40625 0.5 0.4375 0.5 0.40625 1 0.375 0.5 0.40625 0.5 0.375 1 0.34375 0.5 0.375 0.5 0.34375 1 0.3125 0.5 0.34375 0.5 0.3125 1 0.28125 0.5 0.3125 0.5 0.28125 1 0.25 0.5 0.28125 0.5 0.25 1 0.21875 0.5 0.25 0.5 0.21875 1 0.1875 0.5 0.21875 0.5 0.1875 1 0.15625 0.5 0.1875 0.5 0.15625 1 0.125 0.5 0.15625 0.5 0.125 1 0.09375 0.5 0.125 0.5 0.09375 1 0.0625 0.5 0.09375 0.5 0.02826893 0.341844 0.1581559 0.02826887 0.4717311 0.1581559 0.0625 1 0.03125 0.5 0.0625 0.5 0.03125 1 0 0.5 0.03125 0.5 0.9853885 0.2968217 0.7968217 0.01461148 0.5146116 0.2031783 1 1 0.96875 0.5 1 0.5 0.96875 1 0.9375 0.5 0.96875 0.5 0.9375 1 0.90625 0.5 0.9375 0.5 0.90625 1 0.875 0.5 0.90625 0.5 0.875 1 0.84375 0.5 0.875 0.5 0.84375 1 0.8125 0.5 0.84375 0.5 0.8125 1 0.78125 0.5 0.8125 0.5 0.78125 1 0.75 0.5 0.78125 0.5 0.75 1 0.71875 0.5 0.75 0.5 0.71875 1 0.6875 0.5 0.71875 0.5 0.6875 1 0.65625 0.5 0.6875 0.5 0.65625 1 0.625 0.5 0.65625 0.5 0.625 1 0.59375 0.5 0.625 0.5 0.59375 1 0.5625 0.5 0.59375 0.5 0.5625 1 0.53125 0.5 0.5625 0.5 0.53125 1 0.5 0.5 0.53125 0.5 0.5 1 0.46875 0.5 0.5 0.5 0.46875 1 0.4375 0.5 0.46875 0.5 0.4375 1 0.40625 0.5 0.4375 0.5 0.40625 1 0.375 0.5 0.40625 0.5 0.375 1 0.34375 0.5 0.375 0.5 0.34375 1 0.3125 0.5 0.34375 0.5 0.3125 1 0.28125 0.5 0.3125 0.5 0.28125 1 0.25 0.5 0.28125 0.5 0.25 1 0.21875 0.5 0.25 0.5 0.21875 1 0.1875 0.5 0.21875 0.5 0.1875 1 0.15625 0.5 0.1875 0.5 0.15625 1 0.125 0.5 0.15625 0.5 0.125 1 0.09375 0.5 0.125 0.5 0.09375 1 0.0625 0.5 0.09375 0.5 0.4197056 0.08029437 0.4717311 0.1581559 0.4197056 0.4197056 0.0625 1 0.03125 0.5 0.0625 0.5 0.03125 1 0 0.5 0.03125 0.5 0.5504474 0.116663 0.5146116 0.2031783 0.5504473 0.3833368 1 1 0.96875 0.5 1 0.5 0.96875 1 0.9375 0.5 0.96875 0.5 0.9375 1 0.90625 0.5 0.9375 0.5 0.90625 1 0.875 0.5 0.90625 0.5 0.875 1 0.84375 0.5 0.875 0.5 0.84375 1 0.8125 0.5 0.84375 0.5 0.8125 1 0.78125 0.5 0.8125 0.5 0.78125 1 0.75 0.5 0.78125 0.5 0.75 1 0.71875 0.5 0.75 0.5 0.71875 1 0.6875 0.5 0.71875 0.5 0.6875 1 0.65625 0.5 0.6875 0.5 0.65625 1 0.625 0.5 0.65625 0.5 0.625 1 0.59375 0.5 0.625 0.5 0.59375 1 0.5625 0.5 0.59375 0.5 0.5625 1 0.53125 0.5 0.5625 0.5 0.53125 1 0.5 0.5 0.53125 0.5 0.5 1 0.46875 0.5 0.5 0.5 0.46875 1 0.4375 0.5 0.46875 0.5 0.4375 1 0.40625 0.5 0.4375 0.5 0.40625 1 0.375 0.5 0.40625 0.5 0.375 1 0.34375 0.5 0.375 0.5 0.34375 1 0.3125 0.5 0.34375 0.5 0.3125 1 0.28125 0.5 0.3125 0.5 0.28125 1 0.25 0.5 0.28125 0.5 0.25 1 0.21875 0.5 0.25 0.5 0.21875 1 0.1875 0.5 0.21875 0.5 0.1875 1 0.15625 0.5 0.1875 0.5 0.15625 1 0.125 0.5 0.15625 0.5 0.125 1 0.09375 0.5 0.125 0.5 0.09375 1 0.0625 0.5 0.09375 0.5 0.02826893 0.341844 0.1581559 0.02826887 0.4717311 0.1581559 0.0625 1 0.03125 0.5 0.0625 0.5 0.03125 1 0 0.5 0.03125 0.5 0.5504473 0.3833368 0.7031784 0.4853885 0.7968217 0.01461148 1 1 0.96875 0.5 1 0.5 0.96875 1 0.9375 0.5 0.96875 0.5 0.9375 1 0.90625 0.5 0.9375 0.5 0.90625 1 0.875 0.5 0.90625 0.5 0.875 1 0.84375 0.5 0.875 0.5 0.84375 1 0.8125 0.5 0.84375 0.5 0.8125 1 0.78125 0.5 0.8125 0.5 0.7713688 0.9621264 0.75 0.9621265 0.75 0.5 0.75 0.9621265 0.71875 0.5 0.75 0.5 0.7082655 0.9621265 0.6875 1 0.6875 0.5 0.6875 1 0.65625 0.5 0.6875 0.5 0.65625 1 0.625 0.5 0.65625 0.5 0.625 1 0.59375 0.5 0.625 0.5 0.59375 1 0.5625 0.5 0.59375 0.5 0.5625 1 0.53125 0.5 0.5625 0.5 0.53125 1 0.5 0.5 0.53125 0.5 0.5 1 0.46875 0.5 0.5 0.5 0.46875 1 0.4375 0.5 0.46875 0.5 0.4375 1 0.40625 0.5 0.4375 0.5 0.40625 1 0.375 0.5 0.40625 0.5 0.375 1 0.34375 0.5 0.375 0.5 0.34375 1 0.3125 0.5 0.34375 0.5 0.2917345 0.9621264 0.28125 0.9621265 0.28125 0.5 0.28125 0.9621265 0.25 0.5 0.28125 0.5 0.2286313 0.9621265 0.21875 1 0.21875 0.5 0.21875 1 0.1875 0.5 0.21875 0.5 0.1875 1 0.15625 0.5 0.1875 0.5 0.15625 1 0.125 0.5 0.15625 0.5 0.125 1 0.09375 0.5 0.125 0.5 0.09375 1 0.0625 0.5 0.09375 0.5 0.3833369 0.4495527 0.341844 0.4717311 0.4868466 0.2820166 0.0625 1 0.03125 0.5 0.0625 0.5 0.03125 1 0 0.5 0.03125 0.5 0.6166631 0.4495527 0.658156 0.4717311 0.6166631 0.05044728 1 1 0.96875 0.5 1 0.5 0.96875 1 0.9375 0.5 0.96875 0.5 0.9375 1 0.90625 0.5 0.9375 0.5 0.90625 1 0.875 0.5 0.90625 0.5 0.875 1 0.84375 0.5 0.875 0.5 0.84375 1 0.8125 0.5 0.84375 0.5 0.8125 1 0.78125 0.5 0.8125 0.5 0.7683251 0.9690346 0.75 0.9690346 0.75 0.5 0.75 0.9690346 0.71875 0.5 0.75 0.5 0.7051007 0.9690346 0.6875 1 0.6875 0.5 0.6875 1 0.65625 0.5 0.6875 0.5 0.65625 1 0.625 0.5 0.65625 0.5 0.625 1 0.59375 0.5 0.625 0.5 0.59375 1 0.5625 0.5 0.59375 0.5 0.5625 1 0.53125 0.5 0.5625 0.5 0.53125 1 0.5 0.5 0.53125 0.5 0.5 1 0.46875 0.5 0.5 0.5 0.46875 1 0.4375 0.5 0.46875 0.5 0.4375 1 0.40625 0.5 0.4375 0.5 0.40625 1 0.375 0.5 0.40625 0.5 0.375 1 0.34375 0.5 0.375 0.5 0.34375 1 0.3125 0.5 0.34375 0.5 0.2948992 0.9690346 0.28125 0.9690346 0.28125 0.5 0.28125 0.9690346 0.25 0.5 0.28125 0.5 0.2316747 0.9690346 0.21875 1 0.21875 0.5 0.21875 1 0.1875 0.5 0.21875 0.5 0.1875 1 0.15625 0.5 0.1875 0.5 0.15625 1 0.125 0.5 0.15625 0.5 0.125 1 0.09375 0.5 0.125 0.5 0.09375 1 0.0625 0.5 0.09375 0.5 0.3833369 0.4495527 0.341844 0.4717311 0.4872958 0.2774565 0.0625 1 0.03125 0.5 0.0625 0.5 0.03125 1 0 0.5 0.03125 0.5 0.6166631 0.4495527 0.658156 0.4717311 0.6166631 0.05044728 1 1 0.96875 0.5 1 0.5 0.96875 1 0.9375 0.5 0.96875 0.5 0.9375 1 0.90625 0.5 0.9375 0.5 0.90625 1 0.875 0.5 0.90625 0.5 0.875 1 0.84375 0.5 0.875 0.5 0.84375 1 0.8125 0.5 0.84375 0.5 0.7843973 0.9515144 0.78125 0.9515144 0.78125 0.5 0.78125 0.9515144 0.75 0.5 0.78125 0.5 0.7215768 0.9515144 0.71875 1 0.71875 0.5 0.71875 1 0.6875 0.5 0.71875 0.5 0.6875 1 0.65625 0.5 0.6875 0.5 0.65625 1 0.625 0.5 0.65625 0.5 0.625 1 0.59375 0.5 0.625 0.5 0.59375 1 0.5625 0.5 0.59375 0.5 0.5625 1 0.53125 0.5 0.5625 0.5 0.53125 1 0.5 0.5 0.53125 0.5 0.5 1 0.46875 0.5 0.5 0.5 0.46875 1 0.4375 0.5 0.46875 0.5 0.4375 1 0.40625 0.5 0.4375 0.5 0.40625 1 0.375 0.5 0.40625 0.5 0.375 1 0.34375 0.5 0.375 0.5 0.34375 1 0.3125 0.5 0.34375 0.5 0.3125 1 0.28125 0.5 0.3125 0.5 0.28125 0.5 0.2784236 0.9515144 0.25 0.5 0.25 0.9515144 0.21875 0.5 0.25 0.5 0.215603 0.9515144 0.1875 1 0.1875 0.5 0.1875 1 0.15625 0.5 0.1875 0.5 0.15625 1 0.125 0.5 0.15625 0.5 0.125 1 0.09375 0.5 0.125 0.5 0.09375 1 0.0625 0.5 0.09375 0.5 0.3833369 0.4495527 0.341844 0.4717311 0.484013 0.3013558 0.0625 1 0.03125 0.5 0.0625 0.5 0.03125 1 0 0.5 0.03125 0.5 0.6166631 0.4495527 0.658156 0.4717311 0.6166631 0.05044728 1 1 0.96875 0.5 1 0.5 0.96875 1 0.9375 0.5 0.96875 0.5 0.9375 1 0.90625 0.5 0.9375 0.5 0.90625 1 0.875 0.5 0.90625 0.5 0.875 1 0.84375 0.5 0.875 0.5 0.84375 1 0.8125 0.5 0.84375 0.5 0.7994034 0.9653213 0.78125 0.9653212 0.78125 0.5 0.78125 0.9653212 0.75 0.5 0.78125 0.5 0.7360054 0.9653212 0.71875 1 0.71875 0.5 0.71875 1 0.6875 0.5 0.71875 0.5 0.6875 1 0.65625 0.5 0.6875 0.5 0.65625 1 0.625 0.5 0.65625 0.5 0.625 1 0.59375 0.5 0.625 0.5 0.59375 1 0.5625 0.5 0.59375 0.5 0.5625 1 0.53125 0.5 0.5625 0.5 0.53125 1 0.5 0.5 0.53125 0.5 0.5 1 0.46875 0.5 0.5 0.5 0.46875 1 0.4375 0.5 0.46875 0.5 0.4375 1 0.40625 0.5 0.4375 0.5 0.40625 1 0.375 0.5 0.40625 0.5 0.375 1 0.34375 0.5 0.375 0.5 0.34375 1 0.3125 0.5 0.34375 0.5 0.3125 1 0.28125 0.5 0.3125 0.5 0.2639946 0.9653213 0.25 0.9653213 0.25 0.5 0.25 0.9653213 0.21875 0.5 0.25 0.5 0.2005966 0.9653211 0.1875 1 0.1875 0.5 0.1875 1 0.15625 0.5 0.1875 0.5 0.15625 1 0.125 0.5 0.15625 0.5 0.125 1 0.09375 0.5 0.125 0.5 0.09375 1 0.0625 0.5 0.09375 0.5 0.3833369 0.4495527 0.341844 0.4717311 0.4774548 0.3229754 0.0625 1 0.03125 0.5 0.0625 0.5 0.03125 1 0 0.5 0.03125 0.5 0.6166631 0.4495527 0.658156 0.4717311 0.6166631 0.05044728 0.375 0.4604039 0.4687586 0.2778204 0.375 0.2778204 0.375 0.9698514 0.4687587 0.7919244 0.375 0.7919243 0.3833369 0.05044728 0.4197056 0.08029437 0.4808064 0.188073 0.1528204 0.5 0.151605 0.5852017 0.1551486 0.75 0.375 0.4617867 0.4487749 0.2788571 0.375 0.2788571 0.3833369 0.05044728 0.4197056 0.08029437 0.4794232 0.1835135 0.375 0.9681085 0.4487748 0.7912479 0.375 0.7912477 0.153857 0.5 0.1528146 0.5730672 0.1568915 0.75 0.375 0.470292 0.4905164 0.2898928 0.375 0.289893 0.4495527 0.1166631 0.4717311 0.1581559 0.4858055 0.207413 0.375 0.779017 0.4905164 0.960798 0.4905164 0.779017 0.164893 0.5 0.1643628 0.5120662 0.1625853 0.6366679 0.375 0.4655638 0.4576219 0.2902204 0.375 0.2902206 0.375 0.9638189 0.4576219 0.7803966 0.375 0.7803965 0.1652206 0.5 0.1621625 0.5695997 0.1611811 0.75 0.4197056 0.08029437 0.4495527 0.1166631 0.4879348 0.2290319 0.625 0.2623779 0.375 0.4894743 0.375 0.2623779 0.1256154 0.7432861 0.125155 0.741568 0.125 0.7397962 0.6255988 0.7434667 0.6251509 0.7417949 0.625 0.7400708 0.375 0.5105257 0.625 0.5086979 0.625 0.5105257 0.375 0.5086979 0.625 0.5069257 0.625 0.5086979 0.375 0.5069257 0.625 0.5052629 0.625 0.5069257 0.375 0.5052629 0.6250001 0.5037599 0.625 0.5052629 0.375 0.5037599 0.625 0.4962401 0.6250001 0.5037599 0.375 0.4962401 0.625 0.4947372 0.625 0.4962401 0.375 0.4947372 0.625 0.4930743 0.625 0.4947372 0.375 0.4930743 0.625 0.4913021 0.625 0.4930743 0.375 0.4913021 0.625 0.4894743 0.625 0.4913021 0.625 0.5105257 0.375 0.7400708 0.375 0.5105257 0.375 0.2623779 0.6250001 0.2602285 0.625 0.2623779 0.375 0.2602285 0.625 0.2581444 0.6250001 0.2602285 0.375 0.2581444 0.625 0.256189 0.625 0.2581444 0.375 0.2561889 0.625 0.2544215 0.625 0.256189 0.375 0.2544215 0.625 0.2455784 0.625 0.2544215 0.375 0.2455784 0.625 0.243811 0.625 0.2455784 0.375 0.243811 0.625 0.2418555 0.625 0.243811 0.375 0.2418555 0.625 0.2397714 0.625 0.2418555 0.375 0.2397714 0.625 0.237622 0.625 0.2397714 0.625 0.9897962 0.375 0.991568 0.375 0.9897962 0.625 0.991568 0.375 0.9932861 0.375 0.991568 0.625 0.9932861 0.375 0.9948981 0.375 0.9932861 0.625 0.9948981 0.375 0.9963551 0.375 0.9948981 0.625 0 0.375 0.003644943 0.375 0 0.625 0.003644943 0.375 0.005101919 0.375 0.003644943 0.625 0.005101919 0.375 0.006713926 0.375 0.005101919 0.625 0.006713926 0.375 0.008431971 0.375 0.006713926 0.625 0.008431971 0.375 0.01020383 0.375 0.008431971 0.625 0.01020383 0.375 0.237622 0.375 0.01020383 0.375 0.7599292 0.625 0.7582051 0.625 0.7599292 0.375 0.7582051 0.625 0.7565333 0.625 0.7582051 0.375 0.7565333 0.6250001 0.7549647 0.625 0.7565333 0.375 0.7549647 0.625 0.7535468 0.6250001 0.7549647 0.375 0.7535469 0.625 0.7464531 0.625 0.7535468 0.375 0.7464532 0.625 0.7450354 0.625 0.7464531 0.375 0.7450354 0.625 0.7434667 0.625 0.7450354 0.375 0.7434667 0.625 0.741795 0.625 0.7434667 0.375 0.741795 0.625 0.7400708 0.625 0.741795 0.625 0.7599292 0.375 0.9897962 0.375 0.7599292 0.3685082 0.75 0.1324248 0.6521245 0.1324248 0.75 0.3704623 0.5 0.134379 0.5673885 0.3704623 0.5673885 0.375 0.5 0.125 0.56854 0.125 0.5 0.78125 0.967556 0.8125 0.5322102 0.78125 0.5322033 0.75 0.9675536 0.78125 0.5322033 0.75 0.5322009 0.8125 0.9675629 0.84375 0.5322216 0.8125 0.5322102 0.90625 0.9676082 0.9375 0.5322766 0.90625 0.5322555 0.875 0.9675895 0.90625 0.5322555 0.875 0.5322369 0.71875 0.5322033 0.75 0.9675536 0.75 0.5322009 0.65625 0.5322216 0.6875001 0.9675629 0.6875 0.5322102 0.46875 0.9677003 0.4549885 0.5323578 0.4551309 0.9677103 0.6875 0.5322102 0.71875 0.967556 0.71875 0.5322033 0.5 0.5323237 0.53125 0.9676524 0.53125 0.5322997 0.625 0.5322369 0.6562501 0.9675742 0.65625 0.5322216 0.53125 0.5322997 0.5625 0.9676293 0.5625 0.5322766 0.125 0.68146 0.375 0.75 0.125 0.75 0.96875 0.9676524 1 0.5323237 0.96875 0.5322997 0 0.9676764 0.03125 0.5323477 0 0.5323237 0.46875 0.5323477 0.5 0.9676764 0.5 0.5323237 0.59375 0.5322555 0.625 0.9675895 0.625 0.5322369 0.5625 0.5322766 0.5937501 0.9676082 0.59375 0.5322555 0.9375 0.9676293 0.96875 0.5322997 0.9375 0.5322766 0.03125 0.9677003 0.04501146 0.5323578 0.03125 0.5323477 0.84375 0.9675742 0.875 0.5322369 0.84375 0.5322216 0.4496461 0.1476011 0.4531837 0.1365219 0.4568877 0.1649819 0.3812229 0.25 0.375 0.5 0.375 0.25 0.3483858 0.75 0.1422618 0.651222 0.1422618 0.75 0.875 0.5850181 0.625 0.6672467 0.625 0.5850181 0.375 0.4790624 0.538497 0.2729384 0.375 0.2729384 0.375 0.9827382 0.538496 0.7766142 0.375 0.7766143 0.375 0.9925751 0.4060599 0.7564918 0.375 0.7564918 0.375 0.259379 0.4050247 0.4954623 0.4050247 0.259379 0.3812229 0.25 0.3860636 0.5 0.3812229 0.5 0.3860636 0.25 0.3907573 0.5 0.3860636 0.5 0.3907573 0.25 0.3951612 0.5 0.3907573 0.5 0.3951612 0.25 0.3991416 0.5 0.3951612 0.5 0.3991416 0.25 0.4090995 0.5 0.3991416 0.5 0.1324248 0.5850442 0.3685082 0.5999454 0.3685082 0.5850443 0.1324248 0.5999453 0.3685082 0.6164319 0.3685082 0.5999454 0.1324248 0.6164318 0.3685082 0.6340029 0.3685082 0.6164319 0.1324248 0.6340029 0.3685082 0.6521246 0.3685082 0.6340029 0.375 0.75 0.375 1 0.375 0.75 0.375 0.75 0.3809207 1 0.375 1 0.3809207 0.75 0.3866616 1 0.3809207 1 0.3866616 0.75 0.3920481 1 0.3866616 1 0.3920481 0.75 0.3969166 1 0.3920481 1 0.3969166 0.75 0.4090963 1 0.3969166 1 0.134379 0.6535395 0.3704624 0.634402 0.134379 0.6344021 0.134379 0.6344021 0.3704623 0.6132284 0.134379 0.6132284 0.3704623 0.6132284 0.134379 0.5906621 0.134379 0.6132284 0.3704623 0.590662 0.134379 0.5673885 0.134379 0.5906621 0.1479384 0.581859 0.3540624 0.5939123 0.3540624 0.581859 0.1479384 0.5939123 0.3540624 0.6055993 0.3540624 0.5939123 0.1479384 0.6055992 0.3540624 0.616565 0.3540624 0.6055993 0.1479384 0.6165649 0.3540624 0.6264761 0.3540624 0.616565 0.4165836 0.259379 0.4124546 0.4954623 0.4165835 0.4954623 0.4124546 0.259379 0.4108041 0.4954623 0.4124546 0.4954623 0.4108042 0.259379 0.4089781 0.4954623 0.4108041 0.4954623 0.4089781 0.259379 0.4070318 0.4954623 0.4089781 0.4954623 0.4070318 0.259379 0.4050247 0.4954623 0.4070318 0.4954623 0.1479384 0.5 0.3540624 0.581859 0.3540624 0.5 0.3483858 0.651222 0.1422618 0.6402502 0.1422618 0.651222 0.3483858 0.6402502 0.1422618 0.6296117 0.1422618 0.6402502 0.3483858 0.6296117 0.1422618 0.6196299 0.1422618 0.6296117 0.3483858 0.6196299 0.1422618 0.6106079 0.1422618 0.6196299 0.4165817 0.7564918 0.4128232 0.9925751 0.4165817 0.9925751 0.4128232 0.7564918 0.4113208 0.9925752 0.4128232 0.9925751 0.4113208 0.7564918 0.4096585 0.9925751 0.4113208 0.9925752 0.4096585 0.7564918 0.4078869 0.9925751 0.4096585 0.9925751 0.4078869 0.7564918 0.4060598 0.9925751 0.4078869 0.9925751 0.4439543 0.6578117 0.4496992 0.6476011 0.4568867 0.6672467 0.375 0.5 0.5757001 0.5590787 0.5757001 0.5 0.375 0.75 0.375 0.9748492 0.3847195 0.8775411 0.375 0 0.4243 0.2435715 0.375 0.25 0.625 0.5151386 0.375 0.5624689 0.375 0.5151386 0.4340195 0.8936099 0.4340195 0.9561718 0.375 1 0.6401386 0.5 0.7686101 0.5064285 0.6291652 0.5064285 0.3847038 0.3724587 0.3847038 0.3152373 0.375 0.2751508 0.2918942 0.6909213 0.2918942 0.5590787 0.1501508 0.5 0.375 0.7667877 0.625 0.7638725 0.625 0.7667877 0.375 0.7638725 0.625 0.7610459 0.625 0.7638725 0.375 0.7610459 0.625 0.7583938 0.625 0.7610459 0.375 0.7583938 0.625 0.7559968 0.625 0.7583938 0.375 0.7559968 0.625 0.7440032 0.625 0.7559968 0.375 0.7440032 0.625 0.7416062 0.625 0.7440032 0.375 0.7416062 0.625 0.7389541 0.625 0.7416062 0.375 0.7389541 0.625 0.7361275 0.625 0.7389541 0.375 0.7361275 0.625 0.7332124 0.625 0.7361275 0.375 0.25 0.4340037 0.3563898 0.375 0.4848614 0.375 0.5151386 0.625 0.5125098 0.625 0.5151386 0.375 0.5125098 0.625 0.5099609 0.625 0.5125098 0.375 0.5099609 0.6250001 0.5075693 0.625 0.5099609 0.375 0.5075693 0.625 0.5054077 0.6250001 0.5075693 0.375 0.5054077 0.625 0.4945923 0.625 0.5054077 0.375 0.4945923 0.625 0.4924307 0.625 0.4945923 0.375 0.4924307 0.625 0.4900391 0.625 0.4924307 0.375 0.4900391 0.625 0.4874902 0.625 0.4900391 0.375 0.4874902 0.625 0.4848614 0.625 0.4874902 0.125 0.75 0.125 0.5 0.2799726 0.6875311 0.5317319 0.4216221 0.5479242 0.25 0.5479242 0.4294893 0.6417877 0.75 0.6388725 0.7497449 0.6291652 0.7435715 0.5479242 0 0.5317318 0.25 0.5317318 0 0.625 0.6875311 0.375 0.7332124 0.375 0.6875311 0.375 0.6909213 0.5757001 0.75 0.5757001 0.6909213 0.5317318 0.8283779 0.4658124 0.8205107 0.5479242 0.8205107 0.8311721 0.5064285 0.875 0.5 0.875 0.5064285 0.8311718 0.7435715 0.875 0.75 0.8311718 0.75 0.375 0.1418117 0.4466748 0.1540827 0.4466748 0.1418117 0.375 0.6540859 0.4466689 0.6418149 0.375 0.6418148 0.375 0.6081882 0.4466748 0.5959172 0.375 0.5959172 0.125 0.6081883 0.375 0.5959172 0.125 0.5959172 0.375 0.1081851 0.4466689 0.09591412 0.375 0.09591412 0.125 0.6540859 0.375 0.6418148 0.125 0.6418148 0.625 0.2696344 0.375 0.4785796 0.375 0.2696344 0.625 0.5214204 0.375 0.7336292 0.375 0.5214204 0.1485382 0.75 0.125 0.7264618 0.1446344 0.5 0.375 0.7663709 0.625 0.7635281 0.625 0.7663709 0.375 0.7635281 0.625 0.7607717 0.625 0.7635281 0.375 0.7607717 0.625 0.7581855 0.625 0.7607717 0.375 0.7581855 0.625 0.7558479 0.625 0.7581855 0.375 0.7558479 0.625 0.7441521 0.625 0.7558479 0.375 0.7441521 0.625 0.7418146 0.625 0.7441521 0.375 0.7418146 0.625 0.7392283 0.625 0.7418146 0.375 0.7392283 0.625 0.7364719 0.625 0.7392283 0.375 0.7364719 0.625 0.7336292 0.625 0.7364719 0.375 0.5214204 0.625 0.5177008 0.625 0.5214204 0.375 0.5177008 0.625 0.5140942 0.625 0.5177008 0.375 0.5140942 0.625 0.5107102 0.625 0.5140942 0.375 0.5107102 0.625 0.5076516 0.625 0.5107102 0.375 0.5076516 0.625 0.4923484 0.625 0.5076516 0.375 0.4923484 0.625 0.4892898 0.625 0.4923484 0.375 0.4892898 0.625 0.4859058 0.625 0.4892898 0.375 0.4859058 0.625 0.4822992 0.625 0.4859058 0.375 0.4822992 0.625 0.4785796 0.625 0.4822992 0.625 0.7663709 0.375 0.9764618 0.375 0.7663709 0.375 0.2696344 0.625 0.2662249 0.625 0.2696344 0.375 0.2662249 0.625 0.262919 0.625 0.2662249 0.375 0.262919 0.625 0.2598172 0.625 0.262919 0.375 0.2598172 0.625 0.2570136 0.625 0.2598172 0.375 0.2570136 0.625 0.2429863 0.625 0.2570136 0.375 0.2429863 0.625 0.2401828 0.625 0.2429863 0.375 0.2401828 0.625 0.2370809 0.625 0.2401828 0.375 0.2370809 0.625 0.233775 0.625 0.2370809 0.375 0.233775 0.625 0.2303656 0.625 0.233775 0.6259874 0.7392284 0.6252487 0.7364719 0.625 0.7336292 0.625 0.9764618 0.375 0.9805492 0.375 0.9764618 0.625 0.9805491 0.375 0.9845123 0.375 0.9805492 0.625 0.9845123 0.375 0.9882309 0.375 0.9845123 0.625 0.9882309 0.375 0.9915919 0.375 0.9882309 0.625 0 0.375 0.008408129 0.375 0 0.625 0.008408129 0.375 0.01176911 0.375 0.008408129 0.625 0.01176911 0.375 0.01548767 0.375 0.01176911 0.625 0.01548767 0.375 0.01945084 0.375 0.01548767 0.625 0.01945084 0.375 0.02353823 0.375 0.01945084 0.625 0.02353823 0.375 0.2303656 0.375 0.02353823 0.6285997 0.7211212 0.6259068 0.7137314 0.6846896 0.75 0.1283927 0.722782 0.1258546 0.7158171 0.181257 0.75 0.375 0.5271937 0.625 0.5224716 0.625 0.5271937 0.375 0.5224716 0.625 0.5178929 0.625 0.5224716 0.375 0.5178928 0.625 0.5135968 0.625 0.5178929 0.375 0.5135968 0.625 0.509714 0.625 0.5135968 0.375 0.5097139 0.625 0.4867893 0.625 0.509714 0.375 0.4867892 0.625 0.4815086 0.625 0.4867893 0.375 0.4815086 0.625 0.4756661 0.625 0.4815086 0.375 0.4756661 0.625 0.4694392 0.625 0.4756661 0.375 0.4694392 0.625 0.4630172 0.625 0.4694392 0.625 0.2941802 0.375 0.4630172 0.375 0.2941802 0.625 0.9437431 0.375 0.953512 0.375 0.943743 0.625 0.953512 0.375 0.962984 0.375 0.953512 0.625 0.9629841 0.375 0.9718715 0.375 0.962984 0.625 0.9718716 0.375 0.9799043 0.375 0.9718715 0.625 0 0.375 0.0147764 0.375 0 0.625 0.0147764 0.375 0.02068299 0.375 0.0147764 0.625 0.02068299 0.375 0.02721798 0.375 0.02068299 0.625 0.02721798 0.375 0.03418284 0.375 0.02721798 0.625 0.03418284 0.375 0.04136598 0.375 0.03418284 0.625 0.8096897 0.375 0.943743 0.375 0.8096895 0.375 0.8096895 0.625 0.7993246 0.625 0.8096897 0.625 0.7993246 0.375 0.7892745 0.625 0.7892745 0.375 0.7892745 0.625 0.7798448 0.625 0.7892745 0.375 0.7798448 0.625 0.7713218 0.625 0.7798448 0.375 0.7713218 0.625 0.734322 0.625 0.7713218 0.375 0.734322 0.625 0.728055 0.625 0.734322 0.375 0.728055 0.625 0.7211213 0.625 0.728055 0.375 0.7211213 0.625 0.7137314 0.625 0.7211213 0.375 0.7137314 0.625 0.70611 0.625 0.7137314 0.625 0.5271937 0.375 0.70611 0.375 0.5271937 0.625 0.2941802 0.375 0.2865085 0.625 0.2865084 0.375 0.2865085 0.625 0.2790697 0.625 0.2865084 0.375 0.2790697 0.625 0.2720901 0.625 0.2790697 0.375 0.2720901 0.625 0.2657817 0.625 0.2720901 0.375 0.2657817 0.625 0.2383956 0.625 0.2657817 0.375 0.2383956 0.625 0.233757 0.625 0.2383956 0.375 0.233757 0.625 0.2286249 0.625 0.233757 0.375 0.2286249 0.625 0.2231552 0.625 0.2286249 0.375 0.2231552 0.625 0.217514 0.625 0.2231552 0.625 0.04136598 0.375 0.217514 0.375 0.04136598 1 1 0.96875 1 0.96875 0.5 0.96875 1 0.9375 1 0.9375 0.5 0.9375 1 0.90625 1 0.90625 0.5 0.90625 1 0.875 1 0.875 0.5 0.875 1 0.84375 1 0.84375 0.5 0.84375 1 0.8125 1 0.8125 0.5 0.8125 1 0.78125 1 0.78125 0.5 0.78125 1 0.75 1 0.75 0.5 0.75 1 0.71875 1 0.71875 0.5 0.71875 1 0.6875 1 0.6875 0.5 0.6875 1 0.65625 1 0.65625 0.5 0.65625 1 0.625 1 0.625 0.5 0.625 1 0.59375 1 0.59375 0.5 0.59375 1 0.5625 1 0.5625 0.5 0.5625 1 0.53125 1 0.53125 0.5 0.53125 1 0.5 1 0.5 0.5 0.5 1 0.46875 1 0.46875 0.5 0.46875 1 0.4375 1 0.4375 0.5 0.4375 1 0.40625 1 0.40625 0.5 0.40625 1 0.375 1 0.375 0.5 0.375 1 0.34375 1 0.34375 0.5 0.34375 1 0.3125 1 0.3125 0.5 0.3125 1 0.28125 1 0.28125 0.5 0.28125 1 0.25 1 0.25 0.5 0.25 1 0.21875 1 0.21875 0.5 0.21875 1 0.1875 1 0.1875 0.5 0.1875 1 0.15625 1 0.15625 0.5 0.15625 1 0.125 1 0.125 0.5 0.125 1 0.09375 1 0.09375 0.5 0.09375 1 0.0625 1 0.0625 0.5 0.341844 0.4717311 0.2968217 0.4853885 0.1581559 0.4717311 0.2968217 0.4853885 0.25 0.49 0.1581559 0.4717311 0.25 0.49 0.2031783 0.4853885 0.1581559 0.4717311 0.1581559 0.4717311 0.1166631 0.4495527 0.08029431 0.4197056 0.08029431 0.4197056 0.05044722 0.3833368 0.1581559 0.4717311 0.05044722 0.3833368 0.02826893 0.341844 0.1581559 0.4717311 0.02826893 0.341844 0.01461154 0.2968217 0.00999999 0.25 0.00999999 0.25 0.01461154 0.2031783 0.02826887 0.1581559 0.02826887 0.1581559 0.05044728 0.116663 0.08029437 0.08029437 0.08029437 0.08029437 0.1166631 0.05044728 0.1581559 0.02826887 0.1581559 0.02826887 0.2031783 0.01461148 0.25 0.00999999 0.25 0.00999999 0.2968217 0.01461148 0.341844 0.02826887 0.341844 0.02826887 0.3833369 0.05044728 0.4197056 0.08029437 0.4197056 0.08029437 0.4495527 0.1166631 0.4717311 0.1581559 0.4717311 0.1581559 0.4853885 0.2031783 0.49 0.25 0.49 0.25 0.4853885 0.2968217 0.4717311 0.341844 0.4717311 0.341844 0.4495527 0.3833369 0.4197056 0.4197056 0.4197056 0.4197056 0.3833369 0.4495527 0.341844 0.4717311 0.02826893 0.341844 0.00999999 0.25 0.1581559 0.02826887 0.00999999 0.25 0.02826887 0.1581559 0.1581559 0.02826887 0.02826887 0.1581559 0.08029437 0.08029437 0.1581559 0.02826887 0.1581559 0.02826887 0.25 0.00999999 0.341844 0.02826887 0.341844 0.02826887 0.4197056 0.08029437 0.1581559 0.02826887 0.4197056 0.08029437 0.4717311 0.1581559 0.1581559 0.02826887 0.4717311 0.1581559 0.49 0.25 0.341844 0.4717311 0.49 0.25 0.4717311 0.341844 0.341844 0.4717311 0.4717311 0.341844 0.4197056 0.4197056 0.341844 0.4717311 0.341844 0.4717311 0.1581559 0.4717311 0.02826893 0.341844 0.341844 0.4717311 0.02826893 0.341844 0.4717311 0.1581559 0.0625 1 0.03125 1 0.03125 0.5 0.03125 1 0 1 0 0.5 0.7031784 0.4853885 0.75 0.49 0.7968217 0.4853885 0.7968217 0.4853885 0.841844 0.4717311 0.8833369 0.4495527 0.8833369 0.4495527 0.9197056 0.4197056 0.9495527 0.3833369 0.9495527 0.3833369 0.9717311 0.341844 0.9853885 0.2968217 0.9853885 0.2968217 0.99 0.25 0.9853885 0.2031783 0.9853885 0.2031783 0.9717311 0.1581559 0.9495527 0.1166631 0.9495527 0.1166631 0.9197056 0.08029437 0.8833369 0.05044728 0.8833369 0.05044728 0.841844 0.02826887 0.7968217 0.01461148 0.7968217 0.01461148 0.75 0.00999999 0.7031784 0.01461148 0.7031784 0.01461148 0.658156 0.02826887 0.6166631 0.05044728 0.6166631 0.05044728 0.5802944 0.08029437 0.5504474 0.116663 0.5504474 0.116663 0.5282689 0.1581559 0.5146116 0.2031783 0.5146116 0.2031783 0.51 0.25 0.5146116 0.2968217 0.5146116 0.2968217 0.5282689 0.341844 0.5146116 0.2031783 0.5282689 0.341844 0.5504473 0.3833368 0.5146116 0.2031783 0.5504473 0.3833368 0.5802944 0.4197056 0.7031784 0.4853885 0.5802944 0.4197056 0.6166631 0.4495527 0.7031784 0.4853885 0.6166631 0.4495527 0.658156 0.4717311 0.7031784 0.4853885 0.7031784 0.4853885 0.7968217 0.4853885 0.9853885 0.2968217 0.7968217 0.4853885 0.8833369 0.4495527 0.9853885 0.2968217 0.8833369 0.4495527 0.9495527 0.3833369 0.9853885 0.2968217 0.9853885 0.2968217 0.9853885 0.2031783 0.9495527 0.1166631 0.9495527 0.1166631 0.8833369 0.05044728 0.9853885 0.2968217 0.8833369 0.05044728 0.7968217 0.01461148 0.9853885 0.2968217 0.7968217 0.01461148 0.7031784 0.01461148 0.5146116 0.2031783 0.7031784 0.01461148 0.6166631 0.05044728 0.5146116 0.2031783 0.6166631 0.05044728 0.5504474 0.116663 0.5146116 0.2031783 0.5146116 0.2031783 0.5504473 0.3833368 0.7031784 0.4853885 0.7031784 0.4853885 0.9853885 0.2968217 0.5146116 0.2031783 1 1 0.96875 1 0.96875 0.5 0.96875 1 0.9375 1 0.9375 0.5 0.9375 1 0.90625 1 0.90625 0.5 0.90625 1 0.875 1 0.875 0.5 0.875 1 0.84375 1 0.84375 0.5 0.84375 1 0.8125 1 0.8125 0.5 0.8125 1 0.78125 1 0.78125 0.5 0.78125 1 0.75 1 0.75 0.5 0.75 1 0.71875 1 0.71875 0.5 0.71875 1 0.6875 1 0.6875 0.5 0.6875 1 0.65625 1 0.65625 0.5 0.65625 1 0.625 1 0.625 0.5 0.625 1 0.59375 1 0.59375 0.5 0.59375 1 0.5625 1 0.5625 0.5 0.5625 1 0.53125 1 0.53125 0.5 0.53125 1 0.5 1 0.5 0.5 0.5 1 0.46875 1 0.46875 0.5 0.46875 1 0.4375 1 0.4375 0.5 0.4375 1 0.40625 1 0.40625 0.5 0.40625 1 0.375 1 0.375 0.5 0.375 1 0.34375 1 0.34375 0.5 0.34375 1 0.3125 1 0.3125 0.5 0.3125 1 0.28125 1 0.28125 0.5 0.28125 1 0.25 1 0.25 0.5 0.25 1 0.21875 1 0.21875 0.5 0.21875 1 0.1875 1 0.1875 0.5 0.1875 1 0.15625 1 0.15625 0.5 0.15625 1 0.125 1 0.125 0.5 0.125 1 0.09375 1 0.09375 0.5 0.09375 1 0.0625 1 0.0625 0.5 0.341844 0.4717311 0.2968217 0.4853885 0.1581559 0.02826887 0.2968217 0.4853885 0.25 0.49 0.1581559 0.02826887 0.25 0.49 0.2031783 0.4853885 0.1581559 0.02826887 0.2031783 0.4853885 0.1581559 0.4717311 0.1581559 0.02826887 0.1581559 0.4717311 0.1166631 0.4495527 0.1581559 0.02826887 0.1166631 0.4495527 0.08029431 0.4197056 0.1581559 0.02826887 0.08029431 0.4197056 0.05044722 0.3833368 0.02826893 0.341844 0.02826893 0.341844 0.01461154 0.2968217 0.00999999 0.25 0.00999999 0.25 0.01461154 0.2031783 0.02826893 0.341844 0.01461154 0.2031783 0.02826887 0.1581559 0.02826893 0.341844 0.02826887 0.1581559 0.05044728 0.116663 0.02826893 0.341844 0.05044728 0.116663 0.08029437 0.08029437 0.02826893 0.341844 0.08029437 0.08029437 0.1166631 0.05044728 0.08029431 0.4197056 0.1166631 0.05044728 0.1581559 0.02826887 0.08029431 0.4197056 0.1581559 0.02826887 0.2031783 0.01461148 0.341844 0.4717311 0.2031783 0.01461148 0.25 0.00999999 0.341844 0.4717311 0.25 0.00999999 0.2968217 0.01461148 0.341844 0.4717311 0.2968217 0.01461148 0.341844 0.02826887 0.341844 0.4717311 0.341844 0.02826887 0.3833369 0.05044728 0.341844 0.4717311 0.3833369 0.05044728 0.4197056 0.08029437 0.341844 0.4717311 0.4197056 0.08029437 0.4495527 0.1166631 0.4717311 0.1581559 0.4717311 0.1581559 0.4853885 0.2031783 0.4717311 0.341844 0.4853885 0.2031783 0.49 0.25 0.4717311 0.341844 0.49 0.25 0.4853885 0.2968217 0.4717311 0.341844 0.4717311 0.341844 0.4495527 0.3833369 0.4717311 0.1581559 0.4495527 0.3833369 0.4197056 0.4197056 0.4717311 0.1581559 0.4197056 0.4197056 0.3833369 0.4495527 0.4197056 0.08029437 0.3833369 0.4495527 0.341844 0.4717311 0.4197056 0.08029437 0.08029431 0.4197056 0.02826893 0.341844 0.08029437 0.08029437 0.0625 1 0.03125 1 0.03125 0.5 0.03125 1 0 1 0 0.5 0.7031784 0.4853885 0.75 0.49 0.7968217 0.01461148 0.75 0.49 0.7968217 0.4853885 0.7968217 0.01461148 0.7968217 0.4853885 0.841844 0.4717311 0.7968217 0.01461148 0.841844 0.4717311 0.8833369 0.4495527 0.7968217 0.01461148 0.8833369 0.4495527 0.9197056 0.4197056 0.9495527 0.1166631 0.9197056 0.4197056 0.9495527 0.3833369 0.9495527 0.1166631 0.9495527 0.3833369 0.9717311 0.341844 0.9853885 0.2968217 0.9853885 0.2968217 0.99 0.25 0.9853885 0.2031783 0.9853885 0.2031783 0.9717311 0.1581559 0.9853885 0.2968217 0.9717311 0.1581559 0.9495527 0.1166631 0.9853885 0.2968217 0.9495527 0.1166631 0.9197056 0.08029437 0.8833369 0.4495527 0.9197056 0.08029437 0.8833369 0.05044728 0.8833369 0.4495527 0.8833369 0.05044728 0.841844 0.02826887 0.8833369 0.4495527 0.841844 0.02826887 0.7968217 0.01461148 0.8833369 0.4495527 0.7968217 0.01461148 0.75 0.00999999 0.7031784 0.4853885 0.75 0.00999999 0.7031784 0.01461148 0.7031784 0.4853885 0.7031784 0.01461148 0.658156 0.02826887 0.7031784 0.4853885 0.658156 0.02826887 0.6166631 0.05044728 0.7031784 0.4853885 0.6166631 0.05044728 0.5802944 0.08029437 0.5504473 0.3833368 0.5802944 0.08029437 0.5504474 0.116663 0.5504473 0.3833368 0.5504474 0.116663 0.5282689 0.1581559 0.5146116 0.2031783 0.5146116 0.2031783 0.51 0.25 0.5146116 0.2968217 0.5146116 0.2968217 0.5282689 0.341844 0.5146116 0.2031783 0.5282689 0.341844 0.5504473 0.3833368 0.5146116 0.2031783 0.5504473 0.3833368 0.5802944 0.4197056 0.6166631 0.05044728 0.5802944 0.4197056 0.6166631 0.4495527 0.6166631 0.05044728 0.6166631 0.4495527 0.658156 0.4717311 0.6166631 0.05044728 0.658156 0.4717311 0.7031784 0.4853885 0.6166631 0.05044728 0.9495527 0.3833369 0.9853885 0.2968217 0.9495527 0.1166631 1 1 0.96875 1 0.96875 0.5 0.96875 1 0.9375 1 0.9375 0.5 0.9375 1 0.90625 1 0.90625 0.5 0.90625 1 0.875 1 0.875 0.5 0.875 1 0.84375 1 0.84375 0.5 0.84375 1 0.8125 1 0.8125 0.5 0.8125 1 0.78125 1 0.78125 0.5 0.78125 1 0.75 1 0.75 0.5 0.75 1 0.71875 1 0.71875 0.5 0.71875 1 0.6875 1 0.6875 0.5 0.6875 1 0.65625 1 0.65625 0.5 0.65625 1 0.625 1 0.625 0.5 0.625 1 0.59375 1 0.59375 0.5 0.59375 1 0.5625 1 0.5625 0.5 0.5625 1 0.53125 1 0.53125 0.5 0.53125 1 0.5 1 0.5 0.5 0.5 1 0.46875 1 0.46875 0.5 0.46875 1 0.4375 1 0.4375 0.5 0.4375 1 0.40625 1 0.40625 0.5 0.40625 1 0.375 1 0.375 0.5 0.375 1 0.34375 1 0.34375 0.5 0.34375 1 0.3125 1 0.3125 0.5 0.3125 1 0.28125 1 0.28125 0.5 0.28125 1 0.25 1 0.25 0.5 0.25 1 0.21875 1 0.21875 0.5 0.21875 1 0.1875 1 0.1875 0.5 0.1875 1 0.15625 1 0.15625 0.5 0.15625 1 0.125 1 0.125 0.5 0.125 1 0.09375 1 0.09375 0.5 0.09375 1 0.0625 1 0.0625 0.5 0.341844 0.4717311 0.2968217 0.4853885 0.25 0.49 0.25 0.49 0.2031783 0.4853885 0.1581559 0.4717311 0.1581559 0.4717311 0.1166631 0.4495527 0.08029431 0.4197056 0.08029431 0.4197056 0.05044722 0.3833368 0.02826893 0.341844 0.02826893 0.341844 0.01461154 0.2968217 0.00999999 0.25 0.00999999 0.25 0.01461154 0.2031783 0.02826893 0.341844 0.01461154 0.2031783 0.02826887 0.1581559 0.02826893 0.341844 0.02826887 0.1581559 0.05044728 0.116663 0.1581559 0.02826887 0.05044728 0.116663 0.08029437 0.08029437 0.1581559 0.02826887 0.08029437 0.08029437 0.1166631 0.05044728 0.1581559 0.02826887 0.1581559 0.02826887 0.2031783 0.01461148 0.25 0.00999999 0.25 0.00999999 0.2968217 0.01461148 0.341844 0.02826887 0.341844 0.02826887 0.3833369 0.05044728 0.4197056 0.08029437 0.4197056 0.08029437 0.4495527 0.1166631 0.341844 0.02826887 0.4495527 0.1166631 0.4717311 0.1581559 0.341844 0.02826887 0.4717311 0.1581559 0.4853885 0.2031783 0.49 0.25 0.49 0.25 0.4853885 0.2968217 0.4717311 0.1581559 0.4853885 0.2968217 0.4717311 0.341844 0.4717311 0.1581559 0.4717311 0.341844 0.4495527 0.3833369 0.4197056 0.4197056 0.4197056 0.4197056 0.3833369 0.4495527 0.4717311 0.341844 0.3833369 0.4495527 0.341844 0.4717311 0.4717311 0.341844 0.341844 0.4717311 0.25 0.49 0.02826893 0.341844 0.25 0.49 0.1581559 0.4717311 0.02826893 0.341844 0.1581559 0.4717311 0.08029431 0.4197056 0.02826893 0.341844 0.1581559 0.02826887 0.25 0.00999999 0.4717311 0.1581559 0.25 0.00999999 0.341844 0.02826887 0.4717311 0.1581559 0.02826893 0.341844 0.02826887 0.1581559 0.1581559 0.02826887 0.4717311 0.1581559 0.4717311 0.341844 0.341844 0.4717311 0.341844 0.4717311 0.02826893 0.341844 0.4717311 0.1581559 0.0625 1 0.03125 1 0.03125 0.5 0.03125 1 0 1 0 0.5 0.7031784 0.4853885 0.75 0.49 0.8833369 0.4495527 0.75 0.49 0.7968217 0.4853885 0.8833369 0.4495527 0.7968217 0.4853885 0.841844 0.4717311 0.8833369 0.4495527 0.8833369 0.4495527 0.9197056 0.4197056 0.9495527 0.3833369 0.9495527 0.3833369 0.9717311 0.341844 0.9853885 0.2968217 0.9853885 0.2968217 0.99 0.25 0.9853885 0.2031783 0.9853885 0.2031783 0.9717311 0.1581559 0.9495527 0.1166631 0.9495527 0.1166631 0.9197056 0.08029437 0.8833369 0.05044728 0.8833369 0.05044728 0.841844 0.02826887 0.9495527 0.1166631 0.841844 0.02826887 0.7968217 0.01461148 0.9495527 0.1166631 0.7968217 0.01461148 0.75 0.00999999 0.6166631 0.05044728 0.75 0.00999999 0.7031784 0.01461148 0.6166631 0.05044728 0.7031784 0.01461148 0.658156 0.02826887 0.6166631 0.05044728 0.6166631 0.05044728 0.5802944 0.08029437 0.5504474 0.116663 0.5504474 0.116663 0.5282689 0.1581559 0.5146116 0.2031783 0.5146116 0.2031783 0.51 0.25 0.5146116 0.2968217 0.5146116 0.2968217 0.5282689 0.341844 0.5146116 0.2031783 0.5282689 0.341844 0.5504473 0.3833368 0.5146116 0.2031783 0.5504473 0.3833368 0.5802944 0.4197056 0.7031784 0.4853885 0.5802944 0.4197056 0.6166631 0.4495527 0.7031784 0.4853885 0.6166631 0.4495527 0.658156 0.4717311 0.7031784 0.4853885 0.8833369 0.4495527 0.9495527 0.3833369 0.7031784 0.4853885 0.9495527 0.3833369 0.9853885 0.2968217 0.7031784 0.4853885 0.9853885 0.2968217 0.9853885 0.2031783 0.9495527 0.1166631 0.6166631 0.05044728 0.5504474 0.116663 0.5146116 0.2031783 0.9853885 0.2968217 0.9495527 0.1166631 0.7031784 0.4853885 0.9495527 0.1166631 0.7968217 0.01461148 0.7031784 0.4853885 0.7968217 0.01461148 0.6166631 0.05044728 0.5146116 0.2031783 0.5146116 0.2031783 0.5504473 0.3833368 0.7968217 0.01461148 1 1 0.96875 1 0.96875 0.5 0.96875 1 0.9375 1 0.9375 0.5 0.9375 1 0.90625 1 0.90625 0.5 0.90625 1 0.875 1 0.875 0.5 0.875 1 0.84375 1 0.84375 0.5 0.84375 1 0.8125 1 0.8125 0.5 0.8125 1 0.78125 1 0.78125 0.5 0.75 0.5 0.78125 0.5 0.7713688 0.9621264 0.78125 0.5 0.78125 1 0.7713688 0.9621264 0.78125 1 0.7713688 1 0.7713688 0.9621264 0.75 0.9621265 0.71875 0.9621265 0.71875 0.5 0.6875 0.5 0.71875 0.5 0.7082655 0.9621265 0.71875 0.5 0.71875 0.9621265 0.7082655 0.9621265 0.7082655 0.9621265 0.7082655 1 0.6875 1 0.6875 1 0.65625 1 0.65625 0.5 0.65625 1 0.625 1 0.625 0.5 0.625 1 0.59375 1 0.59375 0.5 0.59375 1 0.5625 1 0.5625 0.5 0.5625 1 0.53125 1 0.53125 0.5 0.53125 1 0.5 1 0.5 0.5 0.5 1 0.46875 1 0.46875 0.5 0.46875 1 0.4375 1 0.4375 0.5 0.4375 1 0.40625 1 0.40625 0.5 0.40625 1 0.375 1 0.375 0.5 0.375 1 0.34375 1 0.34375 0.5 0.34375 1 0.3125 1 0.3125 0.5 0.28125 0.5 0.3125 0.5 0.2917345 0.9621264 0.3125 0.5 0.3125 1 0.2917345 0.9621264 0.3125 1 0.2917345 1 0.2917345 0.9621264 0.28125 0.9621265 0.25 0.9621265 0.25 0.5 0.21875 0.5 0.25 0.5 0.2286313 0.9621265 0.25 0.5 0.25 0.9621265 0.2286313 0.9621265 0.2286313 0.9621265 0.2286313 1 0.21875 1 0.21875 1 0.1875 1 0.1875 0.5 0.1875 1 0.15625 1 0.15625 0.5 0.15625 1 0.125 1 0.125 0.5 0.125 1 0.09375 1 0.09375 0.5 0.09375 1 0.0625 1 0.0625 0.5 0.341844 0.4717311 0.2968217 0.4853885 0.4868466 0.2820166 0.2968217 0.4853885 0.25 0.49 0.4868466 0.2820166 0.25 0.49 0.2031783 0.4853885 0.01315331 0.2820166 0.2031783 0.4853885 0.1581559 0.4717311 0.01315331 0.2820166 0.1581559 0.4717311 0.1166631 0.4495527 0.01315331 0.2820166 0.1166631 0.4495527 0.08029431 0.4197056 0.01315331 0.2820166 0.08029431 0.4197056 0.05044722 0.3833368 0.01315331 0.2820166 0.05044722 0.3833368 0.02826893 0.341844 0.01315331 0.2820166 0.02826893 0.341844 0.01461154 0.2968217 0.01315331 0.2820166 0.01315331 0.2820166 0.4868466 0.2820166 0.25 0.49 0.4868466 0.2820166 0.4853885 0.2968217 0.4717311 0.341844 0.4495527 0.3833369 0.4868466 0.2820166 0.4717311 0.341844 0.4495527 0.3833369 0.4197056 0.4197056 0.4868466 0.2820166 0.4197056 0.4197056 0.3833369 0.4495527 0.4868466 0.2820166 0.0625 1 0.03125 1 0.03125 0.5 0.03125 1 0 1 0 0.5 0.7031784 0.4853885 0.75 0.49 0.75 0.00999999 0.75 0.49 0.7968217 0.4853885 0.7968217 0.01461148 0.7968217 0.4853885 0.841844 0.4717311 0.7968217 0.01461148 0.841844 0.4717311 0.8833369 0.4495527 0.841844 0.02826887 0.7968217 0.01461148 0.841844 0.4717311 0.841844 0.02826887 0.8833369 0.4495527 0.9197056 0.4197056 0.9197056 0.08029437 0.9197056 0.4197056 0.9495527 0.3833369 0.9495527 0.1166631 0.9495527 0.3833369 0.9717311 0.341844 0.9495527 0.1166631 0.9717311 0.341844 0.9853885 0.2968217 0.9717311 0.1581559 0.9495527 0.1166631 0.9717311 0.341844 0.9717311 0.1581559 0.9853885 0.2968217 0.99 0.25 0.9853885 0.2031783 0.9853885 0.2031783 0.9717311 0.1581559 0.9853885 0.2968217 0.9495527 0.1166631 0.9197056 0.08029437 0.9197056 0.4197056 0.9197056 0.08029437 0.8833369 0.05044728 0.8833369 0.4495527 0.8833369 0.05044728 0.841844 0.02826887 0.8833369 0.4495527 0.7968217 0.01461148 0.75 0.00999999 0.75 0.49 0.75 0.00999999 0.7031784 0.01461148 0.7031784 0.4853885 0.7031784 0.01461148 0.658156 0.02826887 0.7031784 0.4853885 0.658156 0.02826887 0.6166631 0.05044728 0.658156 0.4717311 0.7031784 0.4853885 0.658156 0.02826887 0.658156 0.4717311 0.6166631 0.05044728 0.5802944 0.08029437 0.5802944 0.4197056 0.5802944 0.08029437 0.5504474 0.116663 0.5504473 0.3833368 0.5504474 0.116663 0.5282689 0.1581559 0.5504473 0.3833368 0.5282689 0.1581559 0.5146116 0.2031783 0.5282689 0.341844 0.5504473 0.3833368 0.5282689 0.1581559 0.5282689 0.341844 0.5146116 0.2031783 0.51 0.25 0.5146116 0.2968217 0.5146116 0.2968217 0.5282689 0.341844 0.5146116 0.2031783 0.5504473 0.3833368 0.5802944 0.4197056 0.5802944 0.08029437 0.5802944 0.4197056 0.6166631 0.4495527 0.6166631 0.05044728 1 1 0.96875 1 0.96875 0.5 0.96875 1 0.9375 1 0.9375 0.5 0.9375 1 0.90625 1 0.90625 0.5 0.90625 1 0.875 1 0.875 0.5 0.875 1 0.84375 1 0.84375 0.5 0.84375 1 0.8125 1 0.8125 0.5 0.8125 1 0.78125 1 0.78125 0.5 0.75 0.5 0.78125 0.5 0.7683251 0.9690346 0.78125 0.5 0.78125 1 0.7683251 0.9690346 0.78125 1 0.7683252 1 0.7683251 0.9690346 0.75 0.9690346 0.71875 0.9690346 0.71875 0.5 0.6875 0.5 0.71875 0.5 0.7051007 0.9690346 0.71875 0.5 0.71875 0.9690346 0.7051007 0.9690346 0.7051007 0.9690346 0.7051007 1 0.6875 1 0.6875 1 0.65625 1 0.65625 0.5 0.65625 1 0.625 1 0.625 0.5 0.625 1 0.59375 1 0.59375 0.5 0.59375 1 0.5625 1 0.5625 0.5 0.5625 1 0.53125 1 0.53125 0.5 0.53125 1 0.5 1 0.5 0.5 0.5 1 0.46875 1 0.46875 0.5 0.46875 1 0.4375 1 0.4375 0.5 0.4375 1 0.40625 1 0.40625 0.5 0.40625 1 0.375 1 0.375 0.5 0.375 1 0.34375 1 0.34375 0.5 0.34375 1 0.3125 1 0.3125 0.5 0.28125 0.5 0.3125 0.5 0.2948992 0.9690346 0.3125 0.5 0.3125 1 0.2948992 0.9690346 0.3125 1 0.2948993 1 0.2948992 0.9690346 0.28125 0.9690346 0.25 0.9690346 0.25 0.5 0.21875 0.5 0.25 0.5 0.2316747 0.9690346 0.25 0.5 0.25 0.9690346 0.2316747 0.9690346 0.2316747 0.9690346 0.2316747 1 0.21875 1 0.21875 1 0.1875 1 0.1875 0.5 0.1875 1 0.15625 1 0.15625 0.5 0.15625 1 0.125 1 0.125 0.5 0.125 1 0.09375 1 0.09375 0.5 0.09375 1 0.0625 1 0.0625 0.5 0.341844 0.4717311 0.2968217 0.4853885 0.4872958 0.2774565 0.2968217 0.4853885 0.25 0.49 0.4872958 0.2774565 0.25 0.49 0.2031783 0.4853885 0.01270419 0.2774565 0.2031783 0.4853885 0.1581559 0.4717311 0.01270419 0.2774565 0.1581559 0.4717311 0.1166631 0.4495527 0.01270419 0.2774565 0.1166631 0.4495527 0.08029431 0.4197056 0.01270419 0.2774565 0.08029431 0.4197056 0.05044722 0.3833368 0.01270419 0.2774565 0.05044722 0.3833368 0.02826893 0.341844 0.01270419 0.2774565 0.02826893 0.341844 0.01461154 0.2968217 0.01270419 0.2774565 0.01270419 0.2774565 0.4872958 0.2774565 0.25 0.49 0.4872958 0.2774565 0.4853885 0.2968217 0.4717311 0.341844 0.4495527 0.3833369 0.4872958 0.2774565 0.4717311 0.341844 0.4495527 0.3833369 0.4197056 0.4197056 0.4872958 0.2774565 0.4197056 0.4197056 0.3833369 0.4495527 0.4872958 0.2774565 0.0625 1 0.03125 1 0.03125 0.5 0.03125 1 0 1 0 0.5 0.7031784 0.4853885 0.75 0.49 0.75 0.00999999 0.75 0.49 0.7968217 0.4853885 0.7968217 0.01461148 0.7968217 0.4853885 0.841844 0.4717311 0.7968217 0.01461148 0.841844 0.4717311 0.8833369 0.4495527 0.841844 0.02826887 0.7968217 0.01461148 0.841844 0.4717311 0.841844 0.02826887 0.8833369 0.4495527 0.9197056 0.4197056 0.9197056 0.08029437 0.9197056 0.4197056 0.9495527 0.3833369 0.9495527 0.1166631 0.9495527 0.3833369 0.9717311 0.341844 0.9495527 0.1166631 0.9717311 0.341844 0.9853885 0.2968217 0.9717311 0.1581559 0.9495527 0.1166631 0.9717311 0.341844 0.9717311 0.1581559 0.9853885 0.2968217 0.99 0.25 0.9853885 0.2031783 0.9853885 0.2031783 0.9717311 0.1581559 0.9853885 0.2968217 0.9495527 0.1166631 0.9197056 0.08029437 0.9197056 0.4197056 0.9197056 0.08029437 0.8833369 0.05044728 0.8833369 0.4495527 0.8833369 0.05044728 0.841844 0.02826887 0.8833369 0.4495527 0.7968217 0.01461148 0.75 0.00999999 0.75 0.49 0.75 0.00999999 0.7031784 0.01461148 0.7031784 0.4853885 0.7031784 0.01461148 0.658156 0.02826887 0.7031784 0.4853885 0.658156 0.02826887 0.6166631 0.05044728 0.658156 0.4717311 0.7031784 0.4853885 0.658156 0.02826887 0.658156 0.4717311 0.6166631 0.05044728 0.5802944 0.08029437 0.5802944 0.4197056 0.5802944 0.08029437 0.5504474 0.116663 0.5504473 0.3833368 0.5504474 0.116663 0.5282689 0.1581559 0.5504473 0.3833368 0.5282689 0.1581559 0.5146116 0.2031783 0.5282689 0.341844 0.5504473 0.3833368 0.5282689 0.1581559 0.5282689 0.341844 0.5146116 0.2031783 0.51 0.25 0.5146116 0.2968217 0.5146116 0.2968217 0.5282689 0.341844 0.5146116 0.2031783 0.5504473 0.3833368 0.5802944 0.4197056 0.5802944 0.08029437 0.5802944 0.4197056 0.6166631 0.4495527 0.6166631 0.05044728 1 1 0.96875 1 0.96875 0.5 0.96875 1 0.9375 1 0.9375 0.5 0.9375 1 0.90625 1 0.90625 0.5 0.90625 1 0.875 1 0.875 0.5 0.875 1 0.84375 1 0.84375 0.5 0.84375 1 0.8125 1 0.8125 0.5 0.78125 0.5 0.8125 0.5 0.7843973 0.9515144 0.8125 0.5 0.8125 1 0.7843973 0.9515144 0.8125 1 0.7843971 1 0.7843973 0.9515144 0.78125 0.9515144 0.75 0.9515144 0.75 0.5 0.71875 0.5 0.75 0.5 0.7215768 0.9515144 0.75 0.5 0.75 0.9515144 0.7215768 0.9515144 0.7215768 0.9515144 0.7215763 1 0.71875 1 0.71875 1 0.6875 1 0.6875 0.5 0.6875 1 0.65625 1 0.65625 0.5 0.65625 1 0.625 1 0.625 0.5 0.625 1 0.59375 1 0.59375 0.5 0.59375 1 0.5625 1 0.5625 0.5 0.5625 1 0.53125 1 0.53125 0.5 0.53125 1 0.5 1 0.5 0.5 0.5 1 0.46875 1 0.46875 0.5 0.46875 1 0.4375 1 0.4375 0.5 0.4375 1 0.40625 1 0.40625 0.5 0.40625 1 0.375 1 0.375 0.5 0.375 1 0.34375 1 0.34375 0.5 0.34375 1 0.3125 1 0.3125 0.5 0.3125 1 0.28125 1 0.28125 0.5 0.28125 0.5 0.28125 1 0.2784236 0.9515144 0.28125 1 0.2784236 1 0.2784236 0.9515144 0.2784236 0.9515144 0.25 0.9515144 0.25 0.5 0.25 0.9515144 0.21875 0.9515144 0.21875 0.5 0.1875 0.5 0.21875 0.5 0.215603 0.9515144 0.21875 0.5 0.21875 0.9515144 0.215603 0.9515144 0.215603 0.9515144 0.2156029 1 0.1875 1 0.1875 1 0.15625 1 0.15625 0.5 0.15625 1 0.125 1 0.125 0.5 0.125 1 0.09375 1 0.09375 0.5 0.09375 1 0.0625 1 0.0625 0.5 0.341844 0.4717311 0.2968217 0.4853885 0.484013 0.3013558 0.2968217 0.4853885 0.25 0.49 0.484013 0.3013558 0.25 0.49 0.2031783 0.4853885 0.01598691 0.3013558 0.2031783 0.4853885 0.1581559 0.4717311 0.01598691 0.3013558 0.1581559 0.4717311 0.1166631 0.4495527 0.01598691 0.3013558 0.1166631 0.4495527 0.08029431 0.4197056 0.01598691 0.3013558 0.08029431 0.4197056 0.05044722 0.3833368 0.01598691 0.3013558 0.05044722 0.3833368 0.02826893 0.341844 0.01598691 0.3013558 0.01598691 0.3013558 0.484013 0.3013558 0.25 0.49 0.484013 0.3013558 0.4717311 0.341844 0.4495527 0.3833369 0.4495527 0.3833369 0.4197056 0.4197056 0.484013 0.3013558 0.4197056 0.4197056 0.3833369 0.4495527 0.484013 0.3013558 0.0625 1 0.03125 1 0.03125 0.5 0.03125 1 0 1 0 0.5 0.7031784 0.4853885 0.75 0.49 0.75 0.00999999 0.75 0.49 0.7968217 0.4853885 0.7968217 0.01461148 0.7968217 0.4853885 0.841844 0.4717311 0.7968217 0.01461148 0.841844 0.4717311 0.8833369 0.4495527 0.841844 0.02826887 0.7968217 0.01461148 0.841844 0.4717311 0.841844 0.02826887 0.8833369 0.4495527 0.9197056 0.4197056 0.9197056 0.08029437 0.9197056 0.4197056 0.9495527 0.3833369 0.9495527 0.1166631 0.9495527 0.3833369 0.9717311 0.341844 0.9495527 0.1166631 0.9717311 0.341844 0.9853885 0.2968217 0.9717311 0.1581559 0.9495527 0.1166631 0.9717311 0.341844 0.9717311 0.1581559 0.9853885 0.2968217 0.99 0.25 0.9853885 0.2031783 0.9853885 0.2031783 0.9717311 0.1581559 0.9853885 0.2968217 0.9495527 0.1166631 0.9197056 0.08029437 0.9197056 0.4197056 0.9197056 0.08029437 0.8833369 0.05044728 0.8833369 0.4495527 0.8833369 0.05044728 0.841844 0.02826887 0.8833369 0.4495527 0.7968217 0.01461148 0.75 0.00999999 0.75 0.49 0.75 0.00999999 0.7031784 0.01461148 0.7031784 0.4853885 0.7031784 0.01461148 0.658156 0.02826887 0.7031784 0.4853885 0.658156 0.02826887 0.6166631 0.05044728 0.658156 0.4717311 0.7031784 0.4853885 0.658156 0.02826887 0.658156 0.4717311 0.6166631 0.05044728 0.5802944 0.08029437 0.5802944 0.4197056 0.5802944 0.08029437 0.5504474 0.116663 0.5504473 0.3833368 0.5504474 0.116663 0.5282689 0.1581559 0.5504473 0.3833368 0.5282689 0.1581559 0.5146116 0.2031783 0.5282689 0.341844 0.5504473 0.3833368 0.5282689 0.1581559 0.5282689 0.341844 0.5146116 0.2031783 0.51 0.25 0.5146116 0.2968217 0.5146116 0.2968217 0.5282689 0.341844 0.5146116 0.2031783 0.5504473 0.3833368 0.5802944 0.4197056 0.5802944 0.08029437 0.5802944 0.4197056 0.6166631 0.4495527 0.6166631 0.05044728 1 1 0.96875 1 0.96875 0.5 0.96875 1 0.9375 1 0.9375 0.5 0.9375 1 0.90625 1 0.90625 0.5 0.90625 1 0.875 1 0.875 0.5 0.875 1 0.84375 1 0.84375 0.5 0.84375 1 0.8125 1 0.8125 0.5 0.78125 0.5 0.8125 0.5 0.7994034 0.9653213 0.8125 0.5 0.8125 1 0.7994034 0.9653213 0.8125 1 0.7994033 1 0.7994034 0.9653213 0.78125 0.9653212 0.75 0.9653212 0.75 0.5 0.71875 0.5 0.75 0.5 0.7360054 0.9653212 0.75 0.5 0.75 0.9653212 0.7360054 0.9653212 0.7360054 0.9653212 0.7360054 1 0.71875 1 0.71875 1 0.6875 1 0.6875 0.5 0.6875 1 0.65625 1 0.65625 0.5 0.65625 1 0.625 1 0.625 0.5 0.625 1 0.59375 1 0.59375 0.5 0.59375 1 0.5625 1 0.5625 0.5 0.5625 1 0.53125 1 0.53125 0.5 0.53125 1 0.5 1 0.5 0.5 0.5 1 0.46875 1 0.46875 0.5 0.46875 1 0.4375 1 0.4375 0.5 0.4375 1 0.40625 1 0.40625 0.5 0.40625 1 0.375 1 0.375 0.5 0.375 1 0.34375 1 0.34375 0.5 0.34375 1 0.3125 1 0.3125 0.5 0.3125 1 0.28125 1 0.28125 0.5 0.25 0.5 0.28125 0.5 0.2639946 0.9653213 0.28125 0.5 0.28125 1 0.2639946 0.9653213 0.28125 1 0.2639946 1 0.2639946 0.9653213 0.25 0.9653213 0.21875 0.9653213 0.21875 0.5 0.1875 0.5 0.21875 0.5 0.2005966 0.9653211 0.21875 0.5 0.21875 0.9653213 0.2005966 0.9653211 0.2005966 0.9653211 0.2005967 1 0.1875 1 0.1875 1 0.15625 1 0.15625 0.5 0.15625 1 0.125 1 0.125 0.5 0.125 1 0.09375 1 0.09375 0.5 0.09375 1 0.0625 1 0.0625 0.5 0.341844 0.4717311 0.2968217 0.4853885 0.4774548 0.3229754 0.2968217 0.4853885 0.25 0.49 0.4774548 0.3229754 0.25 0.49 0.2031783 0.4853885 0.02254515 0.3229754 0.2031783 0.4853885 0.1581559 0.4717311 0.02254515 0.3229754 0.1581559 0.4717311 0.1166631 0.4495527 0.02254515 0.3229754 0.1166631 0.4495527 0.08029431 0.4197056 0.02254515 0.3229754 0.08029431 0.4197056 0.05044722 0.3833368 0.02254515 0.3229754 0.05044722 0.3833368 0.02826893 0.341844 0.02254515 0.3229754 0.02254515 0.3229754 0.4774548 0.3229754 0.25 0.49 0.4774548 0.3229754 0.4717311 0.341844 0.4495527 0.3833369 0.4495527 0.3833369 0.4197056 0.4197056 0.4774548 0.3229754 0.4197056 0.4197056 0.3833369 0.4495527 0.4774548 0.3229754 0.0625 1 0.03125 1 0.03125 0.5 0.03125 1 0 1 0 0.5 0.7031784 0.4853885 0.75 0.49 0.75 0.00999999 0.75 0.49 0.7968217 0.4853885 0.7968217 0.01461148 0.7968217 0.4853885 0.841844 0.4717311 0.7968217 0.01461148 0.841844 0.4717311 0.8833369 0.4495527 0.841844 0.02826887 0.7968217 0.01461148 0.841844 0.4717311 0.841844 0.02826887 0.8833369 0.4495527 0.9197056 0.4197056 0.9197056 0.08029437 0.9197056 0.4197056 0.9495527 0.3833369 0.9495527 0.1166631 0.9495527 0.3833369 0.9717311 0.341844 0.9495527 0.1166631 0.9717311 0.341844 0.9853885 0.2968217 0.9717311 0.1581559 0.9495527 0.1166631 0.9717311 0.341844 0.9717311 0.1581559 0.9853885 0.2968217 0.99 0.25 0.9853885 0.2031783 0.9853885 0.2031783 0.9717311 0.1581559 0.9853885 0.2968217 0.9495527 0.1166631 0.9197056 0.08029437 0.9197056 0.4197056 0.9197056 0.08029437 0.8833369 0.05044728 0.8833369 0.4495527 0.8833369 0.05044728 0.841844 0.02826887 0.8833369 0.4495527 0.7968217 0.01461148 0.75 0.00999999 0.75 0.49 0.75 0.00999999 0.7031784 0.01461148 0.7031784 0.4853885 0.7031784 0.01461148 0.658156 0.02826887 0.7031784 0.4853885 0.658156 0.02826887 0.6166631 0.05044728 0.658156 0.4717311 0.7031784 0.4853885 0.658156 0.02826887 0.658156 0.4717311 0.6166631 0.05044728 0.5802944 0.08029437 0.5802944 0.4197056 0.5802944 0.08029437 0.5504474 0.116663 0.5504473 0.3833368 0.5504474 0.116663 0.5282689 0.1581559 0.5504473 0.3833368 0.5282689 0.1581559 0.5146116 0.2031783 0.5282689 0.341844 0.5504473 0.3833368 0.5282689 0.1581559 0.5282689 0.341844 0.5146116 0.2031783 0.51 0.25 0.5146116 0.2968217 0.5146116 0.2968217 0.5282689 0.341844 0.5146116 0.2031783 0.5504473 0.3833368 0.5802944 0.4197056 0.5802944 0.08029437 0.5802944 0.4197056 0.6166631 0.4495527 0.6166631 0.05044728 0.375 0.4604039 0.4687587 0.4604039 0.4687586 0.2778204 0.375 0.9698514 0.4687587 0.9698514 0.4687587 0.7919244 0.4717311 0.1581559 0.4808064 0.188073 0.4495527 0.1166631 0.4808064 0.188073 0.01919364 0.1880731 0.25 0.00999999 0.4495527 0.1166631 0.4808064 0.188073 0.4197056 0.08029437 0.01919364 0.1880731 0.02826887 0.1581559 0.05044728 0.116663 0.05044728 0.116663 0.08029437 0.08029437 0.01919364 0.1880731 0.08029437 0.08029437 0.1166631 0.05044728 0.01919364 0.1880731 0.1166631 0.05044728 0.1581559 0.02826887 0.01919364 0.1880731 0.1581559 0.02826887 0.2031783 0.01461148 0.01919364 0.1880731 0.2031783 0.01461148 0.25 0.00999999 0.01919364 0.1880731 0.25 0.00999999 0.2968217 0.01461148 0.4808064 0.188073 0.2968217 0.01461148 0.341844 0.02826887 0.4808064 0.188073 0.341844 0.02826887 0.3833369 0.05044728 0.4808064 0.188073 0.1533825 0.7098025 0.1551486 0.75 0.151605 0.5852017 0.1551486 0.75 0.3330757 0.75 0.1528204 0.5 0.3330757 0.75 0.3348418 0.7098025 0.3366194 0.5852018 0.3366194 0.5852018 0.3354039 0.5 0.3330757 0.75 0.3354039 0.5 0.1528204 0.5 0.3330757 0.75 0.375 0.4617867 0.4487749 0.4617868 0.4487749 0.2788571 0.4717311 0.1581559 0.4794232 0.1835135 0.4495527 0.1166631 0.4794232 0.1835135 0.02057677 0.1835135 0.25 0.00999999 0.4495527 0.1166631 0.4794232 0.1835135 0.4197056 0.08029437 0.02057677 0.1835135 0.02826887 0.1581559 0.05044728 0.116663 0.05044728 0.116663 0.08029437 0.08029437 0.02057677 0.1835135 0.08029437 0.08029437 0.1166631 0.05044728 0.02057677 0.1835135 0.1166631 0.05044728 0.1581559 0.02826887 0.02057677 0.1835135 0.1581559 0.02826887 0.2031783 0.01461148 0.02057677 0.1835135 0.2031783 0.01461148 0.25 0.00999999 0.02057677 0.1835135 0.25 0.00999999 0.2968217 0.01461148 0.4794232 0.1835135 0.2968217 0.01461148 0.341844 0.02826887 0.4794232 0.1835135 0.341844 0.02826887 0.3833369 0.05044728 0.4794232 0.1835135 0.375 0.9681085 0.4487748 0.9681085 0.4487748 0.7912479 0.1545922 0.6976689 0.1568915 0.75 0.1528146 0.5730672 0.1568915 0.75 0.3337522 0.75 0.153857 0.5 0.3337522 0.75 0.3360515 0.6976689 0.337829 0.5730671 0.337829 0.5730671 0.3367867 0.5 0.3337522 0.75 0.3367867 0.5 0.153857 0.5 0.3337522 0.75 0.375 0.470292 0.4905164 0.4702922 0.4905164 0.2898928 0.4853885 0.2031783 0.4858055 0.207413 0.4717311 0.1581559 0.4858055 0.207413 0.01419442 0.207413 0.25 0.00999999 0.01419442 0.207413 0.01461154 0.2031783 0.02826887 0.1581559 0.02826887 0.1581559 0.05044728 0.116663 0.01419442 0.207413 0.05044728 0.116663 0.08029437 0.08029437 0.01419442 0.207413 0.08029437 0.08029437 0.1166631 0.05044728 0.01419442 0.207413 0.1166631 0.05044728 0.1581559 0.02826887 0.01419442 0.207413 0.1581559 0.02826887 0.2031783 0.01461148 0.01419442 0.207413 0.2031783 0.01461148 0.25 0.00999999 0.01419442 0.207413 0.25 0.00999999 0.2968217 0.01461148 0.4858055 0.207413 0.2968217 0.01461148 0.341844 0.02826887 0.4858055 0.207413 0.4858055 0.207413 0.341844 0.02826887 0.3833369 0.05044728 0.3833369 0.05044728 0.4197056 0.08029437 0.4858055 0.207413 0.4858055 0.207413 0.4197056 0.08029437 0.4495527 0.1166631 0.375 0.779017 0.375 0.9607982 0.4905164 0.960798 0.1625853 0.6366679 0.1642018 0.75 0.164893 0.5 0.1642018 0.75 0.345983 0.75 0.164893 0.5 0.345983 0.75 0.3475997 0.6366683 0.345292 0.5 0.3475997 0.6366683 0.3458222 0.5120662 0.345292 0.5 0.345292 0.5 0.164893 0.5 0.345983 0.75 0.375 0.4655638 0.4576218 0.465564 0.4576219 0.2902204 0.375 0.9638189 0.4576219 0.9638189 0.4576219 0.7803966 0.160385 0.6942004 0.1611811 0.75 0.1621625 0.5695997 0.1611811 0.75 0.3446035 0.75 0.1652206 0.5 0.3446035 0.75 0.3453994 0.6942005 0.3436219 0.5695999 0.3436219 0.5695999 0.3405638 0.5 0.3446035 0.75 0.3405638 0.5 0.1652206 0.5 0.3446035 0.75 0.4853885 0.2031783 0.4879348 0.2290319 0.4717311 0.1581559 0.4879348 0.2290319 0.01206517 0.2290319 0.25 0.00999999 0.4717311 0.1581559 0.4879348 0.2290319 0.4495527 0.1166631 0.01206517 0.2290319 0.01461154 0.2031783 0.02826887 0.1581559 0.02826887 0.1581559 0.05044728 0.116663 0.01206517 0.2290319 0.05044728 0.116663 0.08029437 0.08029437 0.01206517 0.2290319 0.08029437 0.08029437 0.1166631 0.05044728 0.01206517 0.2290319 0.1166631 0.05044728 0.1581559 0.02826887 0.01206517 0.2290319 0.1581559 0.02826887 0.2031783 0.01461148 0.01206517 0.2290319 0.2031783 0.01461148 0.25 0.00999999 0.01206517 0.2290319 0.25 0.00999999 0.2968217 0.01461148 0.4879348 0.2290319 0.2968217 0.01461148 0.341844 0.02826887 0.4879348 0.2290319 0.341844 0.02826887 0.3833369 0.05044728 0.4879348 0.2290319 0.3833369 0.05044728 0.4197056 0.08029437 0.4879348 0.2290319 0.625 0.2623779 0.625 0.4894743 0.375 0.4894743 0.125 0.7397962 0.125 0.512378 0.1352038 0.75 0.125 0.512378 0.125188 0.5102285 0.1257464 0.5081444 0.1373779 0.5 0.125 0.512378 0.1352285 0.5001881 0.1257464 0.5081444 0.1266583 0.506189 0.125 0.512378 0.1266583 0.506189 0.1278958 0.5044215 0.125 0.512378 0.1278958 0.5044215 0.1294215 0.502896 0.125 0.512378 0.1294215 0.502896 0.1311889 0.5016583 0.125 0.512378 0.1311889 0.5016583 0.1331444 0.5007465 0.125 0.512378 0.1331444 0.5007465 0.1352285 0.5001881 0.125 0.512378 0.1373779 0.5 0.3644744 0.5 0.3650707 0.75 0.3644744 0.5 0.3663021 0.5001599 0.375 0.5105257 0.1373779 0.5 0.1352038 0.75 0.125 0.512378 0.3663021 0.5001599 0.3680743 0.5006347 0.375 0.5105257 0.3680743 0.5006347 0.3697372 0.5014102 0.375 0.5105257 0.3697372 0.5014102 0.3712401 0.5024625 0.375 0.5105257 0.3712401 0.5024625 0.3725375 0.5037599 0.375 0.5105257 0.3725375 0.5037599 0.3735898 0.5052628 0.375 0.5105257 0.3735898 0.5052628 0.3743652 0.5069257 0.375 0.5105257 0.3743652 0.5069257 0.3748401 0.5086979 0.375 0.5105257 0.375 0.5105257 0.375 0.7400708 0.3650707 0.75 0.375 0.7400708 0.3748492 0.7417949 0.3744012 0.7434666 0.3650707 0.75 0.375 0.7400708 0.3667949 0.7498492 0.3744012 0.7434666 0.3736698 0.7450355 0.375 0.7400708 0.3736698 0.7450355 0.372677 0.7464532 0.375 0.7400708 0.372677 0.7464532 0.3714531 0.7476769 0.375 0.7400708 0.3714531 0.7476769 0.3700354 0.7486698 0.375 0.7400708 0.3700354 0.7486698 0.3684667 0.7494012 0.375 0.7400708 0.3684667 0.7494012 0.3667949 0.7498492 0.375 0.7400708 0.3650707 0.75 0.1352038 0.75 0.1373779 0.5 0.1352038 0.75 0.133432 0.749845 0.125 0.7397962 0.3650707 0.75 0.3644744 0.5 0.375 0.5105257 0.133432 0.749845 0.1317139 0.7493848 0.125 0.7397962 0.1317139 0.7493848 0.1301019 0.748633 0.125 0.7397962 0.1301019 0.748633 0.1286449 0.7476127 0.125 0.7397962 0.1286449 0.7476127 0.1273872 0.7463552 0.125 0.7397962 0.1273872 0.7463552 0.126367 0.744898 0.125 0.7397962 0.126367 0.744898 0.1256154 0.7432861 0.125 0.7397962 0.625 0.7400708 0.625 0.5105257 0.6355257 0.5 0.625 0.5105257 0.6251599 0.5086979 0.6256348 0.5069257 0.6355257 0.5 0.625 0.5105257 0.6336979 0.5001599 0.6256348 0.5069257 0.6264101 0.5052628 0.625 0.5105257 0.6264101 0.5052628 0.6274625 0.5037599 0.625 0.5105257 0.6274625 0.5037599 0.6287599 0.5024625 0.625 0.5105257 0.6287599 0.5024625 0.6302629 0.5014101 0.625 0.5105257 0.6302629 0.5014101 0.6319257 0.5006347 0.625 0.5105257 0.6319257 0.5006347 0.6336979 0.5001599 0.625 0.5105257 0.6355257 0.5 0.8626221 0.5 0.6349292 0.75 0.8626221 0.5 0.8647715 0.5001881 0.8750001 0.512378 0.6355257 0.5 0.6349292 0.75 0.625 0.7400708 0.8647715 0.5001881 0.8668555 0.5007465 0.8750001 0.512378 0.8668555 0.5007465 0.868811 0.5016583 0.8750001 0.512378 0.868811 0.5016583 0.8705785 0.5028959 0.8750001 0.512378 0.8705785 0.5028959 0.8721041 0.5044215 0.8750001 0.512378 0.8721041 0.5044215 0.8733417 0.506189 0.8750001 0.512378 0.8733417 0.506189 0.8742536 0.5081445 0.8750001 0.512378 0.8742536 0.5081445 0.8748119 0.5102285 0.8750001 0.512378 0.8750001 0.512378 0.875 0.7397962 0.8647961 0.75 0.875 0.7397962 0.874845 0.741568 0.8743847 0.7432861 0.8647961 0.75 0.875 0.7397962 0.866568 0.749845 0.8743847 0.7432861 0.8736329 0.744898 0.875 0.7397962 0.8736329 0.744898 0.8726127 0.746355 0.875 0.7397962 0.8726127 0.746355 0.8713551 0.7476128 0.875 0.7397962 0.8713551 0.7476128 0.8698981 0.748633 0.875 0.7397962 0.8698981 0.748633 0.8682861 0.7493847 0.875 0.7397962 0.8682861 0.7493847 0.866568 0.749845 0.875 0.7397962 0.8647961 0.75 0.6349292 0.75 0.8626221 0.5 0.6349292 0.75 0.6332052 0.7498493 0.625 0.7400708 0.8647961 0.75 0.8626221 0.5 0.8750001 0.512378 0.6332052 0.7498493 0.6315333 0.7494012 0.625 0.7400708 0.6315333 0.7494012 0.6299647 0.7486699 0.625 0.7400708 0.6299647 0.7486699 0.6285469 0.747677 0.625 0.7400708 0.6285469 0.747677 0.6273232 0.7464532 0.625 0.7400708 0.6273232 0.7464532 0.6263304 0.7450355 0.625 0.7400708 0.6263304 0.7450355 0.6255988 0.7434667 0.625 0.7400708 0.375 0.5105257 0.375 0.5086979 0.625 0.5086979 0.375 0.5086979 0.375 0.5069257 0.625 0.5069257 0.375 0.5069257 0.375 0.5052629 0.625 0.5052629 0.375 0.5052629 0.375 0.5037599 0.6250001 0.5037599 0.375 0.5037599 0.375 0.4962401 0.625 0.4962401 0.375 0.4962401 0.375 0.4947372 0.625 0.4947372 0.375 0.4947372 0.375 0.4930743 0.625 0.4930743 0.375 0.4930743 0.375 0.4913021 0.625 0.4913021 0.375 0.4913021 0.375 0.4894743 0.625 0.4894743 0.625 0.5105257 0.625 0.7400708 0.375 0.7400708 0.375 0.2623779 0.375 0.2602285 0.6250001 0.2602285 0.375 0.2602285 0.375 0.2581444 0.625 0.2581444 0.375 0.2581444 0.375 0.2561889 0.625 0.256189 0.375 0.2561889 0.375 0.2544215 0.625 0.2544215 0.375 0.2544215 0.375 0.2455784 0.625 0.2455784 0.375 0.2455784 0.375 0.243811 0.625 0.243811 0.375 0.243811 0.375 0.2418555 0.625 0.2418555 0.375 0.2418555 0.375 0.2397714 0.625 0.2397714 0.375 0.2397714 0.375 0.237622 0.625 0.237622 0.625 0.9897962 0.625 0.991568 0.375 0.991568 0.625 0.991568 0.625 0.9932861 0.375 0.9932861 0.625 0.9932861 0.625 0.9948981 0.375 0.9948981 0.625 0.9948981 0.625 0.9963551 0.375 0.9963551 0.625 0 0.625 0.003644943 0.375 0.003644943 0.625 0.003644943 0.625 0.005101919 0.375 0.005101919 0.625 0.005101919 0.625 0.006713926 0.375 0.006713926 0.625 0.006713926 0.625 0.008431971 0.375 0.008431971 0.625 0.008431971 0.625 0.01020383 0.375 0.01020383 0.625 0.01020383 0.625 0.237622 0.375 0.237622 0.375 0.7599292 0.375 0.7582051 0.625 0.7582051 0.375 0.7582051 0.375 0.7565333 0.625 0.7565333 0.375 0.7565333 0.375 0.7549647 0.6250001 0.7549647 0.375 0.7549647 0.375 0.7535469 0.625 0.7535468 0.375 0.7535469 0.375 0.7464532 0.625 0.7464531 0.375 0.7464532 0.375 0.7450354 0.625 0.7450354 0.375 0.7450354 0.375 0.7434667 0.625 0.7434667 0.375 0.7434667 0.375 0.741795 0.625 0.741795 0.375 0.741795 0.375 0.7400708 0.625 0.7400708 0.625 0.7599292 0.625 0.9897962 0.375 0.9897962 0.3685082 0.75 0.3685082 0.6521246 0.1324248 0.6521245 0.3704623 0.5 0.134379 0.5 0.134379 0.5673885 0.375 0.5 0.375 0.5685552 0.125 0.56854 0.78125 0.967556 0.8125 0.9675629 0.8125 0.5322102 0.75 0.9675536 0.78125 0.967556 0.78125 0.5322033 0.8125 0.9675629 0.84375 0.9675742 0.84375 0.5322216 0.90625 0.9676082 0.9375 0.9676293 0.9375 0.5322766 0.875 0.9675895 0.90625 0.9676082 0.90625 0.5322555 0.71875 0.5322033 0.71875 0.967556 0.75 0.9675536 0.65625 0.5322216 0.6562501 0.9675742 0.6875001 0.9675629 0.46875 0.9677003 0.46875 0.5323477 0.4549885 0.5323578 0.6875 0.5322102 0.6875001 0.9675629 0.71875 0.967556 0.5 0.5323237 0.5 0.9676764 0.53125 0.9676524 0.625 0.5322369 0.625 0.9675895 0.6562501 0.9675742 0.53125 0.5322997 0.53125 0.9676524 0.5625 0.9676293 0.125 0.68146 0.375 0.6814448 0.375 0.75 0.96875 0.9676524 1 0.9676764 1 0.5323237 0 0.9676764 0.03125 0.9677003 0.03125 0.5323477 0.46875 0.5323477 0.46875 0.9677003 0.5 0.9676764 0.59375 0.5322555 0.5937501 0.9676082 0.625 0.9675895 0.5625 0.5322766 0.5625 0.9676293 0.5937501 0.9676082 0.9375 0.9676293 0.96875 0.9676524 0.96875 0.5322997 0.03125 0.9677003 0.04486906 0.9677104 0.04501146 0.5323578 0.84375 0.9675742 0.875 0.9675895 0.875 0.5322369 0.375 0.06853991 0.375 0 0.375 0 0.375 0 0.3809208 5.43915e-4 0.3866615 0.002159059 0.3866615 0.002159059 0.3920482 0.004796504 0.375 0 0.3920482 0.004796504 0.3969166 0.008376002 0.375 0 0.3969166 0.008376002 0.4011192 0.01278877 0.375 0 0.4011192 0.01278877 0.4045283 0.01790082 0.375 0 0.4045283 0.01790082 0.4070399 0.02355682 0.375 0 0.4070399 0.02355682 0.4085783 0.02958482 0.375 0 0.4085783 0.02958482 0.4090963 0.0358017 0.3800825 0.06707525 0.4090963 0.0358017 0.4090963 0.05380272 0.3922108 0.06594043 0.3800825 0.06707525 0.4090963 0.0358017 0.3922108 0.06594043 0.4090963 0.05380272 0.4436025 0.05380272 0.4160013 0.07043612 0.4436025 0.05380272 0.4459092 0.05400454 0.448146 0.05460387 0.4160013 0.07043612 0.4436025 0.05380272 0.4267491 0.07589375 0.448146 0.05460387 0.4502446 0.05558246 0.4436025 0.05380272 0.4502446 0.05558246 0.4521414 0.05691063 0.4436025 0.05380272 0.4521414 0.05691063 0.4537787 0.05854797 0.4436025 0.05380272 0.4537787 0.05854797 0.4551069 0.06044483 0.4436025 0.05380272 0.4551069 0.06044483 0.4560855 0.06254345 0.4436025 0.05380272 0.4560855 0.06254345 0.4566848 0.06478017 0.4436025 0.05380272 0.4566848 0.06478017 0.4568867 0.06708693 0.4436025 0.05380272 0.4568867 0.0827533 0.625 0.0827533 0.4531837 0.113478 0.625 0.0827533 0.625 0.1649819 0.4543783 0.125 0.4568867 0.06708693 0.4568867 0.0827533 0.4361698 0.0832386 0.4267491 0.07589375 0.4568867 0.06708693 0.4361698 0.0832386 0.375 0.06853991 0.375 0 0.3800825 0.06707525 0.3800825 0.06707525 0.375 0 0.4085783 0.02958482 0.4267491 0.07589375 0.4436025 0.05380272 0.4568867 0.06708693 0.625 0.0827533 0.4543783 0.125 0.4531837 0.113478 0.625 0.1649819 0.4568877 0.1649819 0.4531837 0.1365219 0.4543783 0.125 0.625 0.1649819 0.4531837 0.1365219 0.4568877 0.1649819 0.4568877 0.1838862 0.4361698 0.1667613 0.4361698 0.1667613 0.4568877 0.1838862 0.4267492 0.1741062 0.4568877 0.1838862 0.4567038 0.1859861 0.4447952 0.1959787 0.4567038 0.1859861 0.4561584 0.1880221 0.4447952 0.1959787 0.4561584 0.1880221 0.4552674 0.1899324 0.4447952 0.1959787 0.4552674 0.1899324 0.4540585 0.191659 0.4447952 0.1959787 0.4540585 0.191659 0.4525681 0.1931496 0.4447952 0.1959787 0.4525681 0.1931496 0.4508414 0.1943586 0.4447952 0.1959787 0.4508414 0.1943586 0.4489311 0.1952494 0.4447952 0.1959787 0.4489311 0.1952494 0.446895 0.1957949 0.4447952 0.1959787 0.4447952 0.1959787 0.4090994 0.1959787 0.4160013 0.1795639 0.4090994 0.1959787 0.4090994 0.2221234 0.3800825 0.1829247 0.4090994 0.2221234 0.4086759 0.2269641 0.375 0.25 0.4090994 0.1959787 0.3800825 0.1829247 0.3922108 0.1840595 0.4086759 0.2269641 0.4074183 0.2316578 0.375 0.25 0.4074183 0.2316578 0.4053647 0.2360618 0.375 0.25 0.375 0.25 0.4053647 0.2360618 0.3812229 0.25 0.4053647 0.2360618 0.4025776 0.2400421 0.3812229 0.25 0.4025776 0.2400421 0.3991416 0.2434781 0.3812229 0.25 0.3991416 0.2434781 0.3951612 0.2462652 0.3812229 0.25 0.3951612 0.2462652 0.3907572 0.2483188 0.3812229 0.25 0.3907572 0.2483188 0.3860635 0.2495765 0.3812229 0.25 0.375 0.25 0.375 0.18146 0.3800825 0.1829247 0.375 0.25 0.3800825 0.1829247 0.4090994 0.2221234 0.4447952 0.1959787 0.4160013 0.1795639 0.4267492 0.1741062 0.4447952 0.1959787 0.4267492 0.1741062 0.4568877 0.1838862 0.4090994 0.1959787 0.3922108 0.1840595 0.404339 0.1829247 0.404339 0.06707525 0.3922108 0.06594043 0.4090963 0.05380272 0.4160013 0.07043612 0.404339 0.06707525 0.4090963 0.05380272 0.4090994 0.1959787 0.404339 0.1829247 0.4160013 0.1795639 0.4439011 0.09218823 0.4361698 0.0832386 0.4568867 0.0827533 0.4361698 0.1667613 0.4439011 0.1578117 0.4568877 0.1649819 0.4439011 0.1578117 0.4496461 0.1476011 0.4568877 0.1649819 0.4496461 0.1023989 0.4439011 0.09218823 0.4568867 0.0827533 0.4531837 0.113478 0.4496461 0.1023989 0.4568867 0.0827533 0.3812229 0.25 0.3812229 0.5 0.375 0.5 0.3483858 0.75 0.3483858 0.651222 0.1422618 0.651222 0.875 0.5850181 0.875 0.6672468 0.625 0.6672467 0.375 0.4790624 0.538497 0.4790624 0.538497 0.2729384 0.375 0.9827382 0.538496 0.9827383 0.538496 0.7766142 0.375 0.9925751 0.4060598 0.9925751 0.4060599 0.7564918 0.375 0.259379 0.375 0.4954623 0.4050247 0.4954623 0.3812229 0.25 0.3860636 0.25 0.3860636 0.5 0.3860636 0.25 0.3907573 0.25 0.3907573 0.5 0.3907573 0.25 0.3951612 0.25 0.3951612 0.5 0.3951612 0.25 0.3991416 0.25 0.3991416 0.5 0.3991416 0.25 0.4090995 0.25 0.4090995 0.5 0.1324248 0.5850442 0.1324248 0.5999453 0.3685082 0.5999454 0.1324248 0.5999453 0.1324248 0.6164318 0.3685082 0.6164319 0.1324248 0.6164318 0.1324248 0.6340029 0.3685082 0.6340029 0.1324248 0.6340029 0.1324248 0.6521245 0.3685082 0.6521246 0.375 0.75 0.375 1 0.375 1 0.375 0.75 0.3809207 0.75 0.3809207 1 0.3809207 0.75 0.3866616 0.75 0.3866616 1 0.3866616 0.75 0.3920481 0.75 0.3920481 1 0.3920481 0.75 0.3969166 0.75 0.3969166 1 0.3969166 0.75 0.4090963 0.75 0.4090963 1 0.134379 0.6535395 0.3704624 0.6535394 0.3704624 0.634402 0.134379 0.6344021 0.3704624 0.634402 0.3704623 0.6132284 0.3704623 0.6132284 0.3704623 0.590662 0.134379 0.5906621 0.3704623 0.590662 0.3704623 0.5673885 0.134379 0.5673885 0.1479384 0.581859 0.1479384 0.5939123 0.3540624 0.5939123 0.1479384 0.5939123 0.1479384 0.6055992 0.3540624 0.6055993 0.1479384 0.6055992 0.1479384 0.6165649 0.3540624 0.616565 0.1479384 0.6165649 0.1479384 0.6264761 0.3540624 0.6264761 0.4165836 0.259379 0.4124546 0.259379 0.4124546 0.4954623 0.4124546 0.259379 0.4108042 0.259379 0.4108041 0.4954623 0.4108042 0.259379 0.4089781 0.259379 0.4089781 0.4954623 0.4089781 0.259379 0.4070318 0.259379 0.4070318 0.4954623 0.4070318 0.259379 0.4050247 0.259379 0.4050247 0.4954623 0.1479384 0.5 0.1479384 0.581859 0.3540624 0.581859 0.3483858 0.651222 0.3483858 0.6402502 0.1422618 0.6402502 0.3483858 0.6402502 0.3483858 0.6296117 0.1422618 0.6296117 0.3483858 0.6296117 0.3483858 0.6196299 0.1422618 0.6196299 0.3483858 0.6196299 0.3483858 0.6106079 0.1422618 0.6106079 0.4165817 0.7564918 0.4128232 0.7564918 0.4128232 0.9925751 0.4128232 0.7564918 0.4113208 0.7564918 0.4113208 0.9925752 0.4113208 0.7564918 0.4096585 0.7564918 0.4096585 0.9925751 0.4096585 0.7564918 0.4078869 0.7564918 0.4078869 0.9925751 0.4078869 0.7564918 0.4060599 0.7564918 0.4060598 0.9925751 0.375 0.5685552 0.375 0.5 0.3801357 0.5670753 0.375 0.5 0.3812229 0.5 0.4053647 0.5139383 0.3801357 0.5670753 0.375 0.5 0.4090995 0.5278765 0.3812229 0.5 0.3860636 0.5004235 0.3907573 0.5016813 0.3907573 0.5016813 0.395161 0.5037345 0.3812229 0.5 0.395161 0.5037345 0.3991417 0.5065219 0.3812229 0.5 0.3991417 0.5065219 0.4025776 0.5099579 0.3812229 0.5 0.4025776 0.5099579 0.4053647 0.5139383 0.3812229 0.5 0.4053647 0.5139383 0.4074183 0.5183421 0.375 0.5 0.4074183 0.5183421 0.408676 0.5230357 0.375 0.5 0.408676 0.5230357 0.4090995 0.5278765 0.375 0.5 0.4090995 0.5278765 0.4090995 0.5540212 0.3801357 0.5670753 0.4090995 0.5540212 0.4447953 0.5540213 0.4160544 0.5704361 0.4447953 0.5540213 0.4468951 0.5542049 0.4489312 0.5547506 0.4160544 0.5704361 0.4447953 0.5540213 0.4268023 0.5758938 0.4489312 0.5547506 0.4508415 0.5556414 0.4447953 0.5540213 0.4508415 0.5556414 0.4525681 0.5568503 0.4447953 0.5540213 0.4525681 0.5568503 0.4540586 0.5583409 0.4447953 0.5540213 0.4540586 0.5583409 0.4552676 0.5600676 0.4447953 0.5540213 0.4552676 0.5600676 0.4561585 0.5619781 0.4447953 0.5540213 0.4561585 0.5619781 0.456704 0.5640139 0.4447953 0.5540213 0.456704 0.5640139 0.4568877 0.5661137 0.4447953 0.5540213 0.4568877 0.5850181 0.625 0.5850181 0.4532369 0.6134781 0.625 0.5850181 0.625 0.6672467 0.4544314 0.625 0.4568877 0.5661137 0.4568877 0.5850181 0.436223 0.5832386 0.4268023 0.5758938 0.4568877 0.5661137 0.436223 0.5832386 0.4268023 0.5758938 0.4447953 0.5540213 0.4568877 0.5661137 0.625 0.5850181 0.4544314 0.625 0.4532369 0.6134781 0.625 0.6672467 0.4568867 0.6672467 0.4532369 0.636522 0.4544314 0.625 0.625 0.6672467 0.4532369 0.636522 0.392264 0.5659405 0.3801357 0.5670753 0.4090995 0.5540212 0.4568867 0.6672467 0.4568867 0.6829132 0.436223 0.6667614 0.4568867 0.6829132 0.4566851 0.68522 0.4436025 0.6961975 0.436223 0.6667614 0.4568867 0.6829132 0.4268023 0.6741062 0.4566851 0.68522 0.4560856 0.6874567 0.4436025 0.6961975 0.4560856 0.6874567 0.455107 0.6895552 0.4436025 0.6961975 0.455107 0.6895552 0.4537788 0.6914522 0.4436025 0.6961975 0.4537788 0.6914522 0.4521415 0.6930896 0.4436025 0.6961975 0.4521415 0.6930896 0.4502447 0.6944179 0.4436025 0.6961975 0.4502447 0.6944179 0.4481459 0.6953963 0.4436025 0.6961975 0.4481459 0.6953963 0.4459093 0.6959957 0.4436025 0.6961975 0.4090964 0.6961975 0.4090963 0.7141985 0.392264 0.6840596 0.4090963 0.7141985 0.4085783 0.7204152 0.3801357 0.6829247 0.4436025 0.6961975 0.4090964 0.6961975 0.4160544 0.6795639 0.4043922 0.5670753 0.392264 0.5659405 0.4090995 0.5540212 0.4160544 0.5704361 0.4043922 0.5670753 0.4090995 0.5540212 0.4268023 0.6741062 0.4568867 0.6829132 0.4436025 0.6961975 0.4436025 0.6961975 0.4160544 0.6795639 0.4268023 0.6741062 0.4090963 0.7141985 0.3801357 0.6829247 0.392264 0.6840596 0.4085783 0.7204152 0.40704 0.7264432 0.375 0.75 0.3801357 0.6829247 0.4085783 0.7204152 0.375 0.75 0.40704 0.7264432 0.4045283 0.7320995 0.375 0.75 0.4045283 0.7320995 0.4011194 0.7372112 0.375 0.75 0.4011194 0.7372112 0.3969165 0.7416239 0.375 0.75 0.3969165 0.7416239 0.3920481 0.7452034 0.375 0.75 0.3920481 0.7452034 0.3866617 0.7478412 0.375 0.75 0.3866617 0.7478412 0.3809207 0.7494559 0.375 0.75 0.375 0.75 0.375 0.75 0.375 0.6814448 0.375 0.75 0.375 0.6814448 0.3801357 0.6829247 0.4090964 0.6961975 0.392264 0.6840596 0.4043922 0.6829248 0.4090964 0.6961975 0.4043922 0.6829248 0.4160544 0.6795639 0.4439542 0.5921882 0.436223 0.5832386 0.4568877 0.5850181 0.4496992 0.6023989 0.4439542 0.5921882 0.4568877 0.5850181 0.4532369 0.6134781 0.4496992 0.6023989 0.4568877 0.5850181 0.436223 0.6667614 0.4439543 0.6578117 0.4568867 0.6672467 0.4532369 0.636522 0.4568867 0.6672467 0.4496992 0.6476011 0.375 0.5 0.375 0.5590787 0.5757001 0.5590787 0.375 0.9748492 0.5757 0.9748492 0.3847195 0.9347624 0.5757 0.9748492 0.5757 0.9347624 0.3847195 0.9347624 0.5757001 0.877541 0.5757001 0.75 0.3847195 0.8775411 0.5757001 0.75 0.375 0.75 0.3847195 0.8775411 0.375 0.9748492 0.3847195 0.9347624 0.3847195 0.8775411 0.375 0 0.625 0 0.4243 0.00642848 0.625 0 0.625 0.00642848 0.4243 0.00642848 0.625 0.2435715 0.625 0.25 0.4243 0.2435715 0.625 0.25 0.375 0.25 0.4243 0.2435715 0.375 0 0.4243 0.00642848 0.4243 0.2435715 0.625 0.5151386 0.625 0.5624689 0.375 0.5624689 0.375 0.7667877 0.625 0.7667877 0.4340195 0.8936099 0.625 0.7667877 0.625 0.8936099 0.4340195 0.8936099 0.625 0.9561718 0.625 1 0.4340195 0.9561718 0.625 1 0.375 1 0.4340195 0.9561718 0.375 0.7667877 0.4340195 0.8936099 0.375 1 0.625 0.5624689 0.625 0.5151386 0.6291652 0.562469 0.625 0.5151386 0.6252301 0.5125098 0.6291652 0.5064285 0.6252301 0.5125098 0.6259131 0.5099608 0.6291652 0.5064285 0.6259131 0.5099608 0.6270282 0.5075693 0.6291652 0.5064285 0.6270282 0.5075693 0.6285417 0.5054077 0.6291652 0.5064285 0.6285417 0.5054077 0.6304079 0.503542 0.6291652 0.5064285 0.6304079 0.503542 0.6325692 0.5020281 0.6291652 0.5064285 0.6325692 0.5020281 0.6349609 0.500913 0.6291652 0.5064285 0.6349609 0.500913 0.6375099 0.50023 0.6291652 0.5064285 0.6375099 0.50023 0.6401386 0.5 0.6291652 0.5064285 0.6401386 0.5 0.7686102 0.5 0.7686101 0.5064285 0.6291652 0.5064285 0.6291652 0.562469 0.625 0.5151386 0.375 0.5 0.5757001 0.5 0.3847038 0.3724587 0.5757001 0.5 0.5757001 0.3724587 0.3847038 0.3724587 0.5757001 0.3152373 0.5757001 0.2751508 0.3847038 0.3152373 0.5757001 0.2751508 0.375 0.2751508 0.3847038 0.3152373 0.375 0.5 0.3847038 0.3724587 0.375 0.2751508 0.1501507 0.75 0.375 0.75 0.2918942 0.6909213 0.375 0.75 0.375 0.6909213 0.2918942 0.6909213 0.375 0.5590787 0.375 0.5 0.2918942 0.5590787 0.375 0.5 0.1501508 0.5 0.2918942 0.5590787 0.1501507 0.75 0.2918942 0.6909213 0.1501508 0.5 0.375 0.7667877 0.375 0.7638725 0.625 0.7638725 0.375 0.7638725 0.375 0.7610459 0.625 0.7610459 0.375 0.7610459 0.375 0.7583938 0.625 0.7583938 0.375 0.7583938 0.375 0.7559968 0.625 0.7559968 0.375 0.7559968 0.375 0.7440032 0.625 0.7440032 0.375 0.7440032 0.375 0.7416062 0.625 0.7416062 0.375 0.7416062 0.375 0.7389541 0.625 0.7389541 0.375 0.7389541 0.375 0.7361275 0.625 0.7361275 0.375 0.7361275 0.375 0.7332124 0.625 0.7332124 0.375 0.25 0.625 0.25 0.4340038 0.2938279 0.625 0.25 0.625 0.2938279 0.4340038 0.2938279 0.625 0.3563899 0.625 0.4848614 0.4340037 0.3563898 0.625 0.4848614 0.375 0.4848614 0.4340037 0.3563898 0.375 0.25 0.4340038 0.2938279 0.4340037 0.3563898 0.375 0.5151386 0.375 0.5125098 0.625 0.5125098 0.375 0.5125098 0.375 0.5099609 0.625 0.5099609 0.375 0.5099609 0.375 0.5075693 0.6250001 0.5075693 0.375 0.5075693 0.375 0.5054077 0.625 0.5054077 0.375 0.5054077 0.375 0.4945923 0.625 0.4945923 0.375 0.4945923 0.375 0.4924307 0.625 0.4924307 0.375 0.4924307 0.375 0.4900391 0.625 0.4900391 0.375 0.4900391 0.375 0.4874902 0.625 0.4874902 0.375 0.4874902 0.375 0.4848614 0.625 0.4848614 0.125 0.5 0.3598614 0.5 0.2799726 0.562469 0.3598614 0.5 0.3624902 0.50023 0.375 0.5151386 0.2799726 0.562469 0.3598614 0.5 0.375 0.5624689 0.3624902 0.50023 0.3650391 0.500913 0.375 0.5151386 0.3650391 0.500913 0.3674306 0.5020282 0.375 0.5151386 0.3674306 0.5020282 0.3695922 0.5035417 0.375 0.5151386 0.3695922 0.5035417 0.3714583 0.5054077 0.375 0.5151386 0.3714583 0.5054077 0.3729718 0.5075693 0.375 0.5151386 0.3729718 0.5075693 0.374087 0.5099609 0.375 0.5151386 0.374087 0.5099609 0.37477 0.5125098 0.375 0.5151386 0.375 0.5151386 0.375 0.5624689 0.3598614 0.5 0.2799726 0.6875311 0.375 0.6875311 0.3582124 0.75 0.375 0.6875311 0.375 0.7332124 0.3582124 0.75 0.3582124 0.75 0.375 0.7332124 0.3611274 0.749745 0.375 0.7332124 0.3747449 0.7361275 0.3739876 0.7389541 0.3611274 0.749745 0.375 0.7332124 0.3639541 0.7489876 0.375 0.7332124 0.3739876 0.7389541 0.3727509 0.7416062 0.375 0.7332124 0.3727509 0.7416062 0.3710724 0.7440032 0.375 0.7332124 0.3710724 0.7440032 0.3690032 0.7460724 0.375 0.7332124 0.3690032 0.7460724 0.3666062 0.7477509 0.125 0.5 0.2799726 0.562469 0.2799726 0.6875311 0.3582124 0.75 0.125 0.75 0.2799726 0.6875311 0.3666062 0.7477509 0.3639541 0.7489876 0.375 0.7332124 0.5317319 0.4216221 0.5317318 0.25 0.5479242 0.25 0.5479242 0.4294893 0.4658123 0.4294893 0.5317319 0.4216221 0.4658123 0.4294893 0.4658123 0.4216221 0.5317319 0.4216221 0.625 0.7332124 0.625 0.6875311 0.6291652 0.6875311 0.6291652 0.7435715 0.7686099 0.7435715 0.6417877 0.75 0.7686099 0.7435715 0.7686099 0.75 0.6417877 0.75 0.625 0.7332124 0.6291652 0.6875311 0.6291652 0.7435715 0.6260125 0.7389541 0.6252551 0.7361276 0.6291652 0.7435715 0.6252551 0.7361276 0.625 0.7332124 0.6291652 0.7435715 0.6289277 0.7440033 0.6272491 0.7416061 0.6291652 0.7435715 0.6272491 0.7416061 0.6260125 0.7389541 0.6291652 0.7435715 0.6333938 0.7477509 0.6309968 0.7460724 0.6291652 0.7435715 0.6309968 0.7460724 0.6289277 0.7440033 0.6291652 0.7435715 0.6388725 0.7497449 0.636046 0.7489876 0.6291652 0.7435715 0.636046 0.7489876 0.6333938 0.7477509 0.6291652 0.7435715 0.5479242 0 0.5479242 0.25 0.5317318 0.25 0.625 0.6875311 0.625 0.7332124 0.375 0.7332124 0.375 0.6909213 0.375 0.75 0.5757001 0.75 0.5479242 0.8205107 0.5479242 1 0.5317318 0.8283779 0.5479242 1 0.5317318 1 0.5317318 0.8283779 0.5317318 0.8283779 0.4658124 0.8283779 0.4658124 0.8205107 0.8311721 0.5064285 0.8311721 0.5 0.875 0.5 0.8311718 0.7435715 0.875 0.7435715 0.875 0.75 0.375 0.1418117 0.375 0.1540828 0.4466748 0.1540827 0.375 0.6540859 0.4466689 0.6540859 0.4466689 0.6418149 0.375 0.6081882 0.4466748 0.6081882 0.4466748 0.5959172 0.125 0.6081883 0.375 0.6081882 0.375 0.5959172 0.375 0.1081851 0.4466689 0.1081851 0.4466689 0.09591412 0.125 0.6540859 0.375 0.6540859 0.375 0.6418148 0.625 0.2696344 0.625 0.4785796 0.375 0.4785796 0.625 0.5214204 0.625 0.7336292 0.375 0.7336292 0.125 0.7264618 0.125 0.5196344 0.1446344 0.5 0.125 0.5196344 0.1252982 0.5162248 0.1261841 0.512919 0.137919 0.5011839 0.125 0.5196344 0.1348172 0.5026305 0.1261841 0.512919 0.1276305 0.5098172 0.125 0.5196344 0.1276305 0.5098172 0.1295936 0.5070137 0.125 0.5196344 0.1295936 0.5070137 0.1320136 0.5045937 0.125 0.5196344 0.1320136 0.5045937 0.1348172 0.5026305 0.125 0.5196344 0.137919 0.5011839 0.1412249 0.5002983 0.125 0.5196344 0.1412249 0.5002983 0.1446344 0.5 0.125 0.5196344 0.1446344 0.5 0.3535796 0.5 0.1485382 0.75 0.3535796 0.5 0.3572993 0.5003255 0.375 0.5214204 0.1485382 0.75 0.3535796 0.5 0.3586292 0.7500001 0.3572993 0.5003255 0.3609058 0.5012919 0.375 0.5214204 0.3609058 0.5012919 0.3642898 0.5028698 0.375 0.5214204 0.3642898 0.5028698 0.3673484 0.5050114 0.375 0.5214204 0.3673484 0.5050114 0.3699886 0.5076517 0.375 0.5214204 0.3699886 0.5076517 0.3721302 0.5107102 0.375 0.5214204 0.3721302 0.5107102 0.3737082 0.5140941 0.375 0.5214204 0.3737082 0.5140941 0.3746746 0.5177007 0.375 0.5214204 0.375 0.5214204 0.375 0.7336292 0.3586292 0.7500001 0.375 0.7336292 0.3747513 0.7364719 0.3740127 0.7392283 0.3728067 0.7418146 0.375 0.7336292 0.3740127 0.7392283 0.3728067 0.7418146 0.3711699 0.7441521 0.375 0.7336292 0.3711699 0.7441521 0.3691521 0.7461699 0.375 0.7336292 0.3691521 0.7461699 0.3668145 0.7478067 0.375 0.7336292 0.3668145 0.7478067 0.3642283 0.7490128 0.375 0.7336292 0.3642283 0.7490128 0.3614719 0.7497513 0.375 0.7336292 0.3614719 0.7497513 0.3586292 0.7500001 0.375 0.7336292 0.1485382 0.75 0.1444508 0.7496423 0.125 0.7264618 0.3586292 0.7500001 0.3535796 0.5 0.375 0.5214204 0.1444508 0.7496423 0.1404877 0.7485805 0.125 0.7264618 0.1404877 0.7485805 0.1367691 0.7468465 0.125 0.7264618 0.1367691 0.7468465 0.1334081 0.7444932 0.125 0.7264618 0.1334081 0.7444932 0.1305069 0.7415918 0.125 0.7264618 0.1305069 0.7415918 0.1281535 0.7382308 0.125 0.7264618 0.1281535 0.7382308 0.1264195 0.7345123 0.125 0.7264618 0.1264195 0.7345123 0.1253576 0.7305491 0.125 0.7264618 0.375 0.7663709 0.375 0.7635281 0.625 0.7635281 0.375 0.7635281 0.375 0.7607717 0.625 0.7607717 0.375 0.7607717 0.375 0.7581855 0.625 0.7581855 0.375 0.7581855 0.375 0.7558479 0.625 0.7558479 0.375 0.7558479 0.375 0.7441521 0.625 0.7441521 0.375 0.7441521 0.375 0.7418146 0.625 0.7418146 0.375 0.7418146 0.375 0.7392283 0.625 0.7392283 0.375 0.7392283 0.375 0.7364719 0.625 0.7364719 0.375 0.7364719 0.375 0.7336292 0.625 0.7336292 0.375 0.5214204 0.375 0.5177008 0.625 0.5177008 0.375 0.5177008 0.375 0.5140942 0.625 0.5140942 0.375 0.5140942 0.375 0.5107102 0.625 0.5107102 0.375 0.5107102 0.375 0.5076516 0.625 0.5076516 0.375 0.5076516 0.375 0.4923484 0.625 0.4923484 0.375 0.4923484 0.375 0.4892898 0.625 0.4892898 0.375 0.4892898 0.375 0.4859058 0.625 0.4859058 0.375 0.4859058 0.375 0.4822992 0.625 0.4822992 0.375 0.4822992 0.375 0.4785796 0.625 0.4785796 0.625 0.7663709 0.625 0.9764618 0.375 0.9764618 0.375 0.2696344 0.375 0.2662249 0.625 0.2662249 0.375 0.2662249 0.375 0.262919 0.625 0.262919 0.375 0.262919 0.375 0.2598172 0.625 0.2598172 0.375 0.2598172 0.375 0.2570136 0.625 0.2570136 0.375 0.2570136 0.375 0.2429863 0.625 0.2429863 0.375 0.2429863 0.375 0.2401828 0.625 0.2401828 0.375 0.2401828 0.375 0.2370809 0.625 0.2370809 0.375 0.2370809 0.375 0.233775 0.625 0.233775 0.375 0.233775 0.375 0.2303656 0.625 0.2303656 0.625 0.7336292 0.625 0.5214204 0.6413708 0.75 0.625 0.5214204 0.6253254 0.5177008 0.6262919 0.5140942 0.6390941 0.5012918 0.625 0.5214204 0.6357101 0.5028697 0.6262919 0.5140942 0.6278699 0.5107101 0.625 0.5214204 0.6278699 0.5107101 0.6300114 0.5076516 0.625 0.5214204 0.6300114 0.5076516 0.6326515 0.5050113 0.625 0.5214204 0.6326515 0.5050113 0.6357101 0.5028697 0.625 0.5214204 0.6390941 0.5012918 0.6427009 0.5003255 0.625 0.5214204 0.6427009 0.5003255 0.6464204 0.5 0.625 0.5214204 0.6464204 0.5 0.8553656 0.5 0.8514618 0.75 0.8553656 0.5 0.8587751 0.5002983 0.875 0.5196344 0.8514618 0.75 0.8553656 0.5 0.875 0.7264618 0.8587751 0.5002983 0.8620808 0.5011841 0.875 0.5196344 0.8620808 0.5011841 0.8651829 0.5026305 0.875 0.5196344 0.8651829 0.5026305 0.8679865 0.5045936 0.875 0.5196344 0.8679865 0.5045936 0.8704066 0.5070137 0.875 0.5196344 0.8704066 0.5070137 0.8723695 0.5098171 0.875 0.5196344 0.8723695 0.5098171 0.8738158 0.512919 0.875 0.5196344 0.8738158 0.512919 0.8747015 0.5162249 0.875 0.5196344 0.875 0.5196344 0.875 0.7264618 0.8553656 0.5 0.875 0.7264618 0.8746423 0.730549 0.8735803 0.7345123 0.8718465 0.7382308 0.875 0.7264618 0.8735803 0.7345123 0.8718465 0.7382308 0.8694931 0.7415918 0.875 0.7264618 0.8694931 0.7415918 0.866592 0.7444933 0.875 0.7264618 0.866592 0.7444933 0.863231 0.7468464 0.875 0.7264618 0.863231 0.7468464 0.8595121 0.7485803 0.875 0.7264618 0.8595121 0.7485803 0.8555491 0.7496424 0.875 0.7264618 0.8555491 0.7496424 0.8514618 0.75 0.875 0.7264618 0.8514618 0.75 0.6413708 0.75 0.6464204 0.5 0.6413708 0.75 0.6385281 0.7497513 0.625 0.7336292 0.6464204 0.5 0.6413708 0.75 0.625 0.5214204 0.6385281 0.7497513 0.6357717 0.7490127 0.625 0.7336292 0.6357717 0.7490127 0.6331855 0.7478067 0.625 0.7336292 0.6331855 0.7478067 0.6308479 0.7461699 0.625 0.7336292 0.6308479 0.7461699 0.6288301 0.7441521 0.625 0.7336292 0.6288301 0.7441521 0.6271933 0.7418146 0.625 0.7336292 0.6271933 0.7418146 0.6259874 0.7392284 0.625 0.7336292 0.625 0.9764618 0.625 0.9805491 0.375 0.9805492 0.625 0.9805491 0.625 0.9845123 0.375 0.9845123 0.625 0.9845123 0.625 0.9882309 0.375 0.9882309 0.625 0.9882309 0.625 0.9915918 0.375 0.9915919 0.625 0 0.625 0.008408129 0.375 0.008408129 0.625 0.008408129 0.625 0.01176911 0.375 0.01176911 0.625 0.01176911 0.625 0.01548767 0.375 0.01548767 0.625 0.01548767 0.625 0.01945084 0.375 0.01945084 0.625 0.01945084 0.625 0.02353823 0.375 0.02353823 0.625 0.02353823 0.625 0.2303656 0.375 0.2303656 0.625 0.70611 0.625 0.5271937 0.875 0.532486 0.625 0.5271937 0.6255619 0.5224716 0.6619829 0.5 0.875 0.532486 0.625 0.5271937 0.8308198 0.5 0.6255619 0.5224716 0.6272304 0.5178929 0.6619829 0.5 0.6272304 0.5178929 0.6299547 0.5135968 0.6619829 0.5 0.6299547 0.5135968 0.6336523 0.5097139 0.6619829 0.5 0.6336523 0.5097139 0.6382107 0.5063621 0.6619829 0.5 0.6382107 0.5063621 0.6434914 0.5036433 0.6619829 0.5 0.6434914 0.5036433 0.6493339 0.50164 0.6619829 0.5 0.6493339 0.50164 0.6555609 0.5004132 0.6619829 0.5 0.6619829 0.5 0.8308198 0.5 0.625 0.5271937 0.8308198 0.5 0.8384915 0.5004936 0.8459305 0.5019593 0.875 0.532486 0.8308198 0.5 0.8743289 0.5268448 0.8459305 0.5019593 0.8529101 0.5043523 0.8308198 0.5 0.8529101 0.5043523 0.8592181 0.5076001 0.8308198 0.5 0.8592181 0.5076001 0.8646638 0.5116045 0.8308198 0.5 0.8646638 0.5116045 0.8690809 0.5162429 0.8308198 0.5 0.8690809 0.5162429 0.8723357 0.5213753 0.8308198 0.5 0.8723357 0.5213753 0.8743289 0.5268448 0.8308198 0.5 0.875 0.532486 0.875 0.708634 0.625 0.70611 0.875 0.708634 0.8741453 0.7158171 0.8187431 0.75 0.625 0.70611 0.875 0.708634 0.6846896 0.75 0.8741453 0.7158171 0.8716073 0.7227819 0.8187431 0.75 0.8716073 0.7227819 0.8674629 0.729317 0.8187431 0.75 0.8674629 0.729317 0.8618384 0.7352236 0.8187431 0.75 0.8618384 0.7352236 0.8549044 0.7403222 0.8187431 0.75 0.8549044 0.7403222 0.8468715 0.744458 0.8187431 0.75 0.8468715 0.744458 0.8379841 0.7475053 0.8187431 0.75 0.8379841 0.7475053 0.828512 0.7493716 0.8187431 0.75 0.8187431 0.75 0.6846896 0.75 0.875 0.708634 0.6846896 0.75 0.6743246 0.7493332 0.6642745 0.747353 0.625 0.70611 0.6846896 0.75 0.6259068 0.7137314 0.6642745 0.747353 0.6548449 0.74412 0.6846896 0.75 0.6548449 0.74412 0.6463218 0.7397316 0.6846896 0.75 0.6463218 0.7397316 0.6389646 0.7343218 0.6846896 0.75 0.6389646 0.7343218 0.6329969 0.7280549 0.6846896 0.75 0.6329969 0.7280549 0.6285997 0.7211212 0.6846896 0.75 0.125 0.708634 0.125 0.532486 0.375 0.70611 0.125 0.532486 0.1256712 0.5268449 0.1691802 0.5 0.375 0.5271937 0.125 0.532486 0.1691802 0.5 0.1256712 0.5268449 0.1276643 0.5213751 0.1691802 0.5 0.1276643 0.5213751 0.130919 0.5162432 0.1691802 0.5 0.130919 0.5162432 0.1353362 0.5116045 0.1691802 0.5 0.1353362 0.5116045 0.1407817 0.5076003 0.1691802 0.5 0.1407817 0.5076003 0.1470901 0.5043524 0.1691802 0.5 0.1470901 0.5043524 0.1540697 0.5019592 0.1691802 0.5 0.1540697 0.5019592 0.1615084 0.5004935 0.1691802 0.5 0.1691802 0.5 0.3380172 0.5 0.375 0.5271937 0.3380172 0.5 0.3444392 0.5004132 0.3506661 0.50164 0.375 0.5271937 0.3380172 0.5 0.3744382 0.5224716 0.3506661 0.50164 0.3565086 0.5036433 0.3380172 0.5 0.3565086 0.5036433 0.3617892 0.506362 0.3380172 0.5 0.3617892 0.506362 0.3663477 0.5097139 0.3380172 0.5 0.3663477 0.5097139 0.3700452 0.5135968 0.3380172 0.5 0.3700452 0.5135968 0.3727697 0.5178929 0.3380172 0.5 0.3727697 0.5178929 0.3744382 0.5224716 0.3380172 0.5 0.375 0.5271937 0.375 0.70611 0.125 0.532486 0.375 0.70611 0.3740932 0.7137314 0.3153104 0.7500001 0.125 0.708634 0.375 0.70611 0.3153104 0.7500001 0.3740932 0.7137314 0.3714003 0.7211212 0.3153104 0.7500001 0.3714003 0.7211212 0.367003 0.728055 0.3153104 0.7500001 0.367003 0.728055 0.3610353 0.7343218 0.3153104 0.7500001 0.3610353 0.7343218 0.3536782 0.7397316 0.3153104 0.7500001 0.3536782 0.7397316 0.3451552 0.7441198 0.3153104 0.7500001 0.3451552 0.7441198 0.3357254 0.747353 0.3153104 0.7500001 0.3357254 0.747353 0.3256754 0.7493332 0.3153104 0.7500001 0.3153104 0.7500001 0.181257 0.75 0.125 0.708634 0.181257 0.75 0.1714881 0.7493717 0.1620159 0.7475053 0.125 0.708634 0.181257 0.75 0.1258546 0.7158171 0.1620159 0.7475053 0.1531285 0.7444581 0.181257 0.75 0.1531285 0.7444581 0.1450957 0.7403222 0.181257 0.75 0.1450957 0.7403222 0.1381616 0.7352234 0.181257 0.75 0.1381616 0.7352234 0.132537 0.7293169 0.181257 0.75 0.132537 0.7293169 0.1283927 0.722782 0.181257 0.75 0.375 0.5271937 0.375 0.5224716 0.625 0.5224716 0.375 0.5224716 0.375 0.5178928 0.625 0.5178929 0.375 0.5178928 0.375 0.5135968 0.625 0.5135968 0.375 0.5135968 0.375 0.5097139 0.625 0.509714 0.375 0.5097139 0.375 0.4867892 0.625 0.4867893 0.375 0.4867892 0.375 0.4815086 0.625 0.4815086 0.375 0.4815086 0.375 0.4756661 0.625 0.4756661 0.375 0.4756661 0.375 0.4694392 0.625 0.4694392 0.375 0.4694392 0.375 0.4630172 0.625 0.4630172 0.625 0.2941802 0.625 0.4630172 0.375 0.4630172 0.625 0.9437431 0.625 0.953512 0.375 0.953512 0.625 0.953512 0.625 0.9629841 0.375 0.962984 0.625 0.9629841 0.625 0.9718716 0.375 0.9718715 0.625 0.9718716 0.625 0.9799043 0.375 0.9799043 0.625 0 0.625 0.0147764 0.375 0.0147764 0.625 0.0147764 0.625 0.02068299 0.375 0.02068299 0.625 0.02068299 0.625 0.02721798 0.375 0.02721798 0.625 0.02721798 0.625 0.03418284 0.375 0.03418284 0.625 0.03418284 0.625 0.04136598 0.375 0.04136598 0.625 0.8096897 0.625 0.9437431 0.375 0.943743 0.375 0.8096895 0.375 0.7993246 0.625 0.7993246 0.625 0.7993246 0.375 0.7993246 0.375 0.7892745 0.375 0.7892745 0.375 0.7798448 0.625 0.7798448 0.375 0.7798448 0.375 0.7713218 0.625 0.7713218 0.375 0.7713218 0.375 0.734322 0.625 0.734322 0.375 0.734322 0.375 0.728055 0.625 0.728055 0.375 0.728055 0.375 0.7211213 0.625 0.7211213 0.375 0.7211213 0.375 0.7137314 0.625 0.7137314 0.375 0.7137314 0.375 0.70611 0.625 0.70611 0.625 0.5271937 0.625 0.70611 0.375 0.70611 0.625 0.2941802 0.375 0.2941802 0.375 0.2865085 0.375 0.2865085 0.375 0.2790697 0.625 0.2790697 0.375 0.2790697 0.375 0.2720901 0.625 0.2720901 0.375 0.2720901 0.375 0.2657817 0.625 0.2657817 0.375 0.2657817 0.375 0.2383956 0.625 0.2383956 0.375 0.2383956 0.375 0.233757 0.625 0.233757 0.375 0.233757 0.375 0.2286249 0.625 0.2286249 0.375 0.2286249 0.375 0.2231552 0.625 0.2231552 0.375 0.2231552 0.375 0.217514 0.625 0.217514 0.625 0.04136598 0.625 0.217514 0.375 0.217514</float_array>
          <technique_common>
            <accessor source="#Cylinder_015-mesh-map-0-array" count="5484" stride="2">
              <param name="S" type="float"/>
              <param name="T" type="float"/>
            </accessor>
          </technique_common>
        </source>
        <vertices id="Cylinder_015-mesh-vertices">
          <input semantic="POSITION" source="#Cylinder_015-mesh-positions"/>
        </vertices>
        <triangles material="Material-material" count="124">
          <input semantic="VERTEX" source="#Cylinder_015-mesh-vertices" offset="0"/>
          <input semantic="NORMAL" source="#Cylinder_015-mesh-normals" offset="1"/>
          <input semantic="TEXCOORD" source="#Cylinder_015-mesh-map-0" offset="2" set="0"/>
          <p>1 0 0 2 0 1 0 0 2 3 1 3 4 1 4 2 1 5 5 2 6 6 2 7 4 2 8 7 3 9 8 3 10 6 3 11 9 4 12 10 4 13 8 4 14 11 5 15 12 5 16 10 5 17 13 6 18 14 6 19 12 6 20 15 7 21 16 7 22 14 7 23 17 8 24 18 8 25 16 8 26 19 9 27 20 9 28 18 9 29 21 10 30 22 10 31 20 10 32 23 11 33 24 11 34 22 11 35 25 12 36 26 12 37 24 12 38 27 13 39 28 13 40 26 13 41 29 14 42 30 14 43 28 14 44 31 15 45 32 15 46 30 15 47 33 16 48 34 16 49 32 16 50 35 17 51 36 17 52 34 17 53 37 18 54 38 18 55 36 18 56 39 19 57 40 19 58 38 19 59 41 20 60 42 20 61 40 20 62 43 21 63 44 21 64 42 21 65 45 22 66 46 22 67 44 22 68 47 23 69 48 23 70 46 23 71 49 24 72 50 24 73 48 24 74 51 25 75 52 25 76 50 25 77 53 26 78 54 26 79 52 26 80 55 27 81 56 27 82 54 27 83 57 28 84 58 28 85 56 28 86 59 29 87 60 29 88 58 29 89 53 30 90 37 30 91 21 30 92 61 31 93 62 31 94 60 31 95 63 32 96 0 32 97 62 32 98 14 33 99 30 33 100 46 33 101 1 0 1479 3 0 1480 2 0 1481 3 431 1482 5 431 1483 4 431 1484 5 2 1485 7 2 1486 6 2 1487 7 432 1488 9 432 1489 8 432 1490 9 4 1491 11 4 1492 10 4 1493 11 433 1494 13 433 1495 12 433 1496 13 6 1497 15 6 1498 14 6 1499 15 7 1500 17 7 1501 16 7 1502 17 8 1503 19 8 1504 18 8 1505 19 434 1506 21 434 1507 20 434 1508 21 435 1509 23 435 1510 22 435 1511 23 436 1512 25 436 1513 24 436 1514 25 12 1515 27 12 1516 26 12 1517 27 437 1518 29 437 1519 28 437 1520 29 438 1521 31 438 1522 30 438 1523 31 15 1524 33 15 1525 32 15 1526 33 16 1527 35 16 1528 34 16 1529 35 439 1530 37 439 1531 36 439 1532 37 440 1533 39 440 1534 38 440 1535 39 441 1536 41 441 1537 40 441 1538 41 442 1539 43 442 1540 42 442 1541 43 443 1542 45 443 1543 44 443 1544 45 22 1545 47 22 1546 46 22 1547 47 23 1548 49 23 1549 48 23 1550 49 24 1551 51 24 1552 50 24 1553 51 444 1554 53 444 1555 52 444 1556 53 26 1557 55 26 1558 54 26 1559 55 27 1560 57 27 1561 56 27 1562 57 28 1563 59 28 1564 58 28 1565 59 445 1566 61 445 1567 60 445 1568 5 30 1569 3 30 1570 61 30 1571 3 30 1572 1 30 1573 61 30 1574 1 30 1575 63 30 1576 61 30 1577 61 30 1578 59 30 1579 57 30 1580 57 30 1581 55 30 1582 61 30 1583 55 30 1584 53 30 1585 61 30 1586 53 446 1587 51 446 1588 49 446 1589 49 447 1590 47 447 1591 45 447 1592 45 30 1593 43 30 1594 41 30 1595 41 30 1596 39 30 1597 37 30 1598 37 30 1599 35 30 1600 33 30 1601 33 30 1602 31 30 1603 29 30 1604 29 30 1605 27 30 1606 25 30 1607 25 30 1608 23 30 1609 21 30 1610 21 448 1611 19 448 1612 17 448 1613 17 449 1614 15 449 1615 13 449 1616 13 30 1617 11 30 1618 9 30 1619 9 30 1620 7 30 1621 5 30 1622 53 30 1623 49 30 1624 37 30 1625 49 30 1626 45 30 1627 37 30 1628 45 30 1629 41 30 1630 37 30 1631 37 30 1632 33 30 1633 29 30 1634 29 30 1635 25 30 1636 37 30 1637 25 30 1638 21 30 1639 37 30 1640 21 450 1641 17 450 1642 5 450 1643 17 30 1644 13 30 1645 5 30 1646 13 451 1647 9 451 1648 5 451 1649 5 452 1650 61 452 1651 53 452 1652 5 30 1653 53 30 1654 21 30 1655 61 453 1656 63 453 1657 62 453 1658 63 32 1659 1 32 1660 0 32 1661 62 33 1662 0 33 1663 2 33 1664 2 33 1665 4 33 1666 6 33 1667 6 33 1668 8 33 1669 10 33 1670 10 33 1671 12 33 1672 14 33 1673 14 33 1674 16 33 1675 18 33 1676 18 33 1677 20 33 1678 22 33 1679 22 33 1680 24 33 1681 26 33 1682 26 33 1683 28 33 1684 30 33 1685 30 33 1686 32 33 1687 34 33 1688 34 33 1689 36 33 1690 38 33 1691 38 33 1692 40 33 1693 42 33 1694 42 33 1695 44 33 1696 46 33 1697 46 33 1698 48 33 1699 50 33 1700 50 33 1701 52 33 1702 46 33 1703 52 33 1704 54 33 1705 46 33 1706 54 33 1707 56 33 1708 62 33 1709 56 33 1710 58 33 1711 62 33 1712 58 33 1713 60 33 1714 62 33 1715 62 33 1716 2 33 1717 14 33 1718 2 33 1719 6 33 1720 14 33 1721 6 33 1722 10 33 1723 14 33 1724 14 33 1725 18 33 1726 22 33 1727 22 33 1728 26 33 1729 14 33 1730 26 33 1731 30 33 1732 14 33 1733 30 33 1734 34 33 1735 46 33 1736 34 454 1737 38 454 1738 46 454 1739 38 455 1740 42 455 1741 46 455 1742 46 33 1743 54 33 1744 62 33 1745 62 456 1746 14 456 1747 46 456 1748</p>
        </triangles>
        <triangles material="Material_010-material" count="124">
          <input semantic="VERTEX" source="#Cylinder_015-mesh-vertices" offset="0"/>
          <input semantic="NORMAL" source="#Cylinder_015-mesh-normals" offset="1"/>
          <input semantic="TEXCOORD" source="#Cylinder_015-mesh-map-0" offset="2" set="0"/>
          <p>65 34 102 66 34 103 64 34 104 67 35 105 68 35 106 66 35 107 69 36 108 70 36 109 68 36 110 71 37 111 72 37 112 70 37 113 73 38 114 74 38 115 72 38 116 75 39 117 76 39 118 74 39 119 77 40 120 78 40 121 76 40 122 79 41 123 80 41 124 78 41 125 81 42 126 82 42 127 80 42 128 83 43 129 84 43 130 82 43 131 85 44 132 86 44 133 84 44 134 87 45 135 88 45 136 86 45 137 89 46 138 90 46 139 88 46 140 91 47 141 92 47 142 90 47 143 93 48 144 94 48 145 92 48 146 95 49 147 96 49 148 94 49 149 97 50 150 98 50 151 96 50 152 99 51 153 100 51 154 98 51 155 101 52 156 102 52 157 100 52 158 103 53 159 104 53 160 102 53 161 105 54 162 106 54 163 104 54 164 107 55 165 108 55 166 106 55 167 109 56 168 110 56 169 108 56 170 111 57 171 112 57 172 110 57 173 113 58 174 114 58 175 112 58 176 115 59 177 116 59 178 114 59 179 117 60 180 118 60 181 116 60 182 119 61 183 120 61 184 118 61 185 121 62 186 122 62 187 120 62 188 123 63 189 124 63 190 122 63 191 89 30 192 85 30 193 73 30 194 125 64 195 126 64 196 124 64 197 127 65 198 64 65 199 126 65 200 106 66 201 110 66 202 118 66 203 65 34 1749 67 34 1750 66 34 1751 67 35 1752 69 35 1753 68 35 1754 69 457 1755 71 457 1756 70 457 1757 71 37 1758 73 37 1759 72 37 1760 73 458 1761 75 458 1762 74 458 1763 75 459 1764 77 459 1765 76 459 1766 77 460 1767 79 460 1768 78 460 1769 79 41 1770 81 41 1771 80 41 1772 81 42 1773 83 42 1774 82 42 1775 83 461 1776 85 461 1777 84 461 1778 85 462 1779 87 462 1780 86 462 1781 87 463 1782 89 463 1783 88 463 1784 89 46 1785 91 46 1786 90 46 1787 91 464 1788 93 464 1789 92 464 1790 93 465 1791 95 465 1792 94 465 1793 95 49 1794 97 49 1795 96 49 1796 97 50 1797 99 50 1798 98 50 1799 99 466 1800 101 466 1801 100 466 1802 101 467 1803 103 467 1804 102 467 1805 103 53 1806 105 53 1807 104 53 1808 105 54 1809 107 54 1810 106 54 1811 107 55 1812 109 55 1813 108 55 1814 109 468 1815 111 468 1816 110 468 1817 111 57 1818 113 57 1819 112 57 1820 113 58 1821 115 58 1822 114 58 1823 115 59 1824 117 59 1825 116 59 1826 117 469 1827 119 469 1828 118 469 1829 119 61 1830 121 61 1831 120 61 1832 121 62 1833 123 62 1834 122 62 1835 123 470 1836 125 470 1837 124 470 1838 69 30 1839 67 30 1840 101 30 1841 67 30 1842 65 30 1843 101 30 1844 65 30 1845 127 30 1846 101 30 1847 127 30 1848 125 30 1849 101 30 1850 125 30 1851 123 30 1852 101 30 1853 123 30 1854 121 30 1855 101 30 1856 121 471 1857 119 471 1858 117 471 1859 117 30 1860 115 30 1861 113 30 1862 113 30 1863 111 30 1864 117 30 1865 111 30 1866 109 30 1867 117 30 1868 109 30 1869 107 30 1870 117 30 1871 107 30 1872 105 30 1873 117 30 1874 105 30 1875 103 30 1876 121 30 1877 103 30 1878 101 30 1879 121 30 1880 101 30 1881 99 30 1882 69 30 1883 99 30 1884 97 30 1885 69 30 1886 97 30 1887 95 30 1888 69 30 1889 95 30 1890 93 30 1891 69 30 1892 93 30 1893 91 30 1894 69 30 1895 91 30 1896 89 30 1897 69 30 1898 89 472 1899 87 472 1900 85 472 1901 85 30 1902 83 30 1903 77 30 1904 83 30 1905 81 30 1906 77 30 1907 81 30 1908 79 30 1909 77 30 1910 77 30 1911 75 30 1912 85 30 1913 75 30 1914 73 30 1915 85 30 1916 73 30 1917 71 30 1918 89 30 1919 71 30 1920 69 30 1921 89 30 1922 121 30 1923 117 30 1924 105 30 1925 125 64 1926 127 64 1927 126 64 1928 127 65 1929 65 65 1930 64 65 1931 126 33 1932 64 33 1933 94 33 1934 64 33 1935 66 33 1936 94 33 1937 66 473 1938 68 473 1939 94 473 1940 68 33 1941 70 33 1942 94 33 1943 70 474 1944 72 474 1945 86 474 1946 72 33 1947 74 33 1948 86 33 1949 74 33 1950 76 33 1951 78 33 1952 78 33 1953 80 33 1954 82 33 1955 82 33 1956 84 33 1957 78 33 1958 84 33 1959 86 33 1960 78 33 1961 86 33 1962 88 33 1963 70 33 1964 88 33 1965 90 33 1966 70 33 1967 90 33 1968 92 33 1969 70 33 1970 92 33 1971 94 33 1972 70 33 1973 94 33 1974 96 33 1975 126 33 1976 96 33 1977 98 33 1978 126 33 1979 98 475 1980 100 475 1981 126 475 1982 100 33 1983 102 33 1984 126 33 1985 102 476 1986 104 476 1987 118 476 1988 104 33 1989 106 33 1990 118 33 1991 106 33 1992 108 33 1993 110 33 1994 110 33 1995 112 33 1996 114 33 1997 114 33 1998 116 33 1999 110 33 2000 116 33 2001 118 33 2002 110 33 2003 118 33 2004 120 33 2005 102 33 2006 120 33 2007 122 33 2008 102 33 2009 122 33 2010 124 33 2011 102 33 2012 124 33 2013 126 33 2014 102 33 2015 74 477 2016 78 477 2017 86 477 2018</p>
        </triangles>
        <triangles material="Material_009-material" count="124">
          <input semantic="VERTEX" source="#Cylinder_015-mesh-vertices" offset="0"/>
          <input semantic="NORMAL" source="#Cylinder_015-mesh-normals" offset="1"/>
          <input semantic="TEXCOORD" source="#Cylinder_015-mesh-map-0" offset="2" set="0"/>
          <p>129 67 204 130 67 205 128 67 206 131 1 207 132 1 208 130 1 209 133 68 210 134 68 211 132 68 212 135 69 213 136 69 214 134 69 215 137 70 216 138 70 217 136 70 218 139 71 219 140 71 220 138 71 221 141 72 222 142 72 223 140 72 224 143 73 225 144 73 226 142 73 227 145 74 228 146 74 229 144 74 230 147 75 231 148 75 232 146 75 233 149 76 234 150 76 235 148 76 236 151 77 237 152 77 238 150 77 239 153 78 240 154 78 241 152 78 242 155 13 243 156 13 244 154 13 245 157 79 246 158 79 247 156 79 248 159 80 249 160 80 250 158 80 251 161 81 252 162 81 253 160 81 254 163 82 255 164 82 256 162 82 257 165 18 258 166 18 259 164 18 260 167 19 261 168 19 262 166 19 263 169 83 264 170 83 265 168 83 266 171 21 267 172 21 268 170 21 269 173 84 270 174 84 271 172 84 272 175 85 273 176 85 274 174 85 275 177 86 276 178 86 277 176 86 278 179 87 279 180 87 280 178 87 281 181 88 282 182 88 283 180 88 284 183 89 285 184 89 286 182 89 287 185 28 288 186 28 289 184 28 290 187 90 291 188 90 292 186 90 293 181 30 294 165 30 295 149 30 296 189 31 297 190 31 298 188 31 299 191 91 300 128 91 301 190 91 302 182 33 303 190 33 304 158 33 305 129 67 2019 131 67 2020 130 67 2021 131 431 2022 133 431 2023 132 431 2024 133 68 2025 135 68 2026 134 68 2027 135 478 2028 137 478 2029 136 478 2030 137 70 2031 139 70 2032 138 70 2033 139 479 2034 141 479 2035 140 479 2036 141 72 2037 143 72 2038 142 72 2039 143 73 2040 145 73 2041 144 73 2042 145 74 2043 147 74 2044 146 74 2045 147 480 2046 149 480 2047 148 480 2048 149 481 2049 151 481 2050 150 481 2051 151 482 2052 153 482 2053 152 482 2054 153 78 2055 155 78 2056 154 78 2057 155 437 2058 157 437 2059 156 437 2060 157 483 2061 159 483 2062 158 483 2063 159 80 2064 161 80 2065 160 80 2066 161 81 2067 163 81 2068 162 81 2069 163 484 2070 165 484 2071 164 484 2072 165 440 2073 167 440 2074 166 440 2075 167 441 2076 169 441 2077 168 441 2078 169 485 2079 171 485 2080 170 485 2081 171 443 2082 173 443 2083 172 443 2084 173 84 2085 175 84 2086 174 84 2087 175 85 2088 177 85 2089 176 85 2090 177 86 2091 179 86 2092 178 86 2093 179 486 2094 181 486 2095 180 486 2096 181 88 2097 183 88 2098 182 88 2099 183 89 2100 185 89 2101 184 89 2102 185 28 2103 187 28 2104 186 28 2105 187 487 2106 189 487 2107 188 487 2108 133 30 2109 131 30 2110 129 30 2111 129 30 2112 191 30 2113 189 30 2114 189 30 2115 187 30 2116 185 30 2117 185 30 2118 183 30 2119 181 30 2120 181 30 2121 179 30 2122 177 30 2123 177 30 2124 175 30 2125 181 30 2126 175 30 2127 173 30 2128 181 30 2129 173 30 2130 171 30 2131 165 30 2132 171 30 2133 169 30 2134 165 30 2135 169 30 2136 167 30 2137 165 30 2138 165 30 2139 163 30 2140 161 30 2141 161 30 2142 159 30 2143 157 30 2144 157 30 2145 155 30 2146 153 30 2147 153 30 2148 151 30 2149 157 30 2150 151 30 2151 149 30 2152 157 30 2153 149 30 2154 147 30 2155 145 30 2156 145 30 2157 143 30 2158 149 30 2159 143 30 2160 141 30 2161 149 30 2162 141 30 2163 139 30 2164 137 30 2165 137 30 2166 135 30 2167 141 30 2168 135 30 2169 133 30 2170 141 30 2171 133 30 2172 129 30 2173 181 30 2174 129 30 2175 189 30 2176 181 30 2177 189 30 2178 185 30 2179 181 30 2180 165 30 2181 161 30 2182 149 30 2183 161 30 2184 157 30 2185 149 30 2186 181 30 2187 173 30 2188 165 30 2189 149 30 2190 141 30 2191 133 30 2192 133 30 2193 181 30 2194 149 30 2195 189 453 2196 191 453 2197 190 453 2198 191 91 2199 129 91 2200 128 91 2201 190 33 2202 128 33 2203 134 33 2204 128 33 2205 130 33 2206 134 33 2207 130 33 2208 132 33 2209 134 33 2210 134 33 2211 136 33 2212 138 33 2213 138 33 2214 140 33 2215 142 33 2216 142 33 2217 144 33 2218 146 33 2219 146 33 2220 148 33 2221 150 33 2222 150 33 2223 152 33 2224 154 33 2225 154 33 2226 156 33 2227 150 33 2228 156 33 2229 158 33 2230 150 33 2231 158 33 2232 160 33 2233 166 33 2234 160 33 2235 162 33 2236 166 33 2237 162 33 2238 164 33 2239 166 33 2240 166 33 2241 168 33 2242 170 33 2243 170 33 2244 172 33 2245 174 33 2246 174 33 2247 176 33 2248 178 33 2249 178 33 2250 180 33 2251 174 33 2252 180 33 2253 182 33 2254 174 33 2255 182 33 2256 184 33 2257 190 33 2258 184 33 2259 186 33 2260 190 33 2261 186 33 2262 188 33 2263 190 33 2264 134 33 2265 138 33 2266 190 33 2267 138 33 2268 142 33 2269 190 33 2270 142 33 2271 146 33 2272 150 33 2273 166 33 2274 170 33 2275 174 33 2276 142 33 2277 150 33 2278 190 33 2279 150 33 2280 158 33 2281 190 33 2282 158 33 2283 166 33 2284 174 33 2285 174 33 2286 182 33 2287 158 33 2288</p>
        </triangles>
        <triangles material="Material_002-material" count="560">
          <input semantic="VERTEX" source="#Cylinder_015-mesh-vertices" offset="0"/>
          <input semantic="NORMAL" source="#Cylinder_015-mesh-normals" offset="1"/>
          <input semantic="TEXCOORD" source="#Cylinder_015-mesh-map-0" offset="2" set="0"/>
          <p>193 92 306 194 92 307 192 92 308 195 93 309 196 93 310 194 93 311 197 94 312 198 94 313 196 94 314 199 95 315 200 95 316 198 95 317 201 96 318 202 96 319 200 96 320 203 97 321 204 97 322 202 97 323 205 98 324 206 98 325 204 98 326 437 99 327 440 99 328 208 99 329 440 100 330 209 100 331 208 100 332 433 101 333 211 101 334 210 101 335 211 102 336 212 102 337 210 102 338 213 103 339 214 103 340 212 103 341 215 104 342 216 104 343 214 104 344 217 105 345 218 105 346 216 105 347 219 106 348 220 106 349 218 106 350 221 107 351 222 107 352 220 107 353 223 108 354 224 108 355 222 108 356 225 109 357 226 109 358 224 109 359 227 110 360 228 110 361 226 110 362 229 111 363 230 111 364 228 111 365 231 112 366 232 112 367 230 112 368 233 113 369 234 113 370 232 113 371 434 114 372 442 114 373 236 114 374 442 115 375 237 115 376 236 115 377 438 116 378 239 116 379 238 116 380 239 117 381 240 117 382 238 117 383 241 118 384 242 118 385 240 118 386 243 119 387 244 119 388 242 119 389 245 120 390 246 120 391 244 120 392 247 121 393 248 121 394 246 121 395 199 122 396 197 122 397 435 122 398 249 123 399 250 123 400 248 123 401 251 124 402 192 124 403 250 124 404 246 33 405 248 33 406 228 33 407 253 125 408 254 125 409 252 125 410 255 126 411 256 126 412 254 126 413 257 127 414 258 127 415 256 127 416 259 128 417 260 128 418 258 128 419 261 129 420 262 129 421 260 129 422 263 130 423 264 130 424 262 130 425 265 131 426 266 131 427 264 131 428 449 132 429 451 132 430 268 132 431 451 133 432 269 133 433 268 133 434 445 134 435 271 134 436 270 134 437 271 135 438 272 135 439 270 135 440 273 136 441 274 136 442 272 136 443 275 137 444 276 137 445 274 137 446 277 138 447 278 138 448 276 138 449 279 139 450 280 139 451 278 139 452 281 140 453 282 140 454 280 140 455 283 141 456 284 141 457 282 141 458 285 142 459 286 142 460 284 142 461 287 143 462 288 143 463 286 143 464 289 144 465 290 144 466 288 144 467 291 145 468 292 145 469 290 145 470 293 146 471 294 146 472 292 146 473 446 147 474 453 147 475 296 147 476 453 148 477 297 148 478 296 148 479 450 149 480 299 149 481 298 149 482 299 150 483 300 150 484 298 150 485 301 151 486 302 151 487 300 151 488 303 152 489 304 152 490 302 152 491 305 153 492 306 153 493 304 153 494 307 154 495 308 154 496 306 154 497 259 155 498 257 155 499 447 155 500 309 156 501 310 156 502 308 156 503 311 157 504 252 157 505 310 157 506 306 33 507 308 33 508 288 33 509 313 158 510 314 158 511 312 158 512 315 159 513 316 159 514 314 159 515 317 160 516 318 160 517 316 160 518 319 161 519 320 161 520 318 161 521 321 162 522 322 162 523 320 162 524 323 163 525 324 163 526 322 163 527 460 164 528 464 164 529 326 164 530 464 165 531 327 165 532 326 165 533 457 166 534 329 166 535 328 166 536 329 167 537 330 167 538 328 167 539 331 168 540 332 168 541 330 168 542 333 169 543 334 169 544 332 169 545 335 170 546 336 170 547 334 170 548 337 171 549 338 171 550 336 171 551 339 172 552 340 172 553 338 172 554 341 173 555 342 173 556 340 173 557 343 174 558 344 174 559 342 174 560 345 175 561 346 175 562 344 175 563 347 176 564 348 176 565 346 176 566 349 177 567 350 177 568 348 177 569 351 178 570 352 178 571 350 178 572 353 179 573 354 179 574 352 179 575 355 180 576 356 180 577 354 180 578 356 181 579 458 181 580 358 181 581 465 182 582 359 182 583 358 182 584 462 183 585 361 183 586 360 183 587 361 184 588 362 184 589 360 184 590 363 185 591 364 185 592 362 185 593 365 186 594 366 186 595 364 186 596 367 187 597 368 187 598 366 187 599 319 30 600 317 30 601 459 30 602 369 188 603 370 188 604 368 188 605 371 189 606 312 189 607 370 189 608 366 33 609 368 33 610 348 33 611 373 190 612 374 190 613 372 190 614 375 191 615 376 191 616 374 191 617 377 192 618 378 192 619 376 192 620 379 193 621 380 193 622 378 193 623 381 194 624 382 194 625 380 194 626 383 195 627 384 195 628 382 195 629 472 196 630 476 196 631 386 196 632 476 197 633 387 197 634 386 197 635 468 198 636 389 198 637 388 198 638 389 199 639 390 199 640 388 199 641 391 200 642 392 200 643 390 200 644 393 201 645 394 201 646 392 201 647 395 202 648 396 202 649 394 202 650 397 203 651 398 203 652 396 203 653 399 204 654 400 204 655 398 204 656 401 205 657 402 205 658 400 205 659 403 206 660 404 206 661 402 206 662 405 175 663 406 175 664 404 175 665 407 207 666 408 207 667 406 207 668 409 177 669 410 177 670 408 177 671 411 208 672 412 208 673 410 208 674 413 209 675 414 209 676 412 209 677 415 210 678 416 210 679 414 210 680 470 211 681 477 211 682 418 211 683 477 212 684 419 212 685 418 212 686 473 213 687 421 213 688 420 213 689 421 214 690 422 214 691 420 214 692 423 215 693 424 215 694 422 215 695 425 216 696 426 216 697 424 216 698 427 217 699 428 217 700 426 217 701 379 218 702 377 218 703 471 218 704 429 219 705 430 219 706 428 219 707 431 220 708 372 220 709 430 220 710 426 221 711 428 221 712 408 221 713 437 222 714 436 222 715 438 222 716 434 223 717 432 223 718 433 223 719 217 30 720 215 30 721 432 30 722 438 30 723 441 30 724 434 30 725 449 222 726 448 222 727 450 222 728 277 30 729 275 30 730 444 30 731 446 223 732 444 223 733 445 223 734 450 224 735 454 224 736 446 224 737 460 225 738 461 225 739 462 225 740 333 30 741 331 30 742 456 30 743 457 226 744 467 226 745 456 226 746 462 30 747 466 30 748 465 30 749 472 227 750 474 227 751 473 227 752 470 228 753 469 228 754 468 228 755 473 30 756 478 30 757 470 30 758 395 30 759 393 30 760 469 30 761 193 488 2289 195 488 2290 194 488 2291 195 489 2292 197 489 2293 196 489 2294 197 490 2295 199 490 2296 198 490 2297 199 95 2298 201 95 2299 200 95 2300 201 491 2301 203 491 2302 202 491 2303 203 492 2304 205 492 2305 204 492 2306 205 98 2307 207 98 2308 206 98 2309 208 493 2310 206 493 2311 437 493 2312 206 494 2313 207 494 2314 437 494 2315 207 495 2316 435 495 2317 437 495 2318 440 496 2319 439 496 2320 209 496 2321 210 497 2322 209 497 2323 433 497 2324 209 498 2325 439 498 2326 433 498 2327 433 499 2328 432 499 2329 211 499 2330 211 500 2331 213 500 2332 212 500 2333 213 501 2334 215 501 2335 214 501 2336 215 104 2337 217 104 2338 216 104 2339 217 502 2340 219 502 2341 218 502 2342 219 503 2343 221 503 2344 220 503 2345 221 504 2346 223 504 2347 222 504 2348 223 505 2349 225 505 2350 224 505 2351 225 109 2352 227 109 2353 226 109 2354 227 110 2355 229 110 2356 228 110 2357 229 506 2358 231 506 2359 230 506 2360 231 507 2361 233 507 2362 232 507 2363 233 508 2364 235 508 2365 234 508 2366 236 509 2367 234 509 2368 434 509 2369 234 510 2370 235 510 2371 434 510 2372 235 511 2373 443 511 2374 434 511 2375 442 512 2376 441 512 2377 237 512 2378 238 513 2379 237 513 2380 438 513 2381 237 514 2382 441 514 2383 438 514 2384 438 515 2385 436 515 2386 239 515 2387 239 117 2388 241 117 2389 240 117 2390 241 516 2391 243 516 2392 242 516 2393 243 517 2394 245 517 2395 244 517 2396 245 518 2397 247 518 2398 246 518 2399 247 121 2400 249 121 2401 248 121 2402 197 30 2403 195 30 2404 435 30 2405 195 30 2406 193 30 2407 435 30 2408 193 30 2409 251 30 2410 436 30 2411 251 30 2412 249 30 2413 436 30 2414 249 519 2415 247 519 2416 436 519 2417 247 520 2418 245 520 2419 436 520 2420 245 30 2421 243 30 2422 436 30 2423 243 521 2424 241 521 2425 436 521 2426 241 30 2427 239 30 2428 436 30 2429 436 30 2430 435 30 2431 193 30 2432 435 30 2433 207 30 2434 205 30 2435 203 522 2436 435 522 2437 205 522 2438 203 30 2439 201 30 2440 435 30 2441 201 30 2442 199 30 2443 435 30 2444 249 123 2445 251 123 2446 250 123 2447 251 523 2448 193 523 2449 192 523 2450 250 33 2451 192 33 2452 222 33 2453 192 33 2454 194 33 2455 220 33 2456 194 33 2457 196 33 2458 220 33 2459 196 33 2460 198 33 2461 218 33 2462 220 33 2463 196 33 2464 218 33 2465 198 33 2466 200 33 2467 214 33 2468 200 524 2469 202 524 2470 212 524 2471 202 33 2472 204 33 2473 212 33 2474 204 525 2475 206 525 2476 210 525 2477 212 33 2478 204 33 2479 210 33 2480 206 33 2481 208 33 2482 209 33 2483 209 526 2484 210 526 2485 206 526 2486 212 33 2487 214 33 2488 200 33 2489 214 527 2490 216 527 2491 198 527 2492 216 33 2493 218 33 2494 198 33 2495 220 33 2496 222 33 2497 192 33 2498 222 33 2499 224 33 2500 250 33 2501 224 33 2502 226 33 2503 250 33 2504 226 33 2505 228 33 2506 248 33 2507 250 33 2508 226 33 2509 248 33 2510 228 33 2511 230 33 2512 244 33 2513 230 528 2514 232 528 2515 242 528 2516 232 33 2517 234 33 2518 242 33 2519 234 529 2520 236 529 2521 240 529 2522 242 33 2523 234 33 2524 240 33 2525 236 33 2526 237 33 2527 238 33 2528 238 530 2529 240 530 2530 236 530 2531 242 33 2532 244 33 2533 230 33 2534 244 531 2535 246 531 2536 228 531 2537 253 532 2538 255 532 2539 254 532 2540 255 533 2541 257 533 2542 256 533 2543 257 534 2544 259 534 2545 258 534 2546 259 535 2547 261 535 2548 260 535 2549 261 536 2550 263 536 2551 262 536 2552 263 537 2553 265 537 2554 264 537 2555 265 131 2556 267 131 2557 266 131 2558 268 538 2559 266 538 2560 449 538 2561 266 539 2562 267 539 2563 449 539 2564 267 540 2565 447 540 2566 449 540 2567 451 541 2568 452 541 2569 269 541 2570 270 542 2571 269 542 2572 445 542 2573 269 543 2574 452 543 2575 445 543 2576 445 544 2577 444 544 2578 271 544 2579 271 545 2580 273 545 2581 272 545 2582 273 546 2583 275 546 2584 274 546 2585 275 547 2586 277 547 2587 276 547 2588 277 548 2589 279 548 2590 278 548 2591 279 549 2592 281 549 2593 280 549 2594 281 550 2595 283 550 2596 282 550 2597 283 551 2598 285 551 2599 284 551 2600 285 142 2601 287 142 2602 286 142 2603 287 552 2604 289 552 2605 288 552 2606 289 144 2607 291 144 2608 290 144 2609 291 145 2610 293 145 2611 292 145 2612 293 553 2613 295 553 2614 294 553 2615 296 554 2616 294 554 2617 446 554 2618 294 555 2619 295 555 2620 446 555 2621 295 556 2622 455 556 2623 446 556 2624 453 557 2625 454 557 2626 297 557 2627 298 558 2628 297 558 2629 450 558 2630 297 559 2631 454 559 2632 450 559 2633 450 560 2634 448 560 2635 299 560 2636 299 150 2637 301 150 2638 300 150 2639 301 561 2640 303 561 2641 302 561 2642 303 562 2643 305 562 2644 304 562 2645 305 563 2646 307 563 2647 306 563 2648 307 564 2649 309 564 2650 308 564 2651 257 30 2652 255 30 2653 447 30 2654 255 30 2655 253 30 2656 447 30 2657 253 30 2658 311 30 2659 448 30 2660 311 30 2661 309 30 2662 448 30 2663 309 565 2664 307 565 2665 448 565 2666 307 566 2667 305 566 2668 448 566 2669 305 30 2670 303 30 2671 448 30 2672 303 30 2673 301 30 2674 448 30 2675 301 567 2676 299 567 2677 448 567 2678 448 30 2679 447 30 2680 253 30 2681 447 30 2682 267 30 2683 265 30 2684 263 30 2685 447 30 2686 265 30 2687 263 30 2688 261 30 2689 447 30 2690 261 568 2691 259 568 2692 447 568 2693 309 156 2694 311 156 2695 310 156 2696 311 569 2697 253 569 2698 252 569 2699 310 33 2700 252 33 2701 282 33 2702 252 570 2703 254 570 2704 280 570 2705 254 571 2706 256 571 2707 280 571 2708 256 33 2709 258 33 2710 278 33 2711 280 33 2712 256 33 2713 278 33 2714 258 33 2715 260 33 2716 274 33 2717 260 572 2718 262 572 2719 272 572 2720 262 573 2721 264 573 2722 272 573 2723 264 33 2724 266 33 2725 270 33 2726 272 33 2727 264 33 2728 270 33 2729 266 33 2730 268 33 2731 269 33 2732 269 33 2733 270 33 2734 266 33 2735 272 574 2736 274 574 2737 260 574 2738 274 575 2739 276 575 2740 258 575 2741 276 33 2742 278 33 2743 258 33 2744 280 33 2745 282 33 2746 252 33 2747 282 576 2748 284 576 2749 310 576 2750 284 577 2751 286 577 2752 310 577 2753 286 33 2754 288 33 2755 308 33 2756 310 33 2757 286 33 2758 308 33 2759 288 33 2760 290 33 2761 304 33 2762 290 578 2763 292 578 2764 302 578 2765 292 579 2766 294 579 2767 302 579 2768 294 33 2769 296 33 2770 300 33 2771 302 33 2772 294 33 2773 300 33 2774 296 33 2775 297 33 2776 298 33 2777 298 33 2778 300 33 2779 296 33 2780 302 580 2781 304 580 2782 290 580 2783 304 581 2784 306 581 2785 288 581 2786 313 158 2787 315 158 2788 314 158 2789 315 582 2790 317 582 2791 316 582 2792 317 583 2793 319 583 2794 318 583 2795 319 161 2796 321 161 2797 320 161 2798 321 584 2799 323 584 2800 322 584 2801 323 585 2802 325 585 2803 324 585 2804 326 586 2805 324 586 2806 460 586 2807 324 587 2808 325 587 2809 460 587 2810 325 588 2811 459 588 2812 460 588 2813 464 589 2814 463 589 2815 327 589 2816 328 590 2817 327 590 2818 457 590 2819 327 591 2820 463 591 2821 457 591 2822 457 592 2823 456 592 2824 329 592 2825 329 167 2826 331 167 2827 330 167 2828 331 593 2829 333 593 2830 332 593 2831 333 594 2832 335 594 2833 334 594 2834 335 170 2835 337 170 2836 336 170 2837 337 203 2838 339 203 2839 338 203 2840 339 595 2841 341 595 2842 340 595 2843 341 173 2844 343 173 2845 342 173 2846 343 596 2847 345 596 2848 344 596 2849 345 175 2850 347 175 2851 346 175 2852 347 597 2853 349 597 2854 348 597 2855 349 598 2856 351 598 2857 350 598 2858 351 599 2859 353 599 2860 352 599 2861 353 600 2862 355 600 2863 354 600 2864 355 601 2865 357 601 2866 356 601 2867 356 602 2868 357 602 2869 458 602 2870 357 603 2871 467 603 2872 458 603 2873 458 604 2874 465 604 2875 358 604 2876 465 605 2877 466 605 2878 359 605 2879 360 606 2880 359 606 2881 462 606 2882 359 607 2883 466 607 2884 462 607 2885 462 608 2886 461 608 2887 361 608 2888 361 609 2889 363 609 2890 362 609 2891 363 610 2892 365 610 2893 364 610 2894 365 611 2895 367 611 2896 366 611 2897 367 612 2898 369 612 2899 368 612 2900 317 30 2901 315 30 2902 459 30 2903 315 30 2904 313 30 2905 459 30 2906 313 30 2907 371 30 2908 461 30 2909 371 30 2910 369 30 2911 461 30 2912 369 613 2913 367 613 2914 461 613 2915 367 614 2916 365 614 2917 461 614 2918 365 615 2919 363 615 2920 461 615 2921 363 616 2922 361 616 2923 461 616 2924 461 30 2925 459 30 2926 313 30 2927 459 617 2928 325 617 2929 323 617 2930 323 618 2931 321 618 2932 459 618 2933 321 619 2934 319 619 2935 459 619 2936 369 188 2937 371 188 2938 370 188 2939 371 620 2940 313 620 2941 312 620 2942 370 33 2943 312 33 2944 342 33 2945 312 33 2946 314 33 2947 340 33 2948 314 621 2949 316 621 2950 340 621 2951 316 33 2952 318 33 2953 338 33 2954 340 33 2955 316 33 2956 338 33 2957 318 33 2958 320 33 2959 334 33 2960 320 578 2961 322 578 2962 332 578 2963 322 33 2964 324 33 2965 332 33 2966 324 622 2967 326 622 2968 330 622 2969 332 33 2970 324 33 2971 330 33 2972 326 33 2973 327 33 2974 328 33 2975 328 33 2976 330 33 2977 326 33 2978 332 33 2979 334 33 2980 320 33 2981 334 33 2982 336 33 2983 318 33 2984 336 33 2985 338 33 2986 318 33 2987 340 623 2988 342 623 2989 312 623 2990 342 624 2991 344 624 2992 370 624 2993 344 625 2994 346 625 2995 370 625 2996 346 33 2997 348 33 2998 368 33 2999 370 33 3000 346 33 3001 368 33 3002 348 33 3003 350 33 3004 364 33 3005 350 626 3006 352 626 3007 362 626 3008 352 33 3009 354 33 3010 362 33 3011 354 627 3012 356 627 3013 360 627 3014 362 33 3015 354 33 3016 360 33 3017 356 33 3018 358 33 3019 359 33 3020 359 33 3021 360 33 3022 356 33 3023 362 33 3024 364 33 3025 350 33 3026 364 33 3027 366 33 3028 348 33 3029 373 628 3030 375 628 3031 374 628 3032 375 629 3033 377 629 3034 376 629 3035 377 630 3036 379 630 3037 378 630 3038 379 631 3039 381 631 3040 380 631 3041 381 632 3042 383 632 3043 382 632 3044 383 633 3045 385 633 3046 384 633 3047 386 634 3048 384 634 3049 472 634 3050 384 635 3051 385 635 3052 472 635 3053 385 636 3054 471 636 3055 472 636 3056 476 637 3057 475 637 3058 387 637 3059 388 638 3060 387 638 3061 468 638 3062 387 639 3063 475 639 3064 468 639 3065 468 640 3066 469 640 3067 389 640 3068 389 641 3069 391 641 3070 390 641 3071 391 642 3072 393 642 3073 392 642 3074 393 643 3075 395 643 3076 394 643 3077 395 644 3078 397 644 3079 396 644 3080 397 203 3081 399 203 3082 398 203 3083 399 595 3084 401 595 3085 400 595 3086 401 645 3087 403 645 3088 402 645 3089 403 646 3090 405 646 3091 404 646 3092 405 175 3093 407 175 3094 406 175 3095 407 647 3096 409 647 3097 408 647 3098 409 598 3099 411 598 3100 410 598 3101 411 648 3102 413 648 3103 412 648 3104 413 649 3105 415 649 3106 414 649 3107 415 650 3108 417 650 3109 416 650 3110 418 651 3111 416 651 3112 470 651 3113 416 652 3114 417 652 3115 470 652 3116 417 653 3117 479 653 3118 470 653 3119 477 654 3120 478 654 3121 419 654 3122 420 655 3123 419 655 3124 473 655 3125 419 656 3126 478 656 3127 473 656 3128 473 657 3129 474 657 3130 421 657 3131 421 658 3132 423 658 3133 422 658 3134 423 659 3135 425 659 3136 424 659 3137 425 660 3138 427 660 3139 426 660 3140 427 661 3141 429 661 3142 428 661 3143 377 30 3144 375 30 3145 471 30 3146 375 30 3147 373 30 3148 471 30 3149 373 30 3150 431 30 3151 474 30 3152 431 30 3153 429 30 3154 474 30 3155 429 662 3156 427 662 3157 474 662 3158 427 663 3159 425 663 3160 474 663 3161 425 664 3162 423 664 3163 474 664 3164 423 30 3165 421 30 3166 474 30 3167 474 30 3168 471 30 3169 373 30 3170 471 30 3171 385 30 3172 383 30 3173 383 665 3174 381 665 3175 471 665 3176 381 666 3177 379 666 3178 471 666 3179 429 667 3180 431 667 3181 430 667 3182 431 668 3183 373 668 3184 372 668 3185 430 33 3186 372 33 3187 402 33 3188 372 33 3189 374 33 3190 400 33 3191 374 669 3192 376 669 3193 400 669 3194 376 33 3195 378 33 3196 398 33 3197 400 33 3198 376 33 3199 398 33 3200 378 670 3201 380 670 3202 394 670 3203 380 33 3204 382 33 3205 392 33 3206 382 33 3207 384 33 3208 392 33 3209 384 671 3210 386 671 3211 390 671 3212 392 33 3213 384 33 3214 390 33 3215 386 672 3216 387 672 3217 388 672 3218 388 33 3219 390 33 3220 386 33 3221 392 33 3222 394 33 3223 380 33 3224 394 33 3225 396 33 3226 378 33 3227 396 33 3228 398 33 3229 378 33 3230 400 33 3231 402 33 3232 372 33 3233 402 33 3234 404 33 3235 430 33 3236 404 33 3237 406 33 3238 430 33 3239 406 33 3240 408 33 3241 428 33 3242 430 673 3243 406 673 3244 428 673 3245 408 33 3246 410 33 3247 424 33 3248 410 33 3249 412 33 3250 422 33 3251 412 33 3252 414 33 3253 422 33 3254 414 33 3255 416 33 3256 420 33 3257 422 33 3258 414 33 3259 420 33 3260 416 674 3261 418 674 3262 419 674 3263 419 33 3264 420 33 3265 416 33 3266 422 33 3267 424 33 3268 410 33 3269 424 33 3270 426 33 3271 408 33 3272 437 222 3273 435 222 3274 436 222 3275 434 223 3276 443 223 3277 432 223 3278 211 30 3279 432 30 3280 213 30 3281 432 30 3282 443 30 3283 223 30 3284 213 30 3285 432 30 3286 215 30 3287 443 30 3288 235 30 3289 233 30 3290 233 30 3291 231 30 3292 443 30 3293 231 30 3294 229 30 3295 443 30 3296 229 675 3297 227 675 3298 443 675 3299 227 30 3300 225 30 3301 443 30 3302 225 30 3303 223 30 3304 443 30 3305 223 30 3306 221 30 3307 432 30 3308 221 30 3309 219 30 3310 432 30 3311 219 676 3312 217 676 3313 432 676 3314 442 30 3315 434 30 3316 441 30 3317 434 30 3318 433 30 3319 438 30 3320 433 30 3321 439 30 3322 440 30 3323 440 30 3324 437 30 3325 433 30 3326 437 30 3327 438 30 3328 433 30 3329 449 222 3330 447 222 3331 448 222 3332 271 30 3333 444 30 3334 273 30 3335 444 30 3336 455 30 3337 283 30 3338 273 30 3339 444 30 3340 275 30 3341 455 677 3342 295 677 3343 293 677 3344 293 30 3345 291 30 3346 455 30 3347 291 30 3348 289 30 3349 455 30 3350 289 678 3351 287 678 3352 455 678 3353 287 30 3354 285 30 3355 455 30 3356 285 679 3357 283 679 3358 455 679 3359 283 680 3360 281 680 3361 444 680 3362 281 681 3363 279 681 3364 444 681 3365 279 682 3366 277 682 3367 444 682 3368 446 223 3369 455 223 3370 444 223 3371 453 30 3372 446 30 3373 454 30 3374 446 30 3375 445 30 3376 450 30 3377 445 30 3378 452 30 3379 451 30 3380 451 683 3381 449 683 3382 445 683 3383 449 30 3384 450 30 3385 445 30 3386 460 222 3387 459 222 3388 461 222 3389 329 30 3390 456 30 3391 331 30 3392 456 30 3393 467 30 3394 343 30 3395 467 30 3396 357 30 3397 355 30 3398 355 30 3399 353 30 3400 467 30 3401 353 30 3402 351 30 3403 467 30 3404 351 30 3405 349 30 3406 467 30 3407 349 684 3408 347 684 3409 467 684 3410 347 30 3411 345 30 3412 467 30 3413 345 30 3414 343 30 3415 467 30 3416 343 30 3417 341 30 3418 456 30 3419 341 30 3420 339 30 3421 456 30 3422 456 685 3423 339 685 3424 337 685 3425 337 30 3426 335 30 3427 456 30 3428 456 686 3429 335 686 3430 333 686 3431 457 687 3432 458 687 3433 467 687 3434 465 30 3435 458 30 3436 462 30 3437 458 30 3438 457 30 3439 462 30 3440 457 688 3441 463 688 3442 460 688 3443 463 689 3444 464 689 3445 460 689 3446 460 30 3447 462 30 3448 457 30 3449 472 222 3450 471 222 3451 474 222 3452 470 223 3453 479 223 3454 469 223 3455 477 30 3456 470 30 3457 478 30 3458 470 30 3459 468 30 3460 473 30 3461 468 30 3462 475 30 3463 476 30 3464 476 30 3465 472 30 3466 468 30 3467 472 30 3468 473 30 3469 468 30 3470 389 30 3471 469 30 3472 391 30 3473 469 30 3474 479 30 3475 403 30 3476 391 30 3477 469 30 3478 393 30 3479 479 30 3480 417 30 3481 415 30 3482 415 30 3483 413 30 3484 479 30 3485 413 30 3486 411 30 3487 479 30 3488 411 30 3489 409 30 3490 479 30 3491 409 30 3492 407 30 3493 479 30 3494 407 30 3495 405 30 3496 479 30 3497 405 30 3498 403 30 3499 479 30 3500 403 30 3501 401 30 3502 469 30 3503 401 30 3504 399 30 3505 469 30 3506 399 30 3507 397 30 3508 469 30 3509 397 690 3510 395 690 3511 469 690 3512</p>
        </triangles>
        <triangles material="Material_003-material" count="156">
          <input semantic="VERTEX" source="#Cylinder_015-mesh-vertices" offset="0"/>
          <input semantic="NORMAL" source="#Cylinder_015-mesh-normals" offset="1"/>
          <input semantic="TEXCOORD" source="#Cylinder_015-mesh-map-0" offset="2" set="0"/>
          <p>510 223 762 480 223 763 501 223 764 528 33 765 529 33 766 521 33 767 558 30 768 559 30 769 551 30 770 481 229 771 492 229 772 490 229 773 489 230 774 493 230 775 492 230 776 488 231 777 494 231 778 493 231 779 487 232 780 495 232 781 494 232 782 486 233 783 496 233 784 495 233 785 485 234 786 497 234 787 496 234 788 484 235 789 498 235 790 497 235 791 483 236 792 499 236 793 498 236 794 482 237 795 491 237 796 499 237 797 490 238 798 540 238 799 481 238 800 501 239 801 512 239 802 510 239 803 509 240 804 513 240 805 512 240 806 508 241 807 514 241 808 513 241 809 507 242 810 515 242 811 514 242 812 506 243 813 516 243 814 515 243 815 505 244 816 517 244 817 516 244 818 504 245 819 518 245 820 517 245 821 503 246 822 519 246 823 518 246 824 502 247 825 511 247 826 519 247 827 531 248 828 522 248 829 520 248 830 539 249 831 523 249 832 522 249 833 538 250 834 524 250 835 523 250 836 537 251 837 525 251 838 524 251 839 536 252 840 526 252 841 525 252 842 535 253 843 527 253 844 526 253 845 534 254 846 528 254 847 527 254 848 533 255 849 529 255 850 528 255 851 532 256 852 521 256 853 529 256 854 530 257 855 500 257 856 521 257 857 541 258 858 552 258 859 550 258 860 549 259 861 553 259 862 552 259 863 548 260 864 554 260 865 553 260 866 547 261 867 555 261 868 554 261 869 546 262 870 556 262 871 555 262 872 545 263 873 557 263 874 556 263 875 544 264 876 558 264 877 557 264 878 543 265 879 559 265 880 558 265 881 542 266 882 551 266 883 559 266 884 550 222 885 520 222 886 541 222 887 510 223 3513 491 223 3514 480 223 3515 521 33 3516 500 33 3517 520 33 3518 500 33 3519 502 33 3520 503 33 3521 501 33 3522 500 33 3523 509 33 3524 503 33 3525 504 33 3526 500 33 3527 504 33 3528 505 33 3529 500 33 3530 505 691 3531 506 691 3532 500 691 3533 506 33 3534 507 33 3535 500 33 3536 507 692 3537 508 692 3538 500 692 3539 508 693 3540 509 693 3541 500 693 3542 501 33 3543 480 33 3544 541 33 3545 480 694 3546 482 694 3547 481 694 3548 501 33 3549 520 33 3550 500 33 3551 482 695 3552 483 695 3553 481 695 3554 483 33 3555 484 33 3556 481 33 3557 484 33 3558 485 33 3559 481 33 3560 485 696 3561 486 696 3562 481 696 3563 486 697 3564 487 697 3565 481 697 3566 487 698 3567 488 698 3568 481 698 3569 488 699 3570 489 699 3571 481 699 3572 481 700 3573 540 700 3574 541 700 3575 540 701 3576 542 701 3577 543 701 3578 541 33 3579 540 33 3580 549 33 3581 543 33 3582 544 33 3583 540 33 3584 544 33 3585 545 33 3586 540 33 3587 545 33 3588 546 33 3589 540 33 3590 546 33 3591 547 33 3592 540 33 3593 547 33 3594 548 33 3595 540 33 3596 548 33 3597 549 33 3598 540 33 3599 541 33 3600 520 33 3601 501 33 3602 520 33 3603 522 33 3604 521 33 3605 541 702 3606 480 702 3607 481 702 3608 522 33 3609 523 33 3610 521 33 3611 523 33 3612 524 33 3613 521 33 3614 524 33 3615 525 33 3616 521 33 3617 525 33 3618 526 33 3619 521 33 3620 526 33 3621 527 33 3622 521 33 3623 527 33 3624 528 33 3625 521 33 3626 551 703 3627 490 703 3628 491 703 3629 490 30 3630 492 30 3631 493 30 3632 491 704 3633 490 704 3634 499 704 3635 493 30 3636 494 30 3637 490 30 3638 494 30 3639 495 30 3640 490 30 3641 495 30 3642 496 30 3643 490 30 3644 496 705 3645 497 705 3646 490 705 3647 497 706 3648 498 706 3649 490 706 3650 498 30 3651 499 30 3652 490 30 3653 491 30 3654 510 30 3655 550 30 3656 510 30 3657 512 30 3658 511 30 3659 491 707 3660 550 707 3661 551 707 3662 512 30 3663 513 30 3664 511 30 3665 513 708 3666 514 708 3667 511 708 3668 514 709 3669 515 709 3670 511 709 3671 515 30 3672 516 30 3673 511 30 3674 516 30 3675 517 30 3676 511 30 3677 517 710 3678 518 710 3679 511 710 3680 518 30 3681 519 30 3682 511 30 3683 511 711 3684 530 711 3685 531 711 3686 530 712 3687 532 712 3688 533 712 3689 531 30 3690 530 30 3691 539 30 3692 533 30 3693 534 30 3694 530 30 3695 534 30 3696 535 30 3697 530 30 3698 535 713 3699 536 713 3700 530 713 3701 536 714 3702 537 714 3703 530 714 3704 537 30 3705 538 30 3706 530 30 3707 538 30 3708 539 30 3709 530 30 3710 531 30 3711 550 30 3712 510 30 3713 550 30 3714 552 30 3715 551 30 3716 531 715 3717 510 715 3718 511 715 3719 552 716 3720 553 716 3721 551 716 3722 553 30 3723 554 30 3724 551 30 3725 554 717 3726 555 717 3727 551 717 3728 555 718 3729 556 718 3730 551 718 3731 556 30 3732 557 30 3733 551 30 3734 557 30 3735 558 30 3736 551 30 3737 481 719 3738 489 719 3739 492 719 3740 489 230 3741 488 230 3742 493 230 3743 488 720 3744 487 720 3745 494 720 3746 487 721 3747 486 721 3748 495 721 3749 486 722 3750 485 722 3751 496 722 3752 485 723 3753 484 723 3754 497 723 3755 484 724 3756 483 724 3757 498 724 3758 483 725 3759 482 725 3760 499 725 3761 482 726 3762 480 726 3763 491 726 3764 490 238 3765 551 238 3766 540 238 3767 501 727 3768 509 727 3769 512 727 3770 509 728 3771 508 728 3772 513 728 3773 508 729 3774 507 729 3775 514 729 3776 507 242 3777 506 242 3778 515 242 3779 506 730 3780 505 730 3781 516 730 3782 505 731 3783 504 731 3784 517 731 3785 504 245 3786 503 245 3787 518 245 3788 503 246 3789 502 246 3790 519 246 3791 502 247 3792 500 247 3793 511 247 3794 531 732 3795 539 732 3796 522 732 3797 539 733 3798 538 733 3799 523 733 3800 538 734 3801 537 734 3802 524 734 3803 537 735 3804 536 735 3805 525 735 3806 536 252 3807 535 252 3808 526 252 3809 535 736 3810 534 736 3811 527 736 3812 534 254 3813 533 254 3814 528 254 3815 533 737 3816 532 737 3817 529 737 3818 532 738 3819 530 738 3820 521 738 3821 530 257 3822 511 257 3823 500 257 3824 541 258 3825 549 258 3826 552 258 3827 549 739 3828 548 739 3829 553 739 3830 548 740 3831 547 740 3832 554 740 3833 547 741 3834 546 741 3835 555 741 3836 546 742 3837 545 742 3838 556 742 3839 545 743 3840 544 743 3841 557 743 3842 544 744 3843 543 744 3844 558 744 3845 543 745 3846 542 745 3847 559 745 3848 542 746 3849 540 746 3850 551 746 3851 550 222 3852 531 222 3853 520 222 3854</p>
        </triangles>
        <triangles material="Material_006-material" count="272">
          <input semantic="VERTEX" source="#Cylinder_015-mesh-vertices" offset="0"/>
          <input semantic="NORMAL" source="#Cylinder_015-mesh-normals" offset="1"/>
          <input semantic="TEXCOORD" source="#Cylinder_015-mesh-map-0" offset="2" set="0"/>
          <p>606 30 888 628 30 889 607 30 890 608 30 891 649 30 892 638 30 893 563 33 894 571 33 895 561 33 896 603 267 897 598 267 898 602 267 899 605 268 900 602 268 901 604 268 902 599 269 903 594 269 904 598 269 905 587 270 906 584 270 907 586 270 908 593 271 909 586 271 910 592 271 911 600 272 912 605 272 913 604 272 914 590 273 915 597 273 916 596 273 917 566 274 918 565 274 919 567 274 920 596 275 921 601 275 922 600 275 923 572 276 924 577 276 925 576 276 926 588 277 927 591 277 928 590 277 929 576 278 930 579 278 931 578 278 932 567 33 933 562 33 934 560 33 935 581 279 936 574 279 937 580 279 938 575 280 939 569 280 940 574 280 941 564 281 942 573 281 943 572 281 944 582 282 945 589 282 946 588 282 947 578 283 948 583 283 949 582 283 950 585 284 951 580 284 952 584 284 953 570 285 954 568 285 955 569 285 956 595 286 957 592 286 958 594 286 959 599 287 960 603 287 961 612 287 962 629 223 963 563 223 964 561 223 965 611 30 966 688 30 967 612 30 968 610 30 969 617 30 970 613 30 971 614 222 972 616 222 973 615 222 974 612 223 975 613 223 976 611 223 977 607 223 978 678 223 979 606 223 980 609 222 981 669 222 982 658 222 983 629 288 984 620 288 985 618 288 986 637 289 987 621 289 988 620 289 989 636 290 990 622 290 991 621 290 992 635 291 993 623 291 994 622 291 995 634 292 996 624 292 997 623 292 998 633 293 999 625 293 1000 624 293 1001 632 294 1002 626 294 1003 625 294 1004 631 295 1005 627 295 1006 626 295 1007 630 296 1008 619 296 1009 627 296 1010 639 30 1011 560 30 1012 562 30 1013 639 297 1014 650 297 1015 648 297 1016 647 298 1017 651 298 1018 650 298 1019 646 299 1020 652 299 1021 651 299 1022 645 300 1023 653 300 1024 652 300 1025 644 301 1026 654 301 1027 653 301 1028 654 302 1029 642 302 1030 655 302 1031 655 303 1032 641 303 1033 656 303 1034 641 304 1035 657 304 1036 656 304 1037 640 305 1038 649 305 1039 657 305 1040 659 306 1041 670 306 1042 668 306 1043 667 307 1044 671 307 1045 670 307 1046 666 308 1047 672 308 1048 671 308 1049 665 309 1050 673 309 1051 672 309 1052 664 310 1053 674 310 1054 673 310 1055 663 311 1056 675 311 1057 674 311 1058 662 312 1059 676 312 1060 675 312 1061 661 313 1062 677 313 1063 676 313 1064 660 314 1065 669 314 1066 677 314 1067 615 30 1068 668 30 1069 614 30 1070 679 315 1071 690 315 1072 688 315 1073 687 316 1074 691 316 1075 690 316 1076 686 317 1077 692 317 1078 691 317 1079 685 318 1080 693 318 1081 692 318 1082 684 319 1083 694 319 1084 693 319 1085 683 320 1086 695 320 1087 694 320 1088 682 321 1089 696 321 1090 695 321 1091 681 322 1092 697 322 1093 696 322 1094 680 323 1095 689 323 1096 697 323 1097 590 238 1098 596 238 1099 614 238 1100 606 30 3855 619 30 3856 628 30 3857 608 30 3858 609 30 3859 649 30 3860 563 747 3861 568 747 3862 571 747 3863 603 748 3864 599 748 3865 598 748 3866 605 749 3867 603 749 3868 602 749 3869 599 750 3870 595 750 3871 594 750 3872 587 751 3873 585 751 3874 584 751 3875 593 752 3876 587 752 3877 586 752 3878 600 753 3879 601 753 3880 605 753 3881 590 754 3882 591 754 3883 597 754 3884 566 755 3885 564 755 3886 565 755 3887 596 756 3888 597 756 3889 601 756 3890 572 757 3891 573 757 3892 577 757 3893 588 758 3894 589 758 3895 591 758 3896 576 759 3897 577 759 3898 579 759 3899 567 33 3900 565 33 3901 562 33 3902 581 760 3903 575 760 3904 574 760 3905 575 761 3906 570 761 3907 569 761 3908 564 762 3909 566 762 3910 573 762 3911 582 763 3912 583 763 3913 589 763 3914 578 764 3915 579 764 3916 583 764 3917 585 765 3918 581 765 3919 580 765 3920 570 766 3921 571 766 3922 568 766 3923 595 767 3924 593 767 3925 592 767 3926 567 30 3927 560 30 3928 648 30 3929 648 768 3930 650 768 3931 651 768 3932 651 769 3933 652 769 3934 648 769 3935 652 257 3936 653 257 3937 648 257 3938 653 257 3939 654 257 3940 648 257 3941 654 770 3942 655 770 3943 648 770 3944 655 771 3945 656 771 3946 648 771 3947 656 772 3948 657 772 3949 648 772 3950 657 257 3951 649 257 3952 566 257 3953 649 257 3954 609 257 3955 573 257 3956 566 257 3957 649 257 3958 573 257 3959 609 773 3960 658 773 3961 579 773 3962 658 257 3963 660 257 3964 661 257 3965 579 774 3966 658 774 3967 583 774 3968 661 775 3969 662 775 3970 658 775 3971 662 257 3972 663 257 3973 658 257 3974 663 257 3975 664 257 3976 658 257 3977 664 257 3978 665 257 3979 658 257 3980 665 776 3981 666 776 3982 658 776 3983 666 257 3984 667 257 3985 658 257 3986 667 257 3987 659 257 3988 658 257 3989 615 777 3990 616 777 3991 601 777 3992 616 257 3993 610 257 3994 605 257 3995 659 778 3996 615 778 3997 589 778 3998 583 779 3999 659 779 4000 589 779 4001 567 780 4002 648 780 4003 566 780 4004 566 781 4005 648 781 4006 657 781 4007 583 257 4008 658 257 4009 659 257 4010 616 782 4011 605 782 4012 601 782 4013 610 783 4014 612 783 4015 603 783 4016 605 784 4017 610 784 4018 603 784 4019 612 257 4020 688 257 4021 593 257 4022 593 785 4023 688 785 4024 587 785 4025 688 257 4026 690 257 4027 689 257 4028 690 257 4029 691 257 4030 689 257 4031 691 257 4032 692 257 4033 689 257 4034 692 257 4035 693 257 4036 689 257 4037 693 257 4038 694 257 4039 689 257 4040 694 257 4041 695 257 4042 689 257 4043 695 257 4044 696 257 4045 689 257 4046 696 257 4047 697 257 4048 689 257 4049 689 786 4050 607 786 4051 585 786 4052 607 787 4053 628 787 4054 570 787 4055 628 257 4056 630 257 4057 561 257 4058 607 788 4059 570 788 4060 575 788 4061 630 257 4062 631 257 4063 561 257 4064 631 789 4065 632 789 4066 561 789 4067 561 257 4068 632 257 4069 629 257 4070 632 257 4071 633 257 4072 629 257 4073 633 257 4074 634 257 4075 629 257 4076 634 257 4077 635 257 4078 629 257 4079 635 257 4080 636 257 4081 629 257 4082 636 790 4083 637 790 4084 629 790 4085 561 791 4086 571 791 4087 570 791 4088 561 792 4089 570 792 4090 628 792 4091 689 793 4092 585 793 4093 587 793 4094 689 794 4095 587 794 4096 688 794 4097 607 795 4098 575 795 4099 581 795 4100 577 796 4101 573 796 4102 609 796 4103 579 797 4104 577 797 4105 609 797 4106 607 257 4107 581 257 4108 585 257 4109 591 257 4110 589 257 4111 615 257 4112 593 798 4113 595 798 4114 612 798 4115 595 257 4116 599 257 4117 612 257 4118 597 799 4119 591 799 4120 615 799 4121 601 800 4122 597 800 4123 615 800 4124 629 223 4125 618 223 4126 563 223 4127 611 30 4128 679 30 4129 688 30 4130 610 30 4131 616 30 4132 617 30 4133 614 801 4134 617 801 4135 616 801 4136 612 223 4137 610 223 4138 613 223 4139 607 223 4140 689 223 4141 678 223 4142 609 222 4143 608 222 4144 669 222 4145 629 802 4146 637 802 4147 620 802 4148 637 803 4149 636 803 4150 621 803 4151 636 804 4152 635 804 4153 622 804 4154 635 291 4155 634 291 4156 623 291 4157 634 292 4158 633 292 4159 624 292 4160 633 805 4161 632 805 4162 625 805 4163 632 806 4164 631 806 4165 626 806 4166 631 807 4167 630 807 4168 627 807 4169 630 808 4170 628 808 4171 619 808 4172 639 30 4173 648 30 4174 560 30 4175 639 809 4176 647 809 4177 650 809 4178 647 810 4179 646 810 4180 651 810 4181 646 811 4182 645 811 4183 652 811 4184 645 812 4185 644 812 4186 653 812 4187 644 813 4188 643 813 4189 654 813 4190 654 814 4191 643 814 4192 642 814 4193 655 815 4194 642 815 4195 641 815 4196 641 816 4197 640 816 4198 657 816 4199 640 817 4200 638 817 4201 649 817 4202 659 818 4203 667 818 4204 670 818 4205 667 819 4206 666 819 4207 671 819 4208 666 820 4209 665 820 4210 672 820 4211 665 821 4212 664 821 4213 673 821 4214 664 822 4215 663 822 4216 674 822 4217 663 823 4218 662 823 4219 675 823 4220 662 824 4221 661 824 4222 676 824 4223 661 825 4224 660 825 4225 677 825 4226 660 826 4227 658 826 4228 669 826 4229 615 30 4230 659 30 4231 668 30 4232 679 827 4233 687 827 4234 690 827 4235 687 828 4236 686 828 4237 691 828 4238 686 829 4239 685 829 4240 692 829 4241 685 318 4242 684 318 4243 693 318 4244 684 830 4245 683 830 4246 694 830 4247 683 831 4248 682 831 4249 695 831 4250 682 832 4251 681 832 4252 696 832 4253 681 833 4254 680 833 4255 697 833 4256 680 834 4257 678 834 4258 689 834 4259 568 238 4260 563 238 4261 569 238 4262 563 238 4263 618 238 4264 625 238 4265 569 238 4266 563 238 4267 619 238 4268 618 835 4269 620 835 4270 621 835 4271 621 238 4272 622 238 4273 618 238 4274 622 238 4275 623 238 4276 618 238 4277 623 238 4278 624 238 4279 618 238 4280 624 836 4281 625 836 4282 618 836 4283 625 238 4284 626 238 4285 563 238 4286 626 837 4287 627 837 4288 563 837 4289 627 838 4290 619 838 4291 563 838 4292 619 238 4293 606 238 4294 569 238 4295 606 238 4296 678 238 4297 584 238 4298 678 238 4299 680 238 4300 681 238 4301 584 238 4302 678 238 4303 586 238 4304 681 238 4305 682 238 4306 678 238 4307 682 238 4308 683 238 4309 678 238 4310 683 839 4311 684 839 4312 678 839 4313 684 238 4314 685 238 4315 678 238 4316 685 238 4317 686 238 4318 678 238 4319 686 238 4320 687 238 4321 678 238 4322 687 840 4323 679 840 4324 678 840 4325 611 238 4326 613 238 4327 602 238 4328 613 238 4329 617 238 4330 604 238 4331 679 238 4332 611 238 4333 592 238 4334 586 238 4335 679 238 4336 592 238 4337 586 841 4338 678 841 4339 679 841 4340 613 842 4341 604 842 4342 602 842 4343 617 843 4344 614 843 4345 600 843 4346 604 238 4347 617 238 4348 600 238 4349 574 238 4350 569 238 4351 606 238 4352 614 238 4353 668 238 4354 588 238 4355 668 844 4356 670 844 4357 669 844 4358 588 238 4359 668 238 4360 582 238 4361 670 845 4362 671 845 4363 669 845 4364 671 846 4365 672 846 4366 669 846 4367 672 847 4368 673 847 4369 669 847 4370 673 848 4371 674 848 4372 669 848 4373 674 849 4374 675 849 4375 669 849 4376 675 238 4377 676 238 4378 669 238 4379 676 850 4380 677 850 4381 669 850 4382 608 851 4383 638 851 4384 572 851 4385 638 852 4386 640 852 4387 564 852 4388 669 853 4389 608 853 4390 578 853 4391 580 238 4392 574 238 4393 606 238 4394 584 238 4395 580 238 4396 606 238 4397 582 854 4398 668 854 4399 669 854 4400 669 855 4401 578 855 4402 582 855 4403 638 856 4404 564 856 4405 572 856 4406 640 857 4407 641 857 4408 639 857 4409 564 858 4410 640 858 4411 639 858 4412 641 859 4413 642 859 4414 639 859 4415 642 238 4416 643 238 4417 639 238 4418 643 238 4419 644 238 4420 639 238 4421 644 860 4422 645 860 4423 639 860 4424 645 861 4425 646 861 4426 639 861 4427 646 862 4428 647 862 4429 639 862 4430 639 30 4431 562 30 4432 565 30 4433 639 238 4434 565 238 4435 564 238 4436 608 863 4437 572 863 4438 576 863 4439 608 864 4440 576 864 4441 578 864 4442 594 238 4443 592 238 4444 611 238 4445 598 865 4446 594 865 4447 611 865 4448 602 238 4449 598 238 4450 611 238 4451 588 866 4452 590 866 4453 614 866 4454 600 238 4455 614 238 4456 596 238 4457</p>
        </triangles>
        <triangles material="Material_005-material" count="156">
          <input semantic="VERTEX" source="#Cylinder_015-mesh-vertices" offset="0"/>
          <input semantic="NORMAL" source="#Cylinder_015-mesh-normals" offset="1"/>
          <input semantic="TEXCOORD" source="#Cylinder_015-mesh-map-0" offset="2" set="0"/>
          <p>699 257 1101 753 257 1102 704 257 1103 698 324 1104 706 324 1105 769 324 1106 700 325 1107 707 325 1108 702 325 1109 740 238 1110 754 238 1111 731 238 1112 767 326 1113 762 326 1114 700 326 1115 741 327 1116 770 327 1117 704 327 1118 771 328 1119 775 328 1120 707 328 1121 756 329 1122 750 329 1123 707 329 1124 711 330 1125 722 330 1126 720 330 1127 719 331 1128 723 331 1129 722 331 1130 718 332 1131 724 332 1132 723 332 1133 717 333 1134 725 333 1135 724 333 1136 716 334 1137 726 334 1138 725 334 1139 715 335 1140 727 335 1141 726 335 1142 714 336 1143 728 336 1144 727 336 1145 713 337 1146 729 337 1147 728 337 1148 712 338 1149 721 338 1150 729 338 1151 702 339 1152 773 339 1153 730 339 1154 731 340 1155 742 340 1156 740 340 1157 739 341 1158 743 341 1159 742 341 1160 738 342 1161 744 342 1162 743 342 1163 737 343 1164 745 343 1165 744 343 1166 736 344 1167 746 344 1168 745 344 1169 735 345 1170 747 345 1171 746 345 1172 734 346 1173 748 346 1174 747 346 1175 733 347 1176 749 347 1177 748 347 1178 732 348 1179 741 348 1180 749 348 1181 700 349 1182 702 349 1183 757 349 1184 755 350 1185 751 350 1186 754 350 1187 720 351 1188 722 351 1189 705 351 1190 757 352 1191 750 352 1192 756 352 1193 758 238 1194 710 238 1195 760 238 1196 761 257 1197 705 257 1198 759 257 1199 761 353 1200 758 353 1201 760 353 1202 774 30 1203 703 30 1204 708 30 1205 764 30 1206 701 30 1207 763 30 1208 775 354 1209 776 354 1210 774 354 1211 767 355 1212 768 355 1213 769 355 1214 771 356 1215 772 356 1216 773 356 1217 775 30 1218 773 30 1219 777 30 1220 765 238 1221 763 238 1222 762 238 1223 762 30 1224 769 30 1225 765 30 1226 699 257 4458 755 257 4459 753 257 4460 706 867 4461 709 867 4462 765 867 4463 709 868 4464 764 868 4465 765 868 4466 768 223 4467 705 223 4468 769 223 4469 705 223 4470 698 223 4471 769 223 4472 706 869 4473 765 869 4474 769 869 4475 700 870 4476 701 870 4477 706 870 4478 701 871 4479 709 871 4480 706 871 4481 708 871 4482 703 871 4483 707 871 4484 703 872 4485 702 872 4486 707 872 4487 700 873 4488 706 873 4489 707 873 4490 740 238 4491 752 238 4492 754 238 4493 711 222 4494 720 222 4495 767 222 4496 720 222 4497 766 222 4498 767 222 4499 763 222 4500 701 222 4501 762 222 4502 701 222 4503 700 222 4504 762 222 4505 711 874 4506 767 874 4507 700 874 4508 752 875 4509 740 875 4510 753 875 4511 740 876 4512 742 876 4513 704 876 4514 742 877 4515 743 877 4516 704 877 4517 743 878 4518 744 878 4519 704 878 4520 744 879 4521 745 879 4522 704 879 4523 745 880 4524 746 880 4525 704 880 4526 746 881 4527 747 881 4528 704 881 4529 747 882 4530 748 882 4531 704 882 4532 748 883 4533 749 883 4534 704 883 4535 749 884 4536 741 884 4537 704 884 4538 741 30 4539 772 30 4540 770 30 4541 704 885 4542 753 885 4543 740 885 4544 699 222 4545 704 222 4546 771 222 4547 704 222 4548 770 222 4549 771 222 4550 774 886 4551 708 886 4552 775 886 4553 708 222 4554 707 222 4555 775 222 4556 699 887 4557 771 887 4558 707 887 4559 706 888 4560 698 888 4561 756 888 4562 698 889 4563 761 889 4564 756 889 4565 755 890 4566 699 890 4567 750 890 4568 699 891 4569 707 891 4570 750 891 4571 706 892 4572 756 892 4573 707 892 4574 711 893 4575 719 893 4576 722 893 4577 719 331 4578 718 331 4579 723 331 4580 718 894 4581 717 894 4582 724 894 4583 717 895 4584 716 895 4585 725 895 4586 716 896 4587 715 896 4588 726 896 4589 715 335 4590 714 335 4591 727 335 4592 714 897 4593 713 897 4594 728 897 4595 713 898 4596 712 898 4597 729 898 4598 712 899 4599 710 899 4600 721 899 4601 702 900 4602 703 900 4603 777 900 4604 703 901 4605 776 901 4606 777 901 4607 772 902 4608 741 902 4609 773 902 4610 741 903 4611 730 903 4612 773 903 4613 702 904 4614 777 904 4615 773 904 4616 731 340 4617 739 340 4618 742 340 4619 739 341 4620 738 341 4621 743 341 4622 738 905 4623 737 905 4624 744 905 4625 737 343 4626 736 343 4627 745 343 4628 736 906 4629 735 906 4630 746 906 4631 735 345 4632 734 345 4633 747 345 4634 734 907 4635 733 907 4636 748 907 4637 733 347 4638 732 347 4639 749 347 4640 732 908 4641 730 908 4642 741 908 4643 702 909 4644 730 909 4645 751 909 4646 730 910 4647 732 910 4648 731 910 4649 751 911 4650 730 911 4651 754 911 4652 732 33 4653 733 33 4654 731 33 4655 733 912 4656 734 912 4657 731 912 4658 734 913 4659 735 913 4660 731 913 4661 735 33 4662 736 33 4663 731 33 4664 736 33 4665 737 33 4666 731 33 4667 737 914 4668 738 914 4669 731 914 4670 738 915 4671 739 915 4672 731 915 4673 731 33 4674 754 33 4675 730 33 4676 757 916 4677 760 916 4678 711 916 4679 760 33 4680 710 33 4681 711 33 4682 711 917 4683 710 917 4684 719 917 4685 710 33 4686 712 33 4687 713 33 4688 719 33 4689 710 33 4690 718 33 4691 710 918 4692 713 918 4693 714 918 4694 710 919 4695 714 919 4696 715 919 4697 710 920 4698 715 920 4699 716 920 4700 710 921 4701 716 921 4702 717 921 4703 702 922 4704 751 922 4705 757 922 4706 711 923 4707 700 923 4708 757 923 4709 717 924 4710 718 924 4711 710 924 4712 755 925 4713 750 925 4714 751 925 4715 754 926 4716 752 926 4717 755 926 4718 752 927 4719 753 927 4720 755 927 4721 721 928 4722 758 928 4723 759 928 4724 705 929 4725 768 929 4726 720 929 4727 768 30 4728 766 30 4729 720 30 4730 721 885 4731 759 885 4732 705 885 4733 728 930 4734 729 930 4735 705 930 4736 729 931 4737 721 931 4738 705 931 4739 726 932 4740 727 932 4741 705 932 4742 727 933 4743 728 933 4744 705 933 4745 724 934 4746 725 934 4747 705 934 4748 725 935 4749 726 935 4750 705 935 4751 722 936 4752 723 936 4753 705 936 4754 723 937 4755 724 937 4756 705 937 4757 757 238 4758 751 238 4759 750 238 4760 758 238 4761 721 238 4762 710 238 4763 761 257 4764 698 257 4765 705 257 4766 760 938 4767 757 938 4768 761 938 4769 757 939 4770 756 939 4771 761 939 4772 761 940 4773 759 940 4774 758 940 4775 774 30 4776 776 30 4777 703 30 4778 764 30 4779 709 30 4780 701 30 4781 775 238 4782 777 238 4783 776 238 4784 767 257 4785 766 257 4786 768 257 4787 771 257 4788 770 257 4789 772 257 4790 775 30 4791 771 30 4792 773 30 4793 765 941 4794 764 941 4795 763 941 4796 762 30 4797 767 30 4798 769 30 4799</p>
        </triangles>
        <triangles material="Material_007-material" count="156">
          <input semantic="VERTEX" source="#Cylinder_015-mesh-vertices" offset="0"/>
          <input semantic="NORMAL" source="#Cylinder_015-mesh-normals" offset="1"/>
          <input semantic="TEXCOORD" source="#Cylinder_015-mesh-map-0" offset="2" set="0"/>
          <p>828 223 1227 798 223 1228 819 223 1229 808 238 1230 778 238 1231 799 238 1232 838 33 1233 839 33 1234 819 33 1235 779 357 1236 790 357 1237 788 357 1238 787 358 1239 791 358 1240 790 358 1241 786 359 1242 792 359 1243 791 359 1244 785 360 1245 793 360 1246 792 360 1247 784 361 1248 794 361 1249 793 361 1250 783 362 1251 795 362 1252 794 362 1253 782 363 1254 796 363 1255 795 363 1256 781 364 1257 797 364 1258 796 364 1259 780 365 1260 789 365 1261 797 365 1262 799 366 1263 810 366 1264 808 366 1265 807 367 1266 811 367 1267 810 367 1268 806 368 1269 812 368 1270 811 368 1271 805 369 1272 813 369 1273 812 369 1274 804 370 1275 814 370 1276 813 370 1277 803 371 1278 815 371 1279 814 371 1280 802 372 1281 816 372 1282 815 372 1283 801 373 1284 817 373 1285 816 373 1286 800 374 1287 809 374 1288 817 374 1289 788 222 1290 838 222 1291 779 222 1292 819 375 1293 830 375 1294 828 375 1295 827 376 1296 831 376 1297 830 376 1298 826 377 1299 832 377 1300 831 377 1301 825 378 1302 833 378 1303 832 378 1304 824 379 1305 834 379 1306 833 379 1307 823 380 1308 835 380 1309 834 380 1310 822 381 1311 836 381 1312 835 381 1313 821 382 1314 837 382 1315 836 382 1316 820 383 1317 829 383 1318 837 383 1319 796 384 1320 797 384 1321 789 384 1322 849 385 1323 840 385 1324 838 385 1325 857 386 1326 841 386 1327 840 386 1328 856 387 1329 842 387 1330 841 387 1331 855 388 1332 843 388 1333 842 388 1334 854 389 1335 844 389 1336 843 389 1337 853 390 1338 845 390 1339 844 390 1340 852 391 1341 846 391 1342 845 391 1343 851 392 1344 847 392 1345 846 392 1346 850 393 1347 839 393 1348 847 393 1349 848 257 1350 818 257 1351 839 257 1352 828 223 4800 809 223 4801 798 223 4802 808 238 4803 789 238 4804 778 238 4805 839 942 4806 818 942 4807 819 942 4808 818 943 4809 820 943 4810 821 943 4811 826 33 4812 818 33 4813 825 33 4814 821 33 4815 822 33 4816 818 33 4817 822 944 4818 823 944 4819 818 944 4820 823 945 4821 824 945 4822 818 945 4823 824 33 4824 825 33 4825 818 33 4826 826 33 4827 827 33 4828 818 33 4829 827 33 4830 819 33 4831 818 33 4832 819 33 4833 798 33 4834 838 33 4835 798 33 4836 800 33 4837 799 33 4838 838 33 4839 798 33 4840 779 33 4841 800 946 4842 801 946 4843 799 946 4844 801 947 4845 802 947 4846 799 947 4847 802 33 4848 803 33 4849 799 33 4850 803 33 4851 804 33 4852 799 33 4853 804 33 4854 805 33 4855 799 33 4856 805 948 4857 806 948 4858 799 948 4859 806 33 4860 807 33 4861 799 33 4862 799 949 4863 778 949 4864 779 949 4865 778 950 4866 780 950 4867 781 950 4868 782 33 4869 778 33 4870 781 33 4871 782 33 4872 783 33 4873 778 33 4874 783 33 4875 784 33 4876 778 33 4877 784 33 4878 785 33 4879 778 33 4880 785 33 4881 786 33 4882 778 33 4883 786 951 4884 787 951 4885 778 951 4886 787 952 4887 779 952 4888 778 952 4889 838 953 4890 840 953 4891 839 953 4892 779 954 4893 798 954 4894 799 954 4895 840 33 4896 841 33 4897 839 33 4898 841 33 4899 842 33 4900 839 33 4901 842 33 4902 843 33 4903 839 33 4904 843 33 4905 844 33 4906 839 33 4907 844 955 4908 845 955 4909 839 955 4910 845 33 4911 846 33 4912 839 33 4913 846 956 4914 847 956 4915 839 956 4916 779 957 4917 787 957 4918 790 957 4919 787 958 4920 786 958 4921 791 958 4922 786 959 4923 785 959 4924 792 959 4925 785 960 4926 784 960 4927 793 960 4928 784 961 4929 783 961 4930 794 961 4931 783 962 4932 782 962 4933 795 962 4934 782 963 4935 781 963 4936 796 963 4937 781 964 4938 780 964 4939 797 964 4940 780 965 4941 778 965 4942 789 965 4943 799 966 4944 807 966 4945 810 966 4946 807 967 4947 806 967 4948 811 967 4949 806 968 4950 805 968 4951 812 968 4952 805 969 4953 804 969 4954 813 969 4955 804 970 4956 803 970 4957 814 970 4958 803 971 4959 802 971 4960 815 971 4961 802 972 4962 801 972 4963 816 972 4964 801 973 4965 800 973 4966 817 973 4967 800 974 4968 798 974 4969 809 974 4970 788 222 4971 849 222 4972 838 222 4973 819 975 4974 827 975 4975 830 975 4976 827 976 4977 826 976 4978 831 976 4979 826 977 4980 825 977 4981 832 977 4982 825 978 4983 824 978 4984 833 978 4985 824 979 4986 823 979 4987 834 979 4988 823 380 4989 822 380 4990 835 380 4991 822 980 4992 821 980 4993 836 980 4994 821 981 4995 820 981 4996 837 981 4997 820 982 4998 818 982 4999 829 982 5000 789 30 5001 808 30 5002 788 30 5003 808 983 5004 810 983 5005 811 983 5006 816 30 5007 808 30 5008 815 30 5009 811 30 5010 812 30 5011 808 30 5012 812 30 5013 813 30 5014 808 30 5015 813 30 5016 814 30 5017 808 30 5018 814 30 5019 815 30 5020 808 30 5021 816 30 5022 817 30 5023 808 30 5024 817 984 5025 809 984 5026 808 984 5027 809 30 5028 828 30 5029 849 30 5030 828 985 5031 830 985 5032 829 985 5033 849 30 5034 828 30 5035 848 30 5036 830 30 5037 831 30 5038 829 30 5039 831 30 5040 832 30 5041 829 30 5042 832 30 5043 833 30 5044 829 30 5045 833 30 5046 834 30 5047 829 30 5048 834 30 5049 835 30 5050 829 30 5051 835 986 5052 836 986 5053 829 986 5054 836 987 5055 837 987 5056 829 987 5057 829 30 5058 848 30 5059 828 30 5060 848 30 5061 850 30 5062 851 30 5063 852 30 5064 848 30 5065 851 30 5066 852 30 5067 853 30 5068 848 30 5069 853 30 5070 854 30 5071 848 30 5072 854 30 5073 855 30 5074 848 30 5075 855 988 5076 856 988 5077 848 988 5078 856 30 5079 857 30 5080 848 30 5081 857 30 5082 849 30 5083 848 30 5084 849 30 5085 788 30 5086 809 30 5087 788 30 5088 790 30 5089 789 30 5090 809 30 5091 788 30 5092 808 30 5093 790 30 5094 791 30 5095 789 30 5096 791 30 5097 792 30 5098 789 30 5099 792 30 5100 793 30 5101 789 30 5102 793 989 5103 794 989 5104 789 989 5105 794 30 5106 795 30 5107 789 30 5108 795 990 5109 796 990 5110 789 990 5111 849 991 5112 857 991 5113 840 991 5114 857 992 5115 856 992 5116 841 992 5117 856 993 5118 855 993 5119 842 993 5120 855 994 5121 854 994 5122 843 994 5123 854 995 5124 853 995 5125 844 995 5126 853 996 5127 852 996 5128 845 996 5129 852 997 5130 851 997 5131 846 997 5132 851 998 5133 850 998 5134 847 998 5135 850 999 5136 848 999 5137 839 999 5138 848 257 5139 829 257 5140 818 257 5141</p>
        </triangles>
        <triangles material="Material_008-material" count="156">
          <input semantic="VERTEX" source="#Cylinder_015-mesh-vertices" offset="0"/>
          <input semantic="NORMAL" source="#Cylinder_015-mesh-normals" offset="1"/>
          <input semantic="TEXCOORD" source="#Cylinder_015-mesh-map-0" offset="2" set="0"/>
          <p>916 394 1353 917 394 1354 908 394 1355 886 33 1356 887 33 1357 878 33 1358 859 395 1359 870 395 1360 868 395 1361 867 396 1362 871 396 1363 870 396 1364 866 397 1365 872 397 1366 871 397 1367 865 398 1368 873 398 1369 872 398 1370 864 399 1371 874 399 1372 873 399 1373 863 400 1374 875 400 1375 874 400 1376 862 401 1377 876 401 1378 875 401 1379 861 402 1380 877 402 1381 876 402 1382 860 403 1383 869 403 1384 877 403 1385 928 223 1386 858 223 1387 919 223 1388 889 404 1389 880 404 1390 878 404 1391 897 405 1392 881 405 1393 880 405 1394 896 406 1395 882 406 1396 881 406 1397 895 407 1398 883 407 1399 882 407 1400 894 408 1401 884 408 1402 883 408 1403 893 409 1404 885 409 1405 884 409 1406 892 410 1407 886 410 1408 885 410 1409 891 411 1410 887 411 1411 886 411 1412 890 412 1413 879 412 1414 887 412 1415 908 222 1416 878 222 1417 899 222 1418 899 413 1419 910 413 1420 908 413 1421 910 414 1422 906 414 1423 911 414 1424 906 415 1425 912 415 1426 911 415 1427 905 416 1428 913 416 1429 912 416 1430 904 417 1431 914 417 1432 913 417 1433 903 418 1434 915 418 1435 914 418 1436 902 419 1437 916 419 1438 915 419 1439 901 420 1440 917 420 1441 916 420 1442 900 421 1443 909 421 1444 917 421 1445 868 238 1446 898 238 1447 859 238 1448 928 422 1449 927 422 1450 930 422 1451 927 423 1452 931 423 1453 930 423 1454 926 424 1455 932 424 1456 931 424 1457 925 425 1458 933 425 1459 932 425 1460 924 426 1461 934 426 1462 933 426 1463 923 427 1464 935 427 1465 934 427 1466 922 428 1467 936 428 1468 935 428 1469 921 429 1470 937 429 1471 936 429 1472 920 430 1473 929 430 1474 937 430 1475 888 257 1476 918 257 1477 879 257 1478 909 1000 5142 868 1000 5143 929 1000 5144 868 1001 5145 870 1001 5146 869 1001 5147 929 1002 5148 868 1002 5149 928 1002 5150 870 30 5151 871 30 5152 869 30 5153 871 30 5154 872 30 5155 869 30 5156 872 30 5157 873 30 5158 869 30 5159 873 30 5160 874 30 5161 869 30 5162 874 1003 5163 875 1003 5164 869 1003 5165 875 1004 5166 876 1004 5167 869 1004 5168 876 1005 5169 877 1005 5170 869 1005 5171 869 30 5172 928 30 5173 868 30 5174 928 1006 5175 930 1006 5176 931 1006 5177 929 30 5178 928 30 5179 937 30 5180 931 30 5181 932 30 5182 928 30 5183 932 30 5184 933 30 5185 928 30 5186 933 30 5187 934 30 5188 928 30 5189 934 1007 5190 935 1007 5191 928 1007 5192 935 1008 5193 936 1008 5194 928 1008 5195 936 30 5196 937 30 5197 928 30 5198 929 1009 5199 888 1009 5200 909 1009 5201 888 1010 5202 890 1010 5203 889 1010 5204 909 30 5205 888 30 5206 908 30 5207 890 1011 5208 891 1011 5209 889 1011 5210 891 1012 5211 892 1012 5212 889 1012 5213 892 30 5214 893 30 5215 889 30 5216 893 30 5217 894 30 5218 889 30 5219 894 1013 5220 895 1013 5221 889 1013 5222 895 30 5223 896 30 5224 889 30 5225 896 1014 5226 897 1014 5227 889 1014 5228 889 30 5229 908 30 5230 888 30 5231 908 30 5232 910 30 5233 911 30 5234 909 30 5235 908 30 5236 917 30 5237 911 30 5238 912 30 5239 908 30 5240 912 1015 5241 913 1015 5242 908 1015 5243 913 1016 5244 914 1016 5245 908 1016 5246 914 30 5247 915 30 5248 908 30 5249 915 30 5250 916 30 5251 908 30 5252 879 33 5253 918 33 5254 898 33 5255 918 33 5256 920 33 5257 919 33 5258 859 33 5259 918 33 5260 919 33 5261 920 33 5262 921 33 5263 919 33 5264 921 33 5265 922 33 5266 919 33 5267 922 33 5268 923 33 5269 919 33 5270 923 33 5271 924 33 5272 919 33 5273 924 1017 5274 925 1017 5275 919 1017 5276 925 33 5277 926 33 5278 919 33 5279 926 1018 5280 927 1018 5281 919 1018 5282 919 33 5283 858 33 5284 859 33 5285 858 33 5286 860 33 5287 861 33 5288 859 33 5289 858 33 5290 867 33 5291 861 1019 5292 862 1019 5293 858 1019 5294 862 33 5295 863 33 5296 858 33 5297 863 33 5298 864 33 5299 858 33 5300 864 33 5301 865 33 5302 858 33 5303 865 1020 5304 866 1020 5305 858 1020 5306 866 33 5307 867 33 5308 858 33 5309 859 33 5310 898 33 5311 918 33 5312 898 1021 5313 900 1021 5314 899 1021 5315 879 33 5316 898 33 5317 899 33 5318 900 33 5319 901 33 5320 899 33 5321 901 1022 5322 902 1022 5323 899 1022 5324 902 1023 5325 903 1023 5326 899 1023 5327 903 1024 5328 904 1024 5329 899 1024 5330 904 1025 5331 905 1025 5332 899 1025 5333 905 1026 5334 906 1026 5335 899 1026 5336 906 1027 5337 907 1027 5338 899 1027 5339 899 33 5340 878 33 5341 879 33 5342 878 33 5343 880 33 5344 881 33 5345 879 33 5346 878 33 5347 887 33 5348 881 33 5349 882 33 5350 878 33 5351 882 1028 5352 883 1028 5353 878 1028 5354 883 1029 5355 884 1029 5356 878 1029 5357 884 1030 5358 885 1030 5359 878 1030 5360 885 33 5361 886 33 5362 878 33 5363 859 1031 5364 867 1031 5365 870 1031 5366 867 1032 5367 866 1032 5368 871 1032 5369 866 397 5370 865 397 5371 872 397 5372 865 398 5373 864 398 5374 873 398 5375 864 1033 5376 863 1033 5377 874 1033 5378 863 400 5379 862 400 5380 875 400 5381 862 1034 5382 861 1034 5383 876 1034 5384 861 1035 5385 860 1035 5386 877 1035 5387 860 1036 5388 858 1036 5389 869 1036 5390 928 223 5391 869 223 5392 858 223 5393 889 1037 5394 897 1037 5395 880 1037 5396 897 1038 5397 896 1038 5398 881 1038 5399 896 1039 5400 895 1039 5401 882 1039 5402 895 1040 5403 894 1040 5404 883 1040 5405 894 1041 5406 893 1041 5407 884 1041 5408 893 1042 5409 892 1042 5410 885 1042 5411 892 1043 5412 891 1043 5413 886 1043 5414 891 1044 5415 890 1044 5416 887 1044 5417 890 1045 5418 888 1045 5419 879 1045 5420 908 1046 5421 889 1046 5422 878 1046 5423 899 1047 5424 907 1047 5425 910 1047 5426 910 414 5427 907 414 5428 906 414 5429 906 1048 5430 905 1048 5431 912 1048 5432 905 1049 5433 904 1049 5434 913 1049 5435 904 1050 5436 903 1050 5437 914 1050 5438 903 1051 5439 902 1051 5440 915 1051 5441 902 1052 5442 901 1052 5443 916 1052 5444 901 1053 5445 900 1053 5446 917 1053 5447 900 1054 5448 898 1054 5449 909 1054 5450 868 238 5451 909 238 5452 898 238 5453 928 1055 5454 919 1055 5455 927 1055 5456 927 1056 5457 926 1056 5458 931 1056 5459 926 1057 5460 925 1057 5461 932 1057 5462 925 1058 5463 924 1058 5464 933 1058 5465 924 1059 5466 923 1059 5467 934 1059 5468 923 1060 5469 922 1060 5470 935 1060 5471 922 1061 5472 921 1061 5473 936 1061 5474 921 1062 5475 920 1062 5476 937 1062 5477 920 1063 5478 918 1063 5479 929 1063 5480 888 257 5481 929 257 5482 918 257 5483</p>
        </triangles>
      </mesh>
    </geometry>
  </library_geometries>
  <library_visual_scenes>
    <visual_scene id="Scene" name="Scene">
      <node id="Cylinder_002" name="Cylinder.002" type="NODE">
        <matrix sid="transform">-0.97 0 0 -16.83852 0 -1 0 11 0 0 -1.17183 32.4488 0 0 0 1</matrix>
        <instance_geometry url="#Cylinder_015-mesh" name="Cylinder.002">
          <bind_material>
            <technique_common>
              <instance_material symbol="Material-material" target="#Material-material">
                <bind_vertex_input semantic="UVMap" input_semantic="TEXCOORD" input_set="0"/>
              </instance_material>
              <instance_material symbol="Material_010-material" target="#Material_010-material">
                <bind_vertex_input semantic="UVMap" input_semantic="TEXCOORD" input_set="0"/>
              </instance_material>
              <instance_material symbol="Material_009-material" target="#Material_009-material">
                <bind_vertex_input semantic="UVMap" input_semantic="TEXCOORD" input_set="0"/>
              </instance_material>
              <instance_material symbol="Material_002-material" target="#Material_002-material">
                <bind_vertex_input semantic="UVMap" input_semantic="TEXCOORD" input_set="0"/>
              </instance_material>
              <instance_material symbol="Material_003-material" target="#Material_003-material">
                <bind_vertex_input semantic="UVMap" input_semantic="TEXCOORD" input_set="0"/>
              </instance_material>
              <instance_material symbol="Material_006-material" target="#Material_006-material">
                <bind_vertex_input semantic="UVMap" input_semantic="TEXCOORD" input_set="0"/>
              </instance_material>
              <instance_material symbol="Material_005-material" target="#Material_005-material">
                <bind_vertex_input semantic="UVMap" input_semantic="TEXCOORD" input_set="0"/>
              </instance_material>
              <instance_material symbol="Material_007-material" target="#Material_007-material">
                <bind_vertex_input semantic="UVMap" input_semantic="TEXCOORD" input_set="0"/>
              </instance_material>
              <instance_material symbol="Material_008-material" target="#Material_008-material">
                <bind_vertex_input semantic="UVMap" input_semantic="TEXCOORD" input_set="0"/>
              </instance_material>
            </technique_common>
          </bind_material>
        </instance_geometry>
      </node>
    </visual_scene>
  </library_visual_scenes>
  <scene>
    <instance_visual_scene url="#Scene"/>
  </scene>
</COLLADA>